corruption,metric,layer,head,position,effect,published_class
random_random,logit_diff,0,0,A_def,0.002728,
random_random,logit_diff,0,0,B_def,0.003052,
random_random,logit_diff,0,0,comma_B,0.000169,
random_random,logit_diff,0,0,C_def,0.047643,
random_random,logit_diff,0,0,A_doc,0.000467,
random_random,logit_diff,0,0,B_doc,0.005655,
random_random,logit_diff,0,0,END,-0.000012,
random_random,logit_diff,0,1,A_def,0.009619,
random_random,logit_diff,0,1,B_def,0.013236,
random_random,logit_diff,0,1,comma_B,-0.000004,
random_random,logit_diff,0,1,C_def,0.028231,
random_random,logit_diff,0,1,A_doc,-0.006490,
random_random,logit_diff,0,1,B_doc,-0.022800,
random_random,logit_diff,0,1,END,-0.000077,
random_random,logit_diff,0,2,A_def,0.000047,
random_random,logit_diff,0,2,B_def,-0.001288,
random_random,logit_diff,0,2,comma_B,0.000780,
random_random,logit_diff,0,2,C_def,0.002293,
random_random,logit_diff,0,2,A_doc,0.000386,
random_random,logit_diff,0,2,B_doc,0.003029,
random_random,logit_diff,0,2,END,0.000303,
random_random,logit_diff,0,3,A_def,0.001805,
random_random,logit_diff,0,3,B_def,0.001303,
random_random,logit_diff,0,3,comma_B,0.000052,
random_random,logit_diff,0,3,C_def,0.000404,
random_random,logit_diff,0,3,A_doc,-0.000552,
random_random,logit_diff,0,3,B_doc,-0.000097,
random_random,logit_diff,0,3,END,0.000154,
random_random,logit_diff,0,4,A_def,-0.000032,
random_random,logit_diff,0,4,B_def,0.000197,
random_random,logit_diff,0,4,comma_B,-0.000957,
random_random,logit_diff,0,4,C_def,0.000240,
random_random,logit_diff,0,4,A_doc,0.000195,
random_random,logit_diff,0,4,B_doc,0.000890,
random_random,logit_diff,0,4,END,0.001055,
random_random,logit_diff,0,5,A_def,0.013968,duplicate token
random_random,logit_diff,0,5,B_def,0.024740,duplicate token
random_random,logit_diff,0,5,comma_B,-0.000005,duplicate token
random_random,logit_diff,0,5,C_def,0.088846,duplicate token
random_random,logit_diff,0,5,A_doc,0.005403,duplicate token
random_random,logit_diff,0,5,B_doc,0.031194,duplicate token
random_random,logit_diff,0,5,END,-0.000033,duplicate token
random_random,logit_diff,0,6,A_def,-0.001449,
random_random,logit_diff,0,6,B_def,-0.000412,
random_random,logit_diff,0,6,comma_B,-0.000027,
random_random,logit_diff,0,6,C_def,0.002265,
random_random,logit_diff,0,6,A_doc,-0.000912,
random_random,logit_diff,0,6,B_doc,-0.000035,
random_random,logit_diff,0,6,END,-0.000335,
random_random,logit_diff,0,7,A_def,-0.002168,
random_random,logit_diff,0,7,B_def,0.002597,
random_random,logit_diff,0,7,comma_B,0.000072,
random_random,logit_diff,0,7,C_def,0.004526,
random_random,logit_diff,0,7,A_doc,0.000606,
random_random,logit_diff,0,7,B_doc,0.000008,
random_random,logit_diff,0,7,END,0.000050,
random_random,logit_diff,1,0,A_def,-0.001027,
random_random,logit_diff,1,0,B_def,0.001573,
random_random,logit_diff,1,0,comma_B,0.002425,
random_random,logit_diff,1,0,C_def,0.009206,
random_random,logit_diff,1,0,A_doc,0.000257,
random_random,logit_diff,1,0,B_doc,0.000100,
random_random,logit_diff,1,0,END,-0.000031,
random_random,logit_diff,1,1,A_def,-0.001699,
random_random,logit_diff,1,1,B_def,0.003610,
random_random,logit_diff,1,1,comma_B,-0.000456,
random_random,logit_diff,1,1,C_def,0.001594,
random_random,logit_diff,1,1,A_doc,0.000139,
random_random,logit_diff,1,1,B_doc,0.000917,
random_random,logit_diff,1,1,END,0.000785,
random_random,logit_diff,1,2,A_def,-0.001567,duplicate token
random_random,logit_diff,1,2,B_def,0.002502,duplicate token
random_random,logit_diff,1,2,comma_B,-0.000101,duplicate token
random_random,logit_diff,1,2,C_def,-0.006331,duplicate token
random_random,logit_diff,1,2,A_doc,-0.011033,duplicate token
random_random,logit_diff,1,2,B_doc,-0.015973,duplicate token
random_random,logit_diff,1,2,END,0.000450,duplicate token
random_random,logit_diff,1,3,A_def,0.001769,
random_random,logit_diff,1,3,B_def,0.000066,
random_random,logit_diff,1,3,comma_B,-0.000267,
random_random,logit_diff,1,3,C_def,0.004703,
random_random,logit_diff,1,3,A_doc,0.000614,
random_random,logit_diff,1,3,B_doc,0.001359,
random_random,logit_diff,1,3,END,0.002866,
random_random,logit_diff,1,4,A_def,-0.000124,induction + fuzzy previous token
random_random,logit_diff,1,4,B_def,0.000106,induction + fuzzy previous token
random_random,logit_diff,1,4,comma_B,-0.002344,induction + fuzzy previous token
random_random,logit_diff,1,4,C_def,0.000950,induction + fuzzy previous token
random_random,logit_diff,1,4,A_doc,-0.000029,induction + fuzzy previous token
random_random,logit_diff,1,4,B_doc,0.000007,induction + fuzzy previous token
random_random,logit_diff,1,4,END,-0.015609,induction + fuzzy previous token
random_random,logit_diff,1,5,A_def,0.005124,
random_random,logit_diff,1,5,B_def,0.006714,
random_random,logit_diff,1,5,comma_B,-0.000245,
random_random,logit_diff,1,5,C_def,0.000772,
random_random,logit_diff,1,5,A_doc,0.000448,
random_random,logit_diff,1,5,B_doc,-0.001475,
random_random,logit_diff,1,5,END,-0.000499,
random_random,logit_diff,1,6,A_def,0.000094,
random_random,logit_diff,1,6,B_def,-0.000948,
random_random,logit_diff,1,6,comma_B,-0.000215,
random_random,logit_diff,1,6,C_def,0.000182,
random_random,logit_diff,1,6,A_doc,-0.000137,
random_random,logit_diff,1,6,B_doc,0.000074,
random_random,logit_diff,1,6,END,-0.000059,
random_random,logit_diff,1,7,A_def,-0.000288,
random_random,logit_diff,1,7,B_def,0.002671,
random_random,logit_diff,1,7,comma_B,0.000353,
random_random,logit_diff,1,7,C_def,0.002849,
random_random,logit_diff,1,7,A_doc,0.000286,
random_random,logit_diff,1,7,B_doc,-0.001751,
random_random,logit_diff,1,7,END,-0.000247,
random_random,logit_diff,2,0,A_def,0.000306,fuzzy previous token
random_random,logit_diff,2,0,B_def,0.005696,fuzzy previous token
random_random,logit_diff,2,0,comma_B,0.000154,fuzzy previous token
random_random,logit_diff,2,0,C_def,-0.002339,fuzzy previous token
random_random,logit_diff,2,0,A_doc,0.000334,fuzzy previous token
random_random,logit_diff,2,0,B_doc,0.000631,fuzzy previous token
random_random,logit_diff,2,0,END,0.000126,fuzzy previous token
random_random,logit_diff,2,1,A_def,0.001021,
random_random,logit_diff,2,1,B_def,0.002770,
random_random,logit_diff,2,1,comma_B,0.000013,
random_random,logit_diff,2,1,C_def,0.003045,
random_random,logit_diff,2,1,A_doc,-0.000329,
random_random,logit_diff,2,1,B_doc,-0.000463,
random_random,logit_diff,2,1,END,-0.002524,
random_random,logit_diff,2,2,A_def,-0.001293,
random_random,logit_diff,2,2,B_def,0.011146,
random_random,logit_diff,2,2,comma_B,-0.000082,
random_random,logit_diff,2,2,C_def,-0.010382,
random_random,logit_diff,2,2,A_doc,-0.000646,
random_random,logit_diff,2,2,B_doc,0.004424,
random_random,logit_diff,2,2,END,0.043588,
random_random,logit_diff,2,3,A_def,0.000306,
random_random,logit_diff,2,3,B_def,0.006434,
random_random,logit_diff,2,3,comma_B,0.000030,
random_random,logit_diff,2,3,C_def,0.031687,
random_random,logit_diff,2,3,A_doc,0.003535,
random_random,logit_diff,2,3,B_doc,0.004458,
random_random,logit_diff,2,3,END,0.114257,
random_random,logit_diff,2,4,A_def,0.000210,
random_random,logit_diff,2,4,B_def,0.000076,
random_random,logit_diff,2,4,comma_B,0.000007,
random_random,logit_diff,2,4,C_def,0.000091,
random_random,logit_diff,2,4,A_doc,-0.000016,
random_random,logit_diff,2,4,B_doc,0.001054,
random_random,logit_diff,2,4,END,-0.007969,
random_random,logit_diff,2,5,A_def,-0.001403,
random_random,logit_diff,2,5,B_def,0.003548,
random_random,logit_diff,2,5,comma_B,0.000005,
random_random,logit_diff,2,5,C_def,0.015509,
random_random,logit_diff,2,5,A_doc,-0.003085,
random_random,logit_diff,2,5,B_doc,-0.003984,
random_random,logit_diff,2,5,END,-0.001931,
random_random,logit_diff,2,6,A_def,0.000669,
random_random,logit_diff,2,6,B_def,0.000345,
random_random,logit_diff,2,6,comma_B,-0.000020,
random_random,logit_diff,2,6,C_def,-0.001027,
random_random,logit_diff,2,6,A_doc,-0.003147,
random_random,logit_diff,2,6,B_doc,0.000478,
random_random,logit_diff,2,6,END,-0.004250,
random_random,logit_diff,2,7,A_def,0.000758,
random_random,logit_diff,2,7,B_def,0.000211,
random_random,logit_diff,2,7,comma_B,0.000000,
random_random,logit_diff,2,7,C_def,0.000072,
random_random,logit_diff,2,7,A_doc,-0.000659,
random_random,logit_diff,2,7,B_doc,-0.001009,
random_random,logit_diff,2,7,END,-0.003288,
random_random,logit_diff,3,0,A_def,0.000000,argument mover
random_random,logit_diff,3,0,B_def,0.000000,argument mover
random_random,logit_diff,3,0,comma_B,0.000000,argument mover
random_random,logit_diff,3,0,C_def,0.000000,argument mover
random_random,logit_diff,3,0,A_doc,0.000000,argument mover
random_random,logit_diff,3,0,B_doc,0.000000,argument mover
random_random,logit_diff,3,0,END,0.588424,argument mover
random_random,logit_diff,3,1,A_def,0.000000,
random_random,logit_diff,3,1,B_def,0.000000,
random_random,logit_diff,3,1,comma_B,0.000000,
random_random,logit_diff,3,1,C_def,0.000000,
random_random,logit_diff,3,1,A_doc,0.000000,
random_random,logit_diff,3,1,B_doc,0.000000,
random_random,logit_diff,3,1,END,-0.001278,
random_random,logit_diff,3,2,A_def,0.000000,
random_random,logit_diff,3,2,B_def,0.000000,
random_random,logit_diff,3,2,comma_B,0.000000,
random_random,logit_diff,3,2,C_def,0.000000,
random_random,logit_diff,3,2,A_doc,0.000000,
random_random,logit_diff,3,2,B_doc,0.000000,
random_random,logit_diff,3,2,END,0.008121,
random_random,logit_diff,3,3,A_def,0.000000,
random_random,logit_diff,3,3,B_def,0.000000,
random_random,logit_diff,3,3,comma_B,0.000000,
random_random,logit_diff,3,3,C_def,0.000000,
random_random,logit_diff,3,3,A_doc,0.000000,
random_random,logit_diff,3,3,B_doc,0.000000,
random_random,logit_diff,3,3,END,0.023843,
random_random,logit_diff,3,4,A_def,0.000000,
random_random,logit_diff,3,4,B_def,0.000000,
random_random,logit_diff,3,4,comma_B,0.000000,
random_random,logit_diff,3,4,C_def,0.000000,
random_random,logit_diff,3,4,A_doc,0.000000,
random_random,logit_diff,3,4,B_doc,0.000000,
random_random,logit_diff,3,4,END,0.009406,
random_random,logit_diff,3,5,A_def,0.000000,
random_random,logit_diff,3,5,B_def,0.000000,
random_random,logit_diff,3,5,comma_B,0.000000,
random_random,logit_diff,3,5,C_def,0.000000,
random_random,logit_diff,3,5,A_doc,0.000000,
random_random,logit_diff,3,5,B_doc,0.000000,
random_random,logit_diff,3,5,END,0.032418,
random_random,logit_diff,3,6,A_def,0.000000,argument mover
random_random,logit_diff,3,6,B_def,0.000000,argument mover
random_random,logit_diff,3,6,comma_B,0.000000,argument mover
random_random,logit_diff,3,6,C_def,0.000000,argument mover
random_random,logit_diff,3,6,A_doc,0.000000,argument mover
random_random,logit_diff,3,6,B_doc,0.000000,argument mover
random_random,logit_diff,3,6,END,0.550798,argument mover
random_random,logit_diff,3,7,A_def,0.000000,
random_random,logit_diff,3,7,B_def,0.000000,
random_random,logit_diff,3,7,comma_B,0.000000,
random_random,logit_diff,3,7,C_def,0.000000,
random_random,logit_diff,3,7,A_doc,0.000000,
random_random,logit_diff,3,7,B_doc,0.000000,
random_random,logit_diff,3,7,END,0.002825,
random_random,kl,0,0,A_def,0.014083,
random_random,kl,0,0,B_def,0.009823,
random_random,kl,0,0,comma_B,-0.000043,
random_random,kl,0,0,C_def,0.034183,
random_random,kl,0,0,A_doc,0.001938,
random_random,kl,0,0,B_doc,0.006031,
random_random,kl,0,0,END,-0.000034,
random_random,kl,0,1,A_def,0.012936,
random_random,kl,0,1,B_def,0.014645,
random_random,kl,0,1,comma_B,-0.000000,
random_random,kl,0,1,C_def,0.019961,
random_random,kl,0,1,A_doc,-0.001455,
random_random,kl,0,1,B_doc,-0.014102,
random_random,kl,0,1,END,-0.000040,
random_random,kl,0,2,A_def,-0.000003,
random_random,kl,0,2,B_def,-0.000678,
random_random,kl,0,2,comma_B,0.001655,
random_random,kl,0,2,C_def,0.001867,
random_random,kl,0,2,A_doc,0.000784,
random_random,kl,0,2,B_doc,0.000765,
random_random,kl,0,2,END,0.000387,
random_random,kl,0,3,A_def,0.000463,
random_random,kl,0,3,B_def,0.001401,
random_random,kl,0,3,comma_B,0.000082,
random_random,kl,0,3,C_def,-0.000259,
random_random,kl,0,3,A_doc,0.000507,
random_random,kl,0,3,B_doc,0.000952,
random_random,kl,0,3,END,0.000213,
random_random,kl,0,4,A_def,-0.000038,
random_random,kl,0,4,B_def,-0.000207,
random_random,kl,0,4,comma_B,-0.000471,
random_random,kl,0,4,C_def,0.000021,
random_random,kl,0,4,A_doc,0.000089,
random_random,kl,0,4,B_doc,0.000372,
random_random,kl,0,4,END,0.001145,
random_random,kl,0,5,A_def,0.033035,duplicate token
random_random,kl,0,5,B_def,0.026601,duplicate token
random_random,kl,0,5,comma_B,-0.000007,duplicate token
random_random,kl,0,5,C_def,0.064011,duplicate token
random_random,kl,0,5,A_doc,0.008603,duplicate token
random_random,kl,0,5,B_doc,0.029735,duplicate token
random_random,kl,0,5,END,-0.000005,duplicate token
random_random,kl,0,6,A_def,0.000483,
random_random,kl,0,6,B_def,-0.000952,
random_random,kl,0,6,comma_B,-0.000029,
random_random,kl,0,6,C_def,0.001894,
random_random,kl,0,6,A_doc,0.001244,
random_random,kl,0,6,B_doc,0.002302,
random_random,kl,0,6,END,-0.000137,
random_random,kl,0,7,A_def,-0.000633,
random_random,kl,0,7,B_def,0.003066,
random_random,kl,0,7,comma_B,0.000046,
random_random,kl,0,7,C_def,0.001892,
random_random,kl,0,7,A_doc,0.001017,
random_random,kl,0,7,B_doc,0.002005,
random_random,kl,0,7,END,0.000013,
random_random,kl,1,0,A_def,0.001928,
random_random,kl,1,0,B_def,0.001207,
random_random,kl,1,0,comma_B,0.000212,
random_random,kl,1,0,C_def,0.008883,
random_random,kl,1,0,A_doc,0.000250,
random_random,kl,1,0,B_doc,0.000881,
random_random,kl,1,0,END,-0.000118,
random_random,kl,1,1,A_def,-0.001151,
random_random,kl,1,1,B_def,0.001149,
random_random,kl,1,1,comma_B,-0.000420,
random_random,kl,1,1,C_def,0.000658,
random_random,kl,1,1,A_doc,0.000595,
random_random,kl,1,1,B_doc,0.000496,
random_random,kl,1,1,END,0.000314,
random_random,kl,1,2,A_def,-0.001975,duplicate token
random_random,kl,1,2,B_def,-0.001187,duplicate token
random_random,kl,1,2,comma_B,0.000081,duplicate token
random_random,kl,1,2,C_def,-0.002826,duplicate token
random_random,kl,1,2,A_doc,-0.005189,duplicate token
random_random,kl,1,2,B_doc,-0.007002,duplicate token
random_random,kl,1,2,END,0.000184,duplicate token
random_random,kl,1,3,A_def,0.002323,
random_random,kl,1,3,B_def,0.001856,
random_random,kl,1,3,comma_B,-0.000157,
random_random,kl,1,3,C_def,0.004643,
random_random,kl,1,3,A_doc,0.001150,
random_random,kl,1,3,B_doc,0.001722,
random_random,kl,1,3,END,0.004003,
random_random,kl,1,4,A_def,0.000230,induction + fuzzy previous token
random_random,kl,1,4,B_def,-0.000239,induction + fuzzy previous token
random_random,kl,1,4,comma_B,-0.004280,induction + fuzzy previous token
random_random,kl,1,4,C_def,0.000770,induction + fuzzy previous token
random_random,kl,1,4,A_doc,-0.000057,induction + fuzzy previous token
random_random,kl,1,4,B_doc,-0.000298,induction + fuzzy previous token
random_random,kl,1,4,END,0.022478,induction + fuzzy previous token
random_random,kl,1,5,A_def,0.001932,
random_random,kl,1,5,B_def,0.002488,
random_random,kl,1,5,comma_B,0.000516,
random_random,kl,1,5,C_def,0.001526,
random_random,kl,1,5,A_doc,0.000209,
random_random,kl,1,5,B_doc,-0.001706,
random_random,kl,1,5,END,-0.000069,
random_random,kl,1,6,A_def,0.000606,
random_random,kl,1,6,B_def,-0.000033,
random_random,kl,1,6,comma_B,-0.000057,
random_random,kl,1,6,C_def,0.000217,
random_random,kl,1,6,A_doc,0.000432,
random_random,kl,1,6,B_doc,0.001607,
random_random,kl,1,6,END,0.000111,
random_random,kl,1,7,A_def,-0.000456,
random_random,kl,1,7,B_def,0.001912,
random_random,kl,1,7,comma_B,0.000101,
random_random,kl,1,7,C_def,0.001371,
random_random,kl,1,7,A_doc,0.000404,
random_random,kl,1,7,B_doc,-0.000662,
random_random,kl,1,7,END,-0.000039,
random_random,kl,2,0,A_def,-0.000292,fuzzy previous token
random_random,kl,2,0,B_def,-0.006793,fuzzy previous token
random_random,kl,2,0,comma_B,0.000213,fuzzy previous token
random_random,kl,2,0,C_def,-0.001415,fuzzy previous token
random_random,kl,2,0,A_doc,0.000566,fuzzy previous token
random_random,kl,2,0,B_doc,0.001591,fuzzy previous token
random_random,kl,2,0,END,-0.000731,fuzzy previous token
random_random,kl,2,1,A_def,-0.000144,
random_random,kl,2,1,B_def,0.001595,
random_random,kl,2,1,comma_B,0.000003,
random_random,kl,2,1,C_def,0.002737,
random_random,kl,2,1,A_doc,0.000074,
random_random,kl,2,1,B_doc,-0.000362,
random_random,kl,2,1,END,-0.001334,
random_random,kl,2,2,A_def,0.000797,
random_random,kl,2,2,B_def,0.002423,
random_random,kl,2,2,comma_B,-0.000131,
random_random,kl,2,2,C_def,-0.004853,
random_random,kl,2,2,A_doc,-0.000905,
random_random,kl,2,2,B_doc,0.001314,
random_random,kl,2,2,END,0.009189,
random_random,kl,2,3,A_def,0.005646,
random_random,kl,2,3,B_def,0.014192,
random_random,kl,2,3,comma_B,0.000096,
random_random,kl,2,3,C_def,0.027750,
random_random,kl,2,3,A_doc,0.005940,
random_random,kl,2,3,B_doc,0.010243,
random_random,kl,2,3,END,0.122060,
random_random,kl,2,4,A_def,0.000084,
random_random,kl,2,4,B_def,-0.000217,
random_random,kl,2,4,comma_B,0.000006,
random_random,kl,2,4,C_def,0.000020,
random_random,kl,2,4,A_doc,0.000039,
random_random,kl,2,4,B_doc,0.001234,
random_random,kl,2,4,END,0.001512,
random_random,kl,2,5,A_def,0.000678,
random_random,kl,2,5,B_def,0.001750,
random_random,kl,2,5,comma_B,-0.000022,
random_random,kl,2,5,C_def,0.010119,
random_random,kl,2,5,A_doc,-0.001636,
random_random,kl,2,5,B_doc,0.000359,
random_random,kl,2,5,END,-0.002531,
random_random,kl,2,6,A_def,0.000161,
random_random,kl,2,6,B_def,-0.000233,
random_random,kl,2,6,comma_B,-0.000001,
random_random,kl,2,6,C_def,0.000343,
random_random,kl,2,6,A_doc,-0.001135,
random_random,kl,2,6,B_doc,0.001780,
random_random,kl,2,6,END,0.000117,
random_random,kl,2,7,A_def,0.000683,
random_random,kl,2,7,B_def,-0.000064,
random_random,kl,2,7,comma_B,0.000010,
random_random,kl,2,7,C_def,0.000492,
random_random,kl,2,7,A_doc,-0.000222,
random_random,kl,2,7,B_doc,0.001296,
random_random,kl,2,7,END,-0.001586,
random_random,kl,3,0,A_def,0.000000,argument mover
random_random,kl,3,0,B_def,0.000000,argument mover
random_random,kl,3,0,comma_B,0.000000,argument mover
random_random,kl,3,0,C_def,0.000000,argument mover
random_random,kl,3,0,A_doc,0.000000,argument mover
random_random,kl,3,0,B_doc,0.000000,argument mover
random_random,kl,3,0,END,0.587145,argument mover
random_random,kl,3,1,A_def,0.000000,
random_random,kl,3,1,B_def,0.000000,
random_random,kl,3,1,comma_B,0.000000,
random_random,kl,3,1,C_def,0.000000,
random_random,kl,3,1,A_doc,0.000000,
random_random,kl,3,1,B_doc,0.000000,
random_random,kl,3,1,END,0.006012,
random_random,kl,3,2,A_def,0.000000,
random_random,kl,3,2,B_def,0.000000,
random_random,kl,3,2,comma_B,0.000000,
random_random,kl,3,2,C_def,0.000000,
random_random,kl,3,2,A_doc,0.000000,
random_random,kl,3,2,B_doc,0.000000,
random_random,kl,3,2,END,0.011577,
random_random,kl,3,3,A_def,0.000000,
random_random,kl,3,3,B_def,0.000000,
random_random,kl,3,3,comma_B,0.000000,
random_random,kl,3,3,C_def,0.000000,
random_random,kl,3,3,A_doc,0.000000,
random_random,kl,3,3,B_doc,0.000000,
random_random,kl,3,3,END,0.035027,
random_random,kl,3,4,A_def,0.000000,
random_random,kl,3,4,B_def,0.000000,
random_random,kl,3,4,comma_B,0.000000,
random_random,kl,3,4,C_def,0.000000,
random_random,kl,3,4,A_doc,0.000000,
random_random,kl,3,4,B_doc,0.000000,
random_random,kl,3,4,END,0.014660,
random_random,kl,3,5,A_def,0.000000,
random_random,kl,3,5,B_def,0.000000,
random_random,kl,3,5,comma_B,0.000000,
random_random,kl,3,5,C_def,0.000000,
random_random,kl,3,5,A_doc,0.000000,
random_random,kl,3,5,B_doc,0.000000,
random_random,kl,3,5,END,0.064622,
random_random,kl,3,6,A_def,0.000000,argument mover
random_random,kl,3,6,B_def,0.000000,argument mover
random_random,kl,3,6,comma_B,0.000000,argument mover
random_random,kl,3,6,C_def,0.000000,argument mover
random_random,kl,3,6,A_doc,0.000000,argument mover
random_random,kl,3,6,B_doc,0.000000,argument mover
random_random,kl,3,6,END,0.521581,argument mover
random_random,kl,3,7,A_def,0.000000,
random_random,kl,3,7,B_def,0.000000,
random_random,kl,3,7,comma_B,0.000000,
random_random,kl,3,7,C_def,0.000000,
random_random,kl,3,7,A_doc,0.000000,
random_random,kl,3,7,B_doc,0.000000,
random_random,kl,3,7,END,-0.009587,
random_random,tv,0,0,A_def,0.006269,
random_random,tv,0,0,B_def,0.004330,
random_random,tv,0,0,comma_B,-0.000216,
random_random,tv,0,0,C_def,0.005794,
random_random,tv,0,0,A_doc,0.000865,
random_random,tv,0,0,B_doc,0.003283,
random_random,tv,0,0,END,0.000005,
random_random,tv,0,1,A_def,0.006459,
random_random,tv,0,1,B_def,0.006982,
random_random,tv,0,1,comma_B,-0.000002,
random_random,tv,0,1,C_def,0.002263,
random_random,tv,0,1,A_doc,-0.000179,
random_random,tv,0,1,B_doc,-0.004629,
random_random,tv,0,1,END,-0.000017,
random_random,tv,0,2,A_def,-0.000203,
random_random,tv,0,2,B_def,-0.000274,
random_random,tv,0,2,comma_B,0.000829,
random_random,tv,0,2,C_def,-0.000007,
random_random,tv,0,2,A_doc,0.000304,
random_random,tv,0,2,B_doc,-0.000135,
random_random,tv,0,2,END,0.000218,
random_random,tv,0,3,A_def,-0.000450,
random_random,tv,0,3,B_def,0.000498,
random_random,tv,0,3,comma_B,-0.000005,
random_random,tv,0,3,C_def,-0.000758,
random_random,tv,0,3,A_doc,0.000127,
random_random,tv,0,3,B_doc,-0.000281,
random_random,tv,0,3,END,0.000089,
random_random,tv,0,4,A_def,-0.000317,
random_random,tv,0,4,B_def,-0.000112,
random_random,tv,0,4,comma_B,-0.000011,
random_random,tv,0,4,C_def,0.000188,
random_random,tv,0,4,A_doc,0.000071,
random_random,tv,0,4,B_doc,-0.000147,
random_random,tv,0,4,END,-0.000292,
random_random,tv,0,5,A_def,0.009934,duplicate token
random_random,tv,0,5,B_def,0.007837,duplicate token
random_random,tv,0,5,comma_B,-0.000003,duplicate token
random_random,tv,0,5,C_def,0.009455,duplicate token
random_random,tv,0,5,A_doc,0.001185,duplicate token
random_random,tv,0,5,B_doc,0.012357,duplicate token
random_random,tv,0,5,END,-0.000008,duplicate token
random_random,tv,0,6,A_def,-0.000783,
random_random,tv,0,6,B_def,-0.000051,
random_random,tv,0,6,comma_B,-0.000084,
random_random,tv,0,6,C_def,0.000792,
random_random,tv,0,6,A_doc,0.000855,
random_random,tv,0,6,B_doc,0.000858,
random_random,tv,0,6,END,-0.000299,
random_random,tv,0,7,A_def,-0.000551,
random_random,tv,0,7,B_def,0.001459,
random_random,tv,0,7,comma_B,0.000006,
random_random,tv,0,7,C_def,-0.000003,
random_random,tv,0,7,A_doc,0.000809,
random_random,tv,0,7,B_doc,0.001590,
random_random,tv,0,7,END,-0.000030,
random_random,tv,1,0,A_def,0.000866,
random_random,tv,1,0,B_def,-0.000046,
random_random,tv,1,0,comma_B,0.000129,
random_random,tv,1,0,C_def,0.003094,
random_random,tv,1,0,A_doc,-0.000061,
random_random,tv,1,0,B_doc,0.000372,
random_random,tv,1,0,END,-0.000459,
random_random,tv,1,1,A_def,-0.000969,
random_random,tv,1,1,B_def,0.000112,
random_random,tv,1,1,comma_B,-0.000251,
random_random,tv,1,1,C_def,-0.000228,
random_random,tv,1,1,A_doc,0.000121,
random_random,tv,1,1,B_doc,-0.000265,
random_random,tv,1,1,END,0.000560,
random_random,tv,1,2,A_def,-0.000367,duplicate token
random_random,tv,1,2,B_def,0.000739,duplicate token
random_random,tv,1,2,comma_B,0.000046,duplicate token
random_random,tv,1,2,C_def,0.000926,duplicate token
random_random,tv,1,2,A_doc,-0.002107,duplicate token
random_random,tv,1,2,B_doc,-0.002802,duplicate token
random_random,tv,1,2,END,0.000096,duplicate token
random_random,tv,1,3,A_def,0.001614,
random_random,tv,1,3,B_def,0.000764,
random_random,tv,1,3,comma_B,-0.000051,
random_random,tv,1,3,C_def,0.000509,
random_random,tv,1,3,A_doc,0.000383,
random_random,tv,1,3,B_doc,0.000764,
random_random,tv,1,3,END,0.001240,
random_random,tv,1,4,A_def,0.000116,induction + fuzzy previous token
random_random,tv,1,4,B_def,-0.000235,induction + fuzzy previous token
random_random,tv,1,4,comma_B,-0.001731,induction + fuzzy previous token
random_random,tv,1,4,C_def,0.000256,induction + fuzzy previous token
random_random,tv,1,4,A_doc,-0.000033,induction + fuzzy previous token
random_random,tv,1,4,B_doc,-0.000159,induction + fuzzy previous token
random_random,tv,1,4,END,0.018339,induction + fuzzy previous token
random_random,tv,1,5,A_def,0.002307,
random_random,tv,1,5,B_def,0.001928,
random_random,tv,1,5,comma_B,0.000333,
random_random,tv,1,5,C_def,0.000799,
random_random,tv,1,5,A_doc,0.000110,
random_random,tv,1,5,B_doc,-0.000144,
random_random,tv,1,5,END,-0.000423,
random_random,tv,1,6,A_def,0.000118,
random_random,tv,1,6,B_def,-0.000249,
random_random,tv,1,6,comma_B,-0.000090,
random_random,tv,1,6,C_def,-0.000170,
random_random,tv,1,6,A_doc,0.000443,
random_random,tv,1,6,B_doc,0.000654,
random_random,tv,1,6,END,-0.000233,
random_random,tv,1,7,A_def,-0.000775,
random_random,tv,1,7,B_def,0.001031,
random_random,tv,1,7,comma_B,0.000006,
random_random,tv,1,7,C_def,-0.000058,
random_random,tv,1,7,A_doc,-0.000056,
random_random,tv,1,7,B_doc,0.000226,
random_random,tv,1,7,END,0.000010,
random_random,tv,2,0,A_def,0.001068,fuzzy previous token
random_random,tv,2,0,B_def,0.000385,fuzzy previous token
random_random,tv,2,0,comma_B,0.000155,fuzzy previous token
random_random,tv,2,0,C_def,0.000694,fuzzy previous token
random_random,tv,2,0,A_doc,-0.000002,fuzzy previous token
random_random,tv,2,0,B_doc,0.000214,fuzzy previous token
random_random,tv,2,0,END,-0.000083,fuzzy previous token
random_random,tv,2,1,A_def,0.000150,
random_random,tv,2,1,B_def,0.000134,
random_random,tv,2,1,comma_B,-0.000004,
random_random,tv,2,1,C_def,0.000283,
random_random,tv,2,1,A_doc,-0.000040,
random_random,tv,2,1,B_doc,-0.000242,
random_random,tv,2,1,END,-0.000420,
random_random,tv,2,2,A_def,0.001019,
random_random,tv,2,2,B_def,0.004164,
random_random,tv,2,2,comma_B,-0.000073,
random_random,tv,2,2,C_def,0.000332,
random_random,tv,2,2,A_doc,-0.000523,
random_random,tv,2,2,B_doc,-0.000801,
random_random,tv,2,2,END,0.001415,
random_random,tv,2,3,A_def,0.001570,
random_random,tv,2,3,B_def,0.003906,
random_random,tv,2,3,comma_B,0.000040,
random_random,tv,2,3,C_def,0.005635,
random_random,tv,2,3,A_doc,0.002086,
random_random,tv,2,3,B_doc,0.003159,
random_random,tv,2,3,END,0.038283,
random_random,tv,2,4,A_def,0.000074,
random_random,tv,2,4,B_def,-0.000069,
random_random,tv,2,4,comma_B,0.000004,
random_random,tv,2,4,C_def,-0.000042,
random_random,tv,2,4,A_doc,0.000104,
random_random,tv,2,4,B_doc,0.000146,
random_random,tv,2,4,END,0.000967,
random_random,tv,2,5,A_def,-0.000061,
random_random,tv,2,5,B_def,0.000765,
random_random,tv,2,5,comma_B,-0.000006,
random_random,tv,2,5,C_def,0.002927,
random_random,tv,2,5,A_doc,-0.000542,
random_random,tv,2,5,B_doc,0.001520,
random_random,tv,2,5,END,-0.002491,
random_random,tv,2,6,A_def,0.000308,
random_random,tv,2,6,B_def,-0.000156,
random_random,tv,2,6,comma_B,-0.000021,
random_random,tv,2,6,C_def,-0.000073,
random_random,tv,2,6,A_doc,-0.000314,
random_random,tv,2,6,B_doc,0.000487,
random_random,tv,2,6,END,0.001224,
random_random,tv,2,7,A_def,0.000298,
random_random,tv,2,7,B_def,0.000088,
random_random,tv,2,7,comma_B,0.000004,
random_random,tv,2,7,C_def,0.000376,
random_random,tv,2,7,A_doc,-0.000042,
random_random,tv,2,7,B_doc,0.000537,
random_random,tv,2,7,END,-0.000965,
random_random,tv,3,0,A_def,0.000000,argument mover
random_random,tv,3,0,B_def,0.000000,argument mover
random_random,tv,3,0,comma_B,0.000000,argument mover
random_random,tv,3,0,C_def,0.000000,argument mover
random_random,tv,3,0,A_doc,0.000000,argument mover
random_random,tv,3,0,B_doc,0.000000,argument mover
random_random,tv,3,0,END,0.214283,argument mover
random_random,tv,3,1,A_def,0.000000,
random_random,tv,3,1,B_def,0.000000,
random_random,tv,3,1,comma_B,0.000000,
random_random,tv,3,1,C_def,0.000000,
random_random,tv,3,1,A_doc,0.000000,
random_random,tv,3,1,B_doc,0.000000,
random_random,tv,3,1,END,0.002176,
random_random,tv,3,2,A_def,0.000000,
random_random,tv,3,2,B_def,0.000000,
random_random,tv,3,2,comma_B,0.000000,
random_random,tv,3,2,C_def,0.000000,
random_random,tv,3,2,A_doc,0.000000,
random_random,tv,3,2,B_doc,0.000000,
random_random,tv,3,2,END,0.004313,
random_random,tv,3,3,A_def,0.000000,
random_random,tv,3,3,B_def,0.000000,
random_random,tv,3,3,comma_B,0.000000,
random_random,tv,3,3,C_def,0.000000,
random_random,tv,3,3,A_doc,0.000000,
random_random,tv,3,3,B_doc,0.000000,
random_random,tv,3,3,END,0.013484,
random_random,tv,3,4,A_def,0.000000,
random_random,tv,3,4,B_def,0.000000,
random_random,tv,3,4,comma_B,0.000000,
random_random,tv,3,4,C_def,0.000000,
random_random,tv,3,4,A_doc,0.000000,
random_random,tv,3,4,B_doc,0.000000,
random_random,tv,3,4,END,0.003527,
random_random,tv,3,5,A_def,0.000000,
random_random,tv,3,5,B_def,0.000000,
random_random,tv,3,5,comma_B,0.000000,
random_random,tv,3,5,C_def,0.000000,
random_random,tv,3,5,A_doc,0.000000,
random_random,tv,3,5,B_doc,0.000000,
random_random,tv,3,5,END,0.023075,
random_random,tv,3,6,A_def,0.000000,argument mover
random_random,tv,3,6,B_def,0.000000,argument mover
random_random,tv,3,6,comma_B,0.000000,argument mover
random_random,tv,3,6,C_def,0.000000,argument mover
random_random,tv,3,6,A_doc,0.000000,argument mover
random_random,tv,3,6,B_doc,0.000000,argument mover
random_random,tv,3,6,END,0.170940,argument mover
random_random,tv,3,7,A_def,0.000000,
random_random,tv,3,7,B_def,0.000000,
random_random,tv,3,7,comma_B,0.000000,
random_random,tv,3,7,C_def,0.000000,
random_random,tv,3,7,A_doc,0.000000,
random_random,tv,3,7,B_doc,0.000000,
random_random,tv,3,7,END,0.003613,
random_def,logit_diff,0,0,A_def,0.008290,
random_def,logit_diff,0,0,B_def,0.003339,
random_def,logit_diff,0,0,comma_B,0.005357,
random_def,logit_diff,0,0,C_def,0.004996,
random_def,logit_diff,0,0,A_doc,0.000052,
random_def,logit_diff,0,0,B_doc,-0.000085,
random_def,logit_diff,0,0,END,-0.000008,
random_def,logit_diff,0,1,A_def,0.040373,
random_def,logit_diff,0,1,B_def,0.034333,
random_def,logit_diff,0,1,comma_B,0.000153,
random_def,logit_diff,0,1,C_def,0.000717,
random_def,logit_diff,0,1,A_doc,-0.001803,
random_def,logit_diff,0,1,B_doc,-0.015680,
random_def,logit_diff,0,1,END,-0.000028,
random_def,logit_diff,0,2,A_def,-0.003779,
random_def,logit_diff,0,2,B_def,-0.010667,
random_def,logit_diff,0,2,comma_B,0.023089,
random_def,logit_diff,0,2,C_def,0.015827,
random_def,logit_diff,0,2,A_doc,0.000022,
random_def,logit_diff,0,2,B_doc,-0.000103,
random_def,logit_diff,0,2,END,-0.000134,
random_def,logit_diff,0,3,A_def,0.000888,
random_def,logit_diff,0,3,B_def,-0.000741,
random_def,logit_diff,0,3,comma_B,-0.001269,
random_def,logit_diff,0,3,C_def,-0.000443,
random_def,logit_diff,0,3,A_doc,0.000033,
random_def,logit_diff,0,3,B_doc,-0.000021,
random_def,logit_diff,0,3,END,0.000221,
random_def,logit_diff,0,4,A_def,0.002554,
random_def,logit_diff,0,4,B_def,0.004368,
random_def,logit_diff,0,4,comma_B,-0.013780,
random_def,logit_diff,0,4,C_def,0.009213,
random_def,logit_diff,0,4,A_doc,0.000048,
random_def,logit_diff,0,4,B_doc,0.001372,
random_def,logit_diff,0,4,END,-0.000303,
random_def,logit_diff,0,5,A_def,0.030687,duplicate token
random_def,logit_diff,0,5,B_def,0.175171,duplicate token
random_def,logit_diff,0,5,comma_B,0.000960,duplicate token
random_def,logit_diff,0,5,C_def,0.000020,duplicate token
random_def,logit_diff,0,5,A_doc,-0.002557,duplicate token
random_def,logit_diff,0,5,B_doc,-0.010896,duplicate token
random_def,logit_diff,0,5,END,-0.000163,duplicate token
random_def,logit_diff,0,6,A_def,-0.005944,
random_def,logit_diff,0,6,B_def,-0.017978,
random_def,logit_diff,0,6,comma_B,0.001435,
random_def,logit_diff,0,6,C_def,0.000340,
random_def,logit_diff,0,6,A_doc,0.001299,
random_def,logit_diff,0,6,B_doc,0.008316,
random_def,logit_diff,0,6,END,0.000122,
random_def,logit_diff,0,7,A_def,-0.012186,
random_def,logit_diff,0,7,B_def,-0.003881,
random_def,logit_diff,0,7,comma_B,0.000088,
random_def,logit_diff,0,7,C_def,0.010082,
random_def,logit_diff,0,7,A_doc,0.000032,
random_def,logit_diff,0,7,B_doc,0.000000,
random_def,logit_diff,0,7,END,-0.000009,
random_def,logit_diff,1,0,A_def,-0.018450,
random_def,logit_diff,1,0,B_def,0.038515,
random_def,logit_diff,1,0,comma_B,0.229364,
random_def,logit_diff,1,0,C_def,0.033047,
random_def,logit_diff,1,0,A_doc,-0.000177,
random_def,logit_diff,1,0,B_doc,-0.000880,
random_def,logit_diff,1,0,END,-0.000067,
random_def,logit_diff,1,1,A_def,-0.003379,
random_def,logit_diff,1,1,B_def,0.002559,
random_def,logit_diff,1,1,comma_B,0.018375,
random_def,logit_diff,1,1,C_def,0.033651,
random_def,logit_diff,1,1,A_doc,0.000577,
random_def,logit_diff,1,1,B_doc,0.000104,
random_def,logit_diff,1,1,END,0.001216,
random_def,logit_diff,1,2,A_def,0.004521,duplicate token
random_def,logit_diff,1,2,B_def,0.007048,duplicate token
random_def,logit_diff,1,2,comma_B,-0.000365,duplicate token
random_def,logit_diff,1,2,C_def,0.000159,duplicate token
random_def,logit_diff,1,2,A_doc,-0.000358,duplicate token
random_def,logit_diff,1,2,B_doc,-0.005069,duplicate token
random_def,logit_diff,1,2,END,0.001806,duplicate token
random_def,logit_diff,1,3,A_def,0.006833,
random_def,logit_diff,1,3,B_def,-0.001366,
random_def,logit_diff,1,3,comma_B,0.006620,
random_def,logit_diff,1,3,C_def,0.009960,
random_def,logit_diff,1,3,A_doc,0.000160,
random_def,logit_diff,1,3,B_doc,0.001075,
random_def,logit_diff,1,3,END,0.000138,
random_def,logit_diff,1,4,A_def,-0.003301,induction + fuzzy previous token
random_def,logit_diff,1,4,B_def,0.006508,induction + fuzzy previous token
random_def,logit_diff,1,4,comma_B,0.602294,induction + fuzzy previous token
random_def,logit_diff,1,4,C_def,0.005724,induction + fuzzy previous token
random_def,logit_diff,1,4,A_doc,-0.000147,induction + fuzzy previous token
random_def,logit_diff,1,4,B_doc,0.000441,induction + fuzzy previous token
random_def,logit_diff,1,4,END,-0.012892,induction + fuzzy previous token
random_def,logit_diff,1,5,A_def,0.007701,
random_def,logit_diff,1,5,B_def,-0.002534,
random_def,logit_diff,1,5,comma_B,-0.006840,
random_def,logit_diff,1,5,C_def,0.000022,
random_def,logit_diff,1,5,A_doc,-0.000027,
random_def,logit_diff,1,5,B_doc,-0.001319,
random_def,logit_diff,1,5,END,0.007185,
random_def,logit_diff,1,6,A_def,0.000068,
random_def,logit_diff,1,6,B_def,-0.002518,
random_def,logit_diff,1,6,comma_B,-0.004346,
random_def,logit_diff,1,6,C_def,-0.002265,
random_def,logit_diff,1,6,A_doc,-0.000086,
random_def,logit_diff,1,6,B_doc,-0.000275,
random_def,logit_diff,1,6,END,0.000394,
random_def,logit_diff,1,7,A_def,0.002258,
random_def,logit_diff,1,7,B_def,-0.005633,
random_def,logit_diff,1,7,comma_B,0.000528,
random_def,logit_diff,1,7,C_def,0.012430,
random_def,logit_diff,1,7,A_doc,0.000213,
random_def,logit_diff,1,7,B_doc,-0.000145,
random_def,logit_diff,1,7,END,0.000462,
random_def,logit_diff,2,0,A_def,-0.012018,fuzzy previous token
random_def,logit_diff,2,0,B_def,-0.080081,fuzzy previous token
random_def,logit_diff,2,0,comma_B,0.000035,fuzzy previous token
random_def,logit_diff,2,0,C_def,1.090619,fuzzy previous token
random_def,logit_diff,2,0,A_doc,-0.000008,fuzzy previous token
random_def,logit_diff,2,0,B_doc,-0.001475,fuzzy previous token
random_def,logit_diff,2,0,END,-0.003316,fuzzy previous token
random_def,logit_diff,2,1,A_def,0.004931,
random_def,logit_diff,2,1,B_def,-0.002362,
random_def,logit_diff,2,1,comma_B,0.000087,
random_def,logit_diff,2,1,C_def,0.062238,
random_def,logit_diff,2,1,A_doc,0.000013,
random_def,logit_diff,2,1,B_doc,0.000212,
random_def,logit_diff,2,1,END,0.000973,
random_def,logit_diff,2,2,A_def,0.081226,
random_def,logit_diff,2,2,B_def,0.050808,
random_def,logit_diff,2,2,comma_B,-0.000050,
random_def,logit_diff,2,2,C_def,-0.070686,
random_def,logit_diff,2,2,A_doc,0.001404,
random_def,logit_diff,2,2,B_doc,-0.001004,
random_def,logit_diff,2,2,END,-0.008935,
random_def,logit_diff,2,3,A_def,-0.035757,
random_def,logit_diff,2,3,B_def,-0.075321,
random_def,logit_diff,2,3,comma_B,0.000153,
random_def,logit_diff,2,3,C_def,0.146318,
random_def,logit_diff,2,3,A_doc,0.003640,
random_def,logit_diff,2,3,B_doc,0.005561,
random_def,logit_diff,2,3,END,0.046295,
random_def,logit_diff,2,4,A_def,0.000774,
random_def,logit_diff,2,4,B_def,0.000434,
random_def,logit_diff,2,4,comma_B,-0.000003,
random_def,logit_diff,2,4,C_def,0.001591,
random_def,logit_diff,2,4,A_doc,0.000346,
random_def,logit_diff,2,4,B_doc,0.000814,
random_def,logit_diff,2,4,END,-0.011696,
random_def,logit_diff,2,5,A_def,0.009884,
random_def,logit_diff,2,5,B_def,-0.030923,
random_def,logit_diff,2,5,comma_B,-0.000025,
random_def,logit_diff,2,5,C_def,0.049189,
random_def,logit_diff,2,5,A_doc,-0.000192,
random_def,logit_diff,2,5,B_doc,-0.000490,
random_def,logit_diff,2,5,END,0.001509,
random_def,logit_diff,2,6,A_def,-0.003205,
random_def,logit_diff,2,6,B_def,0.001906,
random_def,logit_diff,2,6,comma_B,-0.000076,
random_def,logit_diff,2,6,C_def,0.044648,
random_def,logit_diff,2,6,A_doc,-0.001937,
random_def,logit_diff,2,6,B_doc,-0.000417,
random_def,logit_diff,2,6,END,0.006770,
random_def,logit_diff,2,7,A_def,-0.000292,
random_def,logit_diff,2,7,B_def,-0.002647,
random_def,logit_diff,2,7,comma_B,-0.000011,
random_def,logit_diff,2,7,C_def,0.011106,
random_def,logit_diff,2,7,A_doc,-0.000161,
random_def,logit_diff,2,7,B_doc,-0.001546,
random_def,logit_diff,2,7,END,0.005216,
random_def,logit_diff,3,0,A_def,0.000000,argument mover
random_def,logit_diff,3,0,B_def,0.000000,argument mover
random_def,logit_diff,3,0,comma_B,0.000000,argument mover
random_def,logit_diff,3,0,C_def,0.000000,argument mover
random_def,logit_diff,3,0,A_doc,0.000000,argument mover
random_def,logit_diff,3,0,B_doc,0.000000,argument mover
random_def,logit_diff,3,0,END,0.878940,argument mover
random_def,logit_diff,3,1,A_def,0.000000,
random_def,logit_diff,3,1,B_def,0.000000,
random_def,logit_diff,3,1,comma_B,0.000000,
random_def,logit_diff,3,1,C_def,0.000000,
random_def,logit_diff,3,1,A_doc,0.000000,
random_def,logit_diff,3,1,B_doc,0.000000,
random_def,logit_diff,3,1,END,-0.000181,
random_def,logit_diff,3,2,A_def,0.000000,
random_def,logit_diff,3,2,B_def,0.000000,
random_def,logit_diff,3,2,comma_B,0.000000,
random_def,logit_diff,3,2,C_def,0.000000,
random_def,logit_diff,3,2,A_doc,0.000000,
random_def,logit_diff,3,2,B_doc,0.000000,
random_def,logit_diff,3,2,END,0.002234,
random_def,logit_diff,3,3,A_def,0.000000,
random_def,logit_diff,3,3,B_def,0.000000,
random_def,logit_diff,3,3,comma_B,0.000000,
random_def,logit_diff,3,3,C_def,0.000000,
random_def,logit_diff,3,3,A_doc,0.000000,
random_def,logit_diff,3,3,B_doc,0.000000,
random_def,logit_diff,3,3,END,0.032410,
random_def,logit_diff,3,4,A_def,0.000000,
random_def,logit_diff,3,4,B_def,0.000000,
random_def,logit_diff,3,4,comma_B,0.000000,
random_def,logit_diff,3,4,C_def,0.000000,
random_def,logit_diff,3,4,A_doc,0.000000,
random_def,logit_diff,3,4,B_doc,0.000000,
random_def,logit_diff,3,4,END,0.024433,
random_def,logit_diff,3,5,A_def,0.000000,
random_def,logit_diff,3,5,B_def,0.000000,
random_def,logit_diff,3,5,comma_B,0.000000,
random_def,logit_diff,3,5,C_def,0.000000,
random_def,logit_diff,3,5,A_doc,0.000000,
random_def,logit_diff,3,5,B_doc,0.000000,
random_def,logit_diff,3,5,END,0.039040,
random_def,logit_diff,3,6,A_def,0.000000,argument mover
random_def,logit_diff,3,6,B_def,0.000000,argument mover
random_def,logit_diff,3,6,comma_B,0.000000,argument mover
random_def,logit_diff,3,6,C_def,0.000000,argument mover
random_def,logit_diff,3,6,A_doc,0.000000,argument mover
random_def,logit_diff,3,6,B_doc,0.000000,argument mover
random_def,logit_diff,3,6,END,0.604564,argument mover
random_def,logit_diff,3,7,A_def,0.000000,
random_def,logit_diff,3,7,B_def,0.000000,
random_def,logit_diff,3,7,comma_B,0.000000,
random_def,logit_diff,3,7,C_def,0.000000,
random_def,logit_diff,3,7,A_doc,0.000000,
random_def,logit_diff,3,7,B_doc,0.000000,
random_def,logit_diff,3,7,END,0.006072,
random_def,kl,0,0,A_def,0.031042,
random_def,kl,0,0,B_def,0.027077,
random_def,kl,0,0,comma_B,0.003208,
random_def,kl,0,0,C_def,0.005638,
random_def,kl,0,0,A_doc,0.000036,
random_def,kl,0,0,B_doc,-0.000046,
random_def,kl,0,0,END,-0.000004,
random_def,kl,0,1,A_def,0.040548,
random_def,kl,0,1,B_def,0.038927,
random_def,kl,0,1,comma_B,0.000123,
random_def,kl,0,1,C_def,0.000613,
random_def,kl,0,1,A_doc,-0.020722,
random_def,kl,0,1,B_doc,-0.034134,
random_def,kl,0,1,END,-0.000055,
random_def,kl,0,2,A_def,0.001277,
random_def,kl,0,2,B_def,-0.009625,
random_def,kl,0,2,comma_B,0.018100,
random_def,kl,0,2,C_def,0.011665,
random_def,kl,0,2,A_doc,0.000012,
random_def,kl,0,2,B_doc,-0.000067,
random_def,kl,0,2,END,-0.000072,
random_def,kl,0,3,A_def,-0.001586,
random_def,kl,0,3,B_def,0.002106,
random_def,kl,0,3,comma_B,0.000160,
random_def,kl,0,3,C_def,0.000407,
random_def,kl,0,3,A_doc,-0.000025,
random_def,kl,0,3,B_doc,-0.000402,
random_def,kl,0,3,END,0.000141,
random_def,kl,0,4,A_def,-0.001806,
random_def,kl,0,4,B_def,0.001420,
random_def,kl,0,4,comma_B,-0.007946,
random_def,kl,0,4,C_def,0.004540,
random_def,kl,0,4,A_doc,0.000647,
random_def,kl,0,4,B_doc,0.000351,
random_def,kl,0,4,END,0.001426,
random_def,kl,0,5,A_def,0.066788,duplicate token
random_def,kl,0,5,B_def,0.158924,duplicate token
random_def,kl,0,5,comma_B,0.000483,duplicate token
random_def,kl,0,5,C_def,0.000013,duplicate token
random_def,kl,0,5,A_doc,-0.003979,duplicate token
random_def,kl,0,5,B_doc,-0.012376,duplicate token
random_def,kl,0,5,END,-0.000126,duplicate token
random_def,kl,0,6,A_def,-0.001503,
random_def,kl,0,6,B_def,-0.008486,
random_def,kl,0,6,comma_B,0.000681,
random_def,kl,0,6,C_def,-0.000762,
random_def,kl,0,6,A_doc,-0.004038,
random_def,kl,0,6,B_doc,-0.002653,
random_def,kl,0,6,END,-0.000286,
random_def,kl,0,7,A_def,-0.002983,
random_def,kl,0,7,B_def,-0.001176,
random_def,kl,0,7,comma_B,-0.000032,
random_def,kl,0,7,C_def,0.010527,
random_def,kl,0,7,A_doc,-0.000015,
random_def,kl,0,7,B_doc,-0.000024,
random_def,kl,0,7,END,-0.000001,
random_def,kl,1,0,A_def,-0.011419,
random_def,kl,1,0,B_def,0.020493,
random_def,kl,1,0,comma_B,0.144799,
random_def,kl,1,0,C_def,0.022359,
random_def,kl,1,0,A_doc,0.000950,
random_def,kl,1,0,B_doc,-0.000003,
random_def,kl,1,0,END,0.000198,
random_def,kl,1,1,A_def,-0.003549,
random_def,kl,1,1,B_def,-0.001307,
random_def,kl,1,1,comma_B,0.012976,
random_def,kl,1,1,C_def,0.019857,
random_def,kl,1,1,A_doc,0.001434,
random_def,kl,1,1,B_doc,0.002782,
random_def,kl,1,1,END,0.000777,
random_def,kl,1,2,A_def,0.011080,duplicate token
random_def,kl,1,2,B_def,0.003193,duplicate token
random_def,kl,1,2,comma_B,0.000090,duplicate token
random_def,kl,1,2,C_def,-0.001557,duplicate token
random_def,kl,1,2,A_doc,-0.021340,duplicate token
random_def,kl,1,2,B_doc,-0.043940,duplicate token
random_def,kl,1,2,END,0.000839,duplicate token
random_def,kl,1,3,A_def,0.007301,
random_def,kl,1,3,B_def,0.003729,
random_def,kl,1,3,comma_B,0.003867,
random_def,kl,1,3,C_def,0.008841,
random_def,kl,1,3,A_doc,0.001206,
random_def,kl,1,3,B_doc,0.001282,
random_def,kl,1,3,END,0.001015,
random_def,kl,1,4,A_def,-0.002323,induction + fuzzy previous token
random_def,kl,1,4,B_def,0.003561,induction + fuzzy previous token
random_def,kl,1,4,comma_B,0.339340,induction + fuzzy previous token
random_def,kl,1,4,C_def,0.003915,induction + fuzzy previous token
random_def,kl,1,4,A_doc,-0.000013,induction + fuzzy previous token
random_def,kl,1,4,B_doc,0.000953,induction + fuzzy previous token
random_def,kl,1,4,END,-0.014874,induction + fuzzy previous token
random_def,kl,1,5,A_def,0.004840,
random_def,kl,1,5,B_def,-0.000570,
random_def,kl,1,5,comma_B,-0.002511,
random_def,kl,1,5,C_def,-0.001873,
random_def,kl,1,5,A_doc,0.000977,
random_def,kl,1,5,B_doc,0.001399,
random_def,kl,1,5,END,0.005209,
random_def,kl,1,6,A_def,0.000495,
random_def,kl,1,6,B_def,-0.001218,
random_def,kl,1,6,comma_B,-0.003138,
random_def,kl,1,6,C_def,-0.001368,
random_def,kl,1,6,A_doc,-0.001364,
random_def,kl,1,6,B_doc,-0.002424,
random_def,kl,1,6,END,-0.000096,
random_def,kl,1,7,A_def,0.002393,
random_def,kl,1,7,B_def,-0.004510,
random_def,kl,1,7,comma_B,0.000845,
random_def,kl,1,7,C_def,0.010113,
random_def,kl,1,7,A_doc,-0.000455,
random_def,kl,1,7,B_doc,-0.001894,
random_def,kl,1,7,END,0.000189,
random_def,kl,2,0,A_def,-0.006969,fuzzy previous token
random_def,kl,2,0,B_def,-0.083909,fuzzy previous token
random_def,kl,2,0,comma_B,-0.000950,fuzzy previous token
random_def,kl,2,0,C_def,0.432717,fuzzy previous token
random_def,kl,2,0,A_doc,-0.000174,fuzzy previous token
random_def,kl,2,0,B_doc,-0.002284,fuzzy previous token
random_def,kl,2,0,END,-0.002695,fuzzy previous token
random_def,kl,2,1,A_def,0.002411,
random_def,kl,2,1,B_def,-0.000925,
random_def,kl,2,1,comma_B,-0.000005,
random_def,kl,2,1,C_def,0.040875,
random_def,kl,2,1,A_doc,0.000429,
random_def,kl,2,1,B_doc,-0.000101,
random_def,kl,2,1,END,0.000577,
random_def,kl,2,2,A_def,0.052511,
random_def,kl,2,2,B_def,0.044760,
random_def,kl,2,2,comma_B,-0.000078,
random_def,kl,2,2,C_def,-0.041475,
random_def,kl,2,2,A_doc,-0.000874,
random_def,kl,2,2,B_doc,0.000845,
random_def,kl,2,2,END,-0.000494,
random_def,kl,2,3,A_def,-0.019253,
random_def,kl,2,3,B_def,-0.037008,
random_def,kl,2,3,comma_B,0.000218,
random_def,kl,2,3,C_def,0.089988,
random_def,kl,2,3,A_doc,0.002065,
random_def,kl,2,3,B_doc,-0.006930,
random_def,kl,2,3,END,0.094137,
random_def,kl,2,4,A_def,0.000316,
random_def,kl,2,4,B_def,0.000131,
random_def,kl,2,4,comma_B,-0.000004,
random_def,kl,2,4,C_def,0.001053,
random_def,kl,2,4,A_doc,-0.000681,
random_def,kl,2,4,B_doc,-0.001763,
random_def,kl,2,4,END,0.001080,
random_def,kl,2,5,A_def,0.005555,
random_def,kl,2,5,B_def,-0.023529,
random_def,kl,2,5,comma_B,-0.000073,
random_def,kl,2,5,C_def,0.029228,
random_def,kl,2,5,A_doc,-0.002679,
random_def,kl,2,5,B_doc,-0.006516,
random_def,kl,2,5,END,0.000480,
random_def,kl,2,6,A_def,0.001836,
random_def,kl,2,6,B_def,-0.001387,
random_def,kl,2,6,comma_B,-0.000069,
random_def,kl,2,6,C_def,0.032445,
random_def,kl,2,6,A_doc,-0.006205,
random_def,kl,2,6,B_doc,-0.008836,
random_def,kl,2,6,END,0.003616,
random_def,kl,2,7,A_def,0.000069,
random_def,kl,2,7,B_def,-0.001975,
random_def,kl,2,7,comma_B,-0.000001,
random_def,kl,2,7,C_def,0.005176,
random_def,kl,2,7,A_doc,-0.001508,
random_def,kl,2,7,B_doc,-0.006479,
random_def,kl,2,7,END,0.002603,
random_def,kl,3,0,A_def,0.000000,argument mover
random_def,kl,3,0,B_def,0.000000,argument mover
random_def,kl,3,0,comma_B,0.000000,argument mover
random_def,kl,3,0,C_def,0.000000,argument mover
random_def,kl,3,0,A_doc,0.000000,argument mover
random_def,kl,3,0,B_doc,0.000000,argument mover
random_def,kl,3,0,END,0.707673,argument mover
random_def,kl,3,1,A_def,0.000000,
random_def,kl,3,1,B_def,0.000000,
random_def,kl,3,1,comma_B,0.000000,
random_def,kl,3,1,C_def,0.000000,
random_def,kl,3,1,A_doc,0.000000,
random_def,kl,3,1,B_doc,0.000000,
random_def,kl,3,1,END,0.001166,
random_def,kl,3,2,A_def,0.000000,
random_def,kl,3,2,B_def,0.000000,
random_def,kl,3,2,comma_B,0.000000,
random_def,kl,3,2,C_def,0.000000,
random_def,kl,3,2,A_doc,0.000000,
random_def,kl,3,2,B_doc,0.000000,
random_def,kl,3,2,END,0.005844,
random_def,kl,3,3,A_def,0.000000,
random_def,kl,3,3,B_def,0.000000,
random_def,kl,3,3,comma_B,0.000000,
random_def,kl,3,3,C_def,0.000000,
random_def,kl,3,3,A_doc,0.000000,
random_def,kl,3,3,B_doc,0.000000,
random_def,kl,3,3,END,0.040439,
random_def,kl,3,4,A_def,0.000000,
random_def,kl,3,4,B_def,0.000000,
random_def,kl,3,4,comma_B,0.000000,
random_def,kl,3,4,C_def,0.000000,
random_def,kl,3,4,A_doc,0.000000,
random_def,kl,3,4,B_doc,0.000000,
random_def,kl,3,4,END,0.021314,
random_def,kl,3,5,A_def,0.000000,
random_def,kl,3,5,B_def,0.000000,
random_def,kl,3,5,comma_B,0.000000,
random_def,kl,3,5,C_def,0.000000,
random_def,kl,3,5,A_doc,0.000000,
random_def,kl,3,5,B_doc,0.000000,
random_def,kl,3,5,END,0.038367,
random_def,kl,3,6,A_def,0.000000,argument mover
random_def,kl,3,6,B_def,0.000000,argument mover
random_def,kl,3,6,comma_B,0.000000,argument mover
random_def,kl,3,6,C_def,0.000000,argument mover
random_def,kl,3,6,A_doc,0.000000,argument mover
random_def,kl,3,6,B_doc,0.000000,argument mover
random_def,kl,3,6,END,0.588864,argument mover
random_def,kl,3,7,A_def,0.000000,
random_def,kl,3,7,B_def,0.000000,
random_def,kl,3,7,comma_B,0.000000,
random_def,kl,3,7,C_def,0.000000,
random_def,kl,3,7,A_doc,0.000000,
random_def,kl,3,7,B_doc,0.000000,
random_def,kl,3,7,END,0.003574,
random_def,tv,0,0,A_def,0.011958,
random_def,tv,0,0,B_def,0.013457,
random_def,tv,0,0,comma_B,0.001461,
random_def,tv,0,0,C_def,0.001657,
random_def,tv,0,0,A_doc,0.000021,
random_def,tv,0,0,B_doc,-0.000030,
random_def,tv,0,0,END,-0.000002,
random_def,tv,0,1,A_def,0.017558,
random_def,tv,0,1,B_def,0.015524,
random_def,tv,0,1,comma_B,0.000032,
random_def,tv,0,1,C_def,0.000288,
random_def,tv,0,1,A_doc,-0.005576,
random_def,tv,0,1,B_doc,-0.016250,
random_def,tv,0,1,END,-0.000004,
random_def,tv,0,2,A_def,-0.000282,
random_def,tv,0,2,B_def,-0.002900,
random_def,tv,0,2,comma_B,0.006847,
random_def,tv,0,2,C_def,0.003922,
random_def,tv,0,2,A_doc,-0.000009,
random_def,tv,0,2,B_doc,-0.000020,
random_def,tv,0,2,END,-0.000035,
random_def,tv,0,3,A_def,-0.000799,
random_def,tv,0,3,B_def,0.000072,
random_def,tv,0,3,comma_B,-0.000126,
random_def,tv,0,3,C_def,-0.000042,
random_def,tv,0,3,A_doc,0.000020,
random_def,tv,0,3,B_doc,-0.000139,
random_def,tv,0,3,END,0.000073,
random_def,tv,0,4,A_def,-0.001335,
random_def,tv,0,4,B_def,-0.000867,
random_def,tv,0,4,comma_B,-0.002268,
random_def,tv,0,4,C_def,0.001971,
random_def,tv,0,4,A_doc,0.000252,
random_def,tv,0,4,B_doc,0.000435,
random_def,tv,0,4,END,0.000139,
random_def,tv,0,5,A_def,0.024175,duplicate token
random_def,tv,0,5,B_def,0.074778,duplicate token
random_def,tv,0,5,comma_B,0.000251,duplicate token
random_def,tv,0,5,C_def,0.000005,duplicate token
random_def,tv,0,5,A_doc,-0.001177,duplicate token
random_def,tv,0,5,B_doc,-0.005190,duplicate token
random_def,tv,0,5,END,-0.000036,duplicate token
random_def,tv,0,6,A_def,-0.000138,
random_def,tv,0,6,B_def,-0.001274,
random_def,tv,0,6,comma_B,0.000264,
random_def,tv,0,6,C_def,-0.000612,
random_def,tv,0,6,A_doc,-0.000224,
random_def,tv,0,6,B_doc,-0.001720,
random_def,tv,0,6,END,-0.000299,
random_def,tv,0,7,A_def,-0.002019,
random_def,tv,0,7,B_def,0.000888,
random_def,tv,0,7,comma_B,0.000016,
random_def,tv,0,7,C_def,0.003338,
random_def,tv,0,7,A_doc,0.000017,
random_def,tv,0,7,B_doc,-0.000031,
random_def,tv,0,7,END,0.000000,
random_def,tv,1,0,A_def,-0.007442,
random_def,tv,1,0,B_def,0.006991,
random_def,tv,1,0,comma_B,0.061754,
random_def,tv,1,0,C_def,0.010716,
random_def,tv,1,0,A_doc,0.000312,
random_def,tv,1,0,B_doc,0.000338,
random_def,tv,1,0,END,-0.000078,
random_def,tv,1,1,A_def,-0.001507,
random_def,tv,1,1,B_def,-0.000044,
random_def,tv,1,1,comma_B,0.004407,
random_def,tv,1,1,C_def,0.006275,
random_def,tv,1,1,A_doc,0.000340,
random_def,tv,1,1,B_doc,0.001346,
random_def,tv,1,1,END,0.000323,
random_def,tv,1,2,A_def,0.006425,duplicate token
random_def,tv,1,2,B_def,0.002714,duplicate token
random_def,tv,1,2,comma_B,0.000202,duplicate token
random_def,tv,1,2,C_def,0.000326,duplicate token
random_def,tv,1,2,A_doc,-0.005575,duplicate token
random_def,tv,1,2,B_doc,-0.014582,duplicate token
random_def,tv,1,2,END,0.000459,duplicate token
random_def,tv,1,3,A_def,0.003748,
random_def,tv,1,3,B_def,0.000638,
random_def,tv,1,3,comma_B,0.001189,
random_def,tv,1,3,C_def,0.003285,
random_def,tv,1,3,A_doc,0.000410,
random_def,tv,1,3,B_doc,0.000549,
random_def,tv,1,3,END,0.000446,
random_def,tv,1,4,A_def,-0.000963,induction + fuzzy previous token
random_def,tv,1,4,B_def,0.001204,induction + fuzzy previous token
random_def,tv,1,4,comma_B,0.191146,induction + fuzzy previous token
random_def,tv,1,4,C_def,0.001819,induction + fuzzy previous token
random_def,tv,1,4,A_doc,-0.000063,induction + fuzzy previous token
random_def,tv,1,4,B_doc,0.000315,induction + fuzzy previous token
random_def,tv,1,4,END,-0.010471,induction + fuzzy previous token
random_def,tv,1,5,A_def,0.003012,
random_def,tv,1,5,B_def,0.001209,
random_def,tv,1,5,comma_B,-0.000645,
random_def,tv,1,5,C_def,-0.000398,
random_def,tv,1,5,A_doc,0.000195,
random_def,tv,1,5,B_doc,0.000668,
random_def,tv,1,5,END,0.002662,
random_def,tv,1,6,A_def,-0.000468,
random_def,tv,1,6,B_def,-0.001353,
random_def,tv,1,6,comma_B,-0.000668,
random_def,tv,1,6,C_def,-0.000961,
random_def,tv,1,6,A_doc,-0.000438,
random_def,tv,1,6,B_doc,-0.000982,
random_def,tv,1,6,END,0.000061,
random_def,tv,1,7,A_def,0.001469,
random_def,tv,1,7,B_def,-0.002418,
random_def,tv,1,7,comma_B,0.000100,
random_def,tv,1,7,C_def,0.004189,
random_def,tv,1,7,A_doc,0.000013,
random_def,tv,1,7,B_doc,-0.000539,
random_def,tv,1,7,END,-0.000066,
random_def,tv,2,0,A_def,-0.003914,fuzzy previous token
random_def,tv,2,0,B_def,-0.030331,fuzzy previous token
random_def,tv,2,0,comma_B,0.000095,fuzzy previous token
random_def,tv,2,0,C_def,0.328066,fuzzy previous token
random_def,tv,2,0,A_doc,0.000135,fuzzy previous token
random_def,tv,2,0,B_doc,-0.001009,fuzzy previous token
random_def,tv,2,0,END,-0.001558,fuzzy previous token
random_def,tv,2,1,A_def,-0.000875,
random_def,tv,2,1,B_def,-0.000159,
random_def,tv,2,1,comma_B,-0.000015,
random_def,tv,2,1,C_def,0.014008,
random_def,tv,2,1,A_doc,-0.000064,
random_def,tv,2,1,B_doc,-0.000116,
random_def,tv,2,1,END,-0.000176,
random_def,tv,2,2,A_def,0.026316,
random_def,tv,2,2,B_def,0.022951,
random_def,tv,2,2,comma_B,-0.000031,
random_def,tv,2,2,C_def,-0.017578,
random_def,tv,2,2,A_doc,0.000356,
random_def,tv,2,2,B_doc,0.001326,
random_def,tv,2,2,END,0.005180,
random_def,tv,2,3,A_def,-0.010889,
random_def,tv,2,3,B_def,-0.021032,
random_def,tv,2,3,comma_B,0.000098,
random_def,tv,2,3,C_def,0.042268,
random_def,tv,2,3,A_doc,0.001835,
random_def,tv,2,3,B_doc,-0.001380,
random_def,tv,2,3,END,0.045937,
random_def,tv,2,4,A_def,0.000223,
random_def,tv,2,4,B_def,0.000320,
random_def,tv,2,4,comma_B,-0.000005,
random_def,tv,2,4,C_def,0.000319,
random_def,tv,2,4,A_doc,-0.000042,
random_def,tv,2,4,B_doc,-0.000574,
random_def,tv,2,4,END,-0.000355,
random_def,tv,2,5,A_def,0.002893,
random_def,tv,2,5,B_def,-0.012597,
random_def,tv,2,5,comma_B,-0.000053,
random_def,tv,2,5,C_def,0.013944,
random_def,tv,2,5,A_doc,-0.000425,
random_def,tv,2,5,B_doc,-0.002725,
random_def,tv,2,5,END,-0.000075,
random_def,tv,2,6,A_def,0.000632,
random_def,tv,2,6,B_def,-0.000074,
random_def,tv,2,6,comma_B,-0.000001,
random_def,tv,2,6,C_def,0.009462,
random_def,tv,2,6,A_doc,-0.001886,
random_def,tv,2,6,B_doc,-0.003105,
random_def,tv,2,6,END,0.001398,
random_def,tv,2,7,A_def,0.000209,
random_def,tv,2,7,B_def,-0.000552,
random_def,tv,2,7,comma_B,-0.000014,
random_def,tv,2,7,C_def,0.002104,
random_def,tv,2,7,A_doc,-0.000458,
random_def,tv,2,7,B_doc,-0.002510,
random_def,tv,2,7,END,0.000611,
random_def,tv,3,0,A_def,0.000000,argument mover
random_def,tv,3,0,B_def,0.000000,argument mover
random_def,tv,3,0,comma_B,0.000000,argument mover
random_def,tv,3,0,C_def,0.000000,argument mover
random_def,tv,3,0,A_doc,0.000000,argument mover
random_def,tv,3,0,B_doc,0.000000,argument mover
random_def,tv,3,0,END,0.448171,argument mover
random_def,tv,3,1,A_def,0.000000,
random_def,tv,3,1,B_def,0.000000,
random_def,tv,3,1,comma_B,0.000000,
random_def,tv,3,1,C_def,0.000000,
random_def,tv,3,1,A_doc,0.000000,
random_def,tv,3,1,B_doc,0.000000,
random_def,tv,3,1,END,0.000879,
random_def,tv,3,2,A_def,0.000000,
random_def,tv,3,2,B_def,0.000000,
random_def,tv,3,2,comma_B,0.000000,
random_def,tv,3,2,C_def,0.000000,
random_def,tv,3,2,A_doc,0.000000,
random_def,tv,3,2,B_doc,0.000000,
random_def,tv,3,2,END,0.002400,
random_def,tv,3,3,A_def,0.000000,
random_def,tv,3,3,B_def,0.000000,
random_def,tv,3,3,comma_B,0.000000,
random_def,tv,3,3,C_def,0.000000,
random_def,tv,3,3,A_doc,0.000000,
random_def,tv,3,3,B_doc,0.000000,
random_def,tv,3,3,END,0.018630,
random_def,tv,3,4,A_def,0.000000,
random_def,tv,3,4,B_def,0.000000,
random_def,tv,3,4,comma_B,0.000000,
random_def,tv,3,4,C_def,0.000000,
random_def,tv,3,4,A_doc,0.000000,
random_def,tv,3,4,B_doc,0.000000,
random_def,tv,3,4,END,0.007957,
random_def,tv,3,5,A_def,0.000000,
random_def,tv,3,5,B_def,0.000000,
random_def,tv,3,5,comma_B,0.000000,
random_def,tv,3,5,C_def,0.000000,
random_def,tv,3,5,A_doc,0.000000,
random_def,tv,3,5,B_doc,0.000000,
random_def,tv,3,5,END,0.019269,
random_def,tv,3,6,A_def,0.000000,argument mover
random_def,tv,3,6,B_def,0.000000,argument mover
random_def,tv,3,6,comma_B,0.000000,argument mover
random_def,tv,3,6,C_def,0.000000,argument mover
random_def,tv,3,6,A_doc,0.000000,argument mover
random_def,tv,3,6,B_doc,0.000000,argument mover
random_def,tv,3,6,END,0.298819,argument mover
random_def,tv,3,7,A_def,0.000000,
random_def,tv,3,7,B_def,0.000000,
random_def,tv,3,7,comma_B,0.000000,
random_def,tv,3,7,C_def,0.000000,
random_def,tv,3,7,A_doc,0.000000,
random_def,tv,3,7,B_doc,0.000000,
random_def,tv,3,7,END,0.004873,
random_answer,logit_diff,0,0,A_def,0.000000,
random_answer,logit_diff,0,0,B_def,0.000000,
random_answer,logit_diff,0,0,comma_B,0.000000,
random_answer,logit_diff,0,0,C_def,0.091003,
random_answer,logit_diff,0,0,A_doc,0.000026,
random_answer,logit_diff,0,0,B_doc,0.000011,
random_answer,logit_diff,0,0,END,-0.000001,
random_answer,logit_diff,0,1,A_def,0.000000,
random_answer,logit_diff,0,1,B_def,0.000000,
random_answer,logit_diff,0,1,comma_B,0.000000,
random_answer,logit_diff,0,1,C_def,0.064599,
random_answer,logit_diff,0,1,A_doc,-0.000019,
random_answer,logit_diff,0,1,B_doc,-0.000078,
random_answer,logit_diff,0,1,END,0.000000,
random_answer,logit_diff,0,2,A_def,0.000000,
random_answer,logit_diff,0,2,B_def,0.000000,
random_answer,logit_diff,0,2,comma_B,0.000000,
random_answer,logit_diff,0,2,C_def,0.005868,
random_answer,logit_diff,0,2,A_doc,0.000050,
random_answer,logit_diff,0,2,B_doc,-0.000014,
random_answer,logit_diff,0,2,END,-0.000001,
random_answer,logit_diff,0,3,A_def,0.000000,
random_answer,logit_diff,0,3,B_def,0.000000,
random_answer,logit_diff,0,3,comma_B,0.000000,
random_answer,logit_diff,0,3,C_def,0.001111,
random_answer,logit_diff,0,3,A_doc,0.000065,
random_answer,logit_diff,0,3,B_doc,0.000038,
random_answer,logit_diff,0,3,END,0.000007,
random_answer,logit_diff,0,4,A_def,0.000000,
random_answer,logit_diff,0,4,B_def,0.000000,
random_answer,logit_diff,0,4,comma_B,0.000000,
random_answer,logit_diff,0,4,C_def,-0.000777,
random_answer,logit_diff,0,4,A_doc,0.000198,
random_answer,logit_diff,0,4,B_doc,0.000384,
random_answer,logit_diff,0,4,END,0.001681,
random_answer,logit_diff,0,5,A_def,0.000000,duplicate token
random_answer,logit_diff,0,5,B_def,0.000000,duplicate token
random_answer,logit_diff,0,5,comma_B,0.000000,duplicate token
random_answer,logit_diff,0,5,C_def,0.185135,duplicate token
random_answer,logit_diff,0,5,A_doc,0.000001,duplicate token
random_answer,logit_diff,0,5,B_doc,0.000000,duplicate token
random_answer,logit_diff,0,5,END,-0.000028,duplicate token
random_answer,logit_diff,0,6,A_def,0.000000,
random_answer,logit_diff,0,6,B_def,0.000000,
random_answer,logit_diff,0,6,comma_B,0.000000,
random_answer,logit_diff,0,6,C_def,0.008094,
random_answer,logit_diff,0,6,A_doc,-0.000016,
random_answer,logit_diff,0,6,B_doc,0.000141,
random_answer,logit_diff,0,6,END,-0.000107,
random_answer,logit_diff,0,7,A_def,0.000000,
random_answer,logit_diff,0,7,B_def,0.000000,
random_answer,logit_diff,0,7,comma_B,0.000000,
random_answer,logit_diff,0,7,C_def,0.001694,
random_answer,logit_diff,0,7,A_doc,0.000025,
random_answer,logit_diff,0,7,B_doc,-0.000021,
random_answer,logit_diff,0,7,END,-0.000000,
random_answer,logit_diff,1,0,A_def,0.000000,
random_answer,logit_diff,1,0,B_def,0.000000,
random_answer,logit_diff,1,0,comma_B,0.000000,
random_answer,logit_diff,1,0,C_def,0.029452,
random_answer,logit_diff,1,0,A_doc,-0.000003,
random_answer,logit_diff,1,0,B_doc,-0.000023,
random_answer,logit_diff,1,0,END,0.000047,
random_answer,logit_diff,1,1,A_def,0.000000,
random_answer,logit_diff,1,1,B_def,0.000000,
random_answer,logit_diff,1,1,comma_B,0.000000,
random_answer,logit_diff,1,1,C_def,0.002578,
random_answer,logit_diff,1,1,A_doc,0.000046,
random_answer,logit_diff,1,1,B_doc,-0.000015,
random_answer,logit_diff,1,1,END,0.000332,
random_answer,logit_diff,1,2,A_def,0.000000,duplicate token
random_answer,logit_diff,1,2,B_def,0.000000,duplicate token
random_answer,logit_diff,1,2,comma_B,0.000000,duplicate token
random_answer,logit_diff,1,2,C_def,-0.005626,duplicate token
random_answer,logit_diff,1,2,A_doc,-0.000102,duplicate token
random_answer,logit_diff,1,2,B_doc,-0.000161,duplicate token
random_answer,logit_diff,1,2,END,0.000180,duplicate token
random_answer,logit_diff,1,3,A_def,0.000000,
random_answer,logit_diff,1,3,B_def,0.000000,
random_answer,logit_diff,1,3,comma_B,0.000000,
random_answer,logit_diff,1,3,C_def,0.008241,
random_answer,logit_diff,1,3,A_doc,0.000472,
random_answer,logit_diff,1,3,B_doc,0.000822,
random_answer,logit_diff,1,3,END,0.002390,
random_answer,logit_diff,1,4,A_def,0.000000,induction + fuzzy previous token
random_answer,logit_diff,1,4,B_def,0.000000,induction + fuzzy previous token
random_answer,logit_diff,1,4,comma_B,0.000000,induction + fuzzy previous token
random_answer,logit_diff,1,4,C_def,0.000132,induction + fuzzy previous token
random_answer,logit_diff,1,4,A_doc,-0.000006,induction + fuzzy previous token
random_answer,logit_diff,1,4,B_doc,-0.000022,induction + fuzzy previous token
random_answer,logit_diff,1,4,END,-0.000056,induction + fuzzy previous token
random_answer,logit_diff,1,5,A_def,0.000000,
random_answer,logit_diff,1,5,B_def,0.000000,
random_answer,logit_diff,1,5,comma_B,0.000000,
random_answer,logit_diff,1,5,C_def,0.004529,
random_answer,logit_diff,1,5,A_doc,0.000017,
random_answer,logit_diff,1,5,B_doc,-0.000036,
random_answer,logit_diff,1,5,END,0.000713,
random_answer,logit_diff,1,6,A_def,0.000000,
random_answer,logit_diff,1,6,B_def,0.000000,
random_answer,logit_diff,1,6,comma_B,0.000000,
random_answer,logit_diff,1,6,C_def,0.004141,
random_answer,logit_diff,1,6,A_doc,0.000018,
random_answer,logit_diff,1,6,B_doc,-0.000012,
random_answer,logit_diff,1,6,END,0.000270,
random_answer,logit_diff,1,7,A_def,0.000000,
random_answer,logit_diff,1,7,B_def,0.000000,
random_answer,logit_diff,1,7,comma_B,0.000000,
random_answer,logit_diff,1,7,C_def,-0.000889,
random_answer,logit_diff,1,7,A_doc,0.000008,
random_answer,logit_diff,1,7,B_doc,0.000015,
random_answer,logit_diff,1,7,END,-0.000247,
random_answer,logit_diff,2,0,A_def,0.000000,fuzzy previous token
random_answer,logit_diff,2,0,B_def,0.000000,fuzzy previous token
random_answer,logit_diff,2,0,comma_B,0.000000,fuzzy previous token
random_answer,logit_diff,2,0,C_def,0.004106,fuzzy previous token
random_answer,logit_diff,2,0,A_doc,-0.000013,fuzzy previous token
random_answer,logit_diff,2,0,B_doc,-0.000035,fuzzy previous token
random_answer,logit_diff,2,0,END,0.000236,fuzzy previous token
random_answer,logit_diff,2,1,A_def,0.000000,
random_answer,logit_diff,2,1,B_def,0.000000,
random_answer,logit_diff,2,1,comma_B,0.000000,
random_answer,logit_diff,2,1,C_def,0.003729,
random_answer,logit_diff,2,1,A_doc,0.000058,
random_answer,logit_diff,2,1,B_doc,0.000048,
random_answer,logit_diff,2,1,END,0.000190,
random_answer,logit_diff,2,2,A_def,0.000000,
random_answer,logit_diff,2,2,B_def,0.000000,
random_answer,logit_diff,2,2,comma_B,0.000000,
random_answer,logit_diff,2,2,C_def,0.025330,
random_answer,logit_diff,2,2,A_doc,-0.000174,
random_answer,logit_diff,2,2,B_doc,-0.000376,
random_answer,logit_diff,2,2,END,-0.001775,
random_answer,logit_diff,2,3,A_def,0.000000,
random_answer,logit_diff,2,3,B_def,0.000000,
random_answer,logit_diff,2,3,comma_B,0.000000,
random_answer,logit_diff,2,3,C_def,0.029078,
random_answer,logit_diff,2,3,A_doc,0.001660,
random_answer,logit_diff,2,3,B_doc,0.002647,
random_answer,logit_diff,2,3,END,0.086580,
random_answer,logit_diff,2,4,A_def,0.000000,
random_answer,logit_diff,2,4,B_def,0.000000,
random_answer,logit_diff,2,4,comma_B,0.000000,
random_answer,logit_diff,2,4,C_def,0.000375,
random_answer,logit_diff,2,4,A_doc,0.000006,
random_answer,logit_diff,2,4,B_doc,0.000006,
random_answer,logit_diff,2,4,END,0.000218,
random_answer,logit_diff,2,5,A_def,0.000000,
random_answer,logit_diff,2,5,B_def,0.000000,
random_answer,logit_diff,2,5,comma_B,0.000000,
random_answer,logit_diff,2,5,C_def,0.026335,
random_answer,logit_diff,2,5,A_doc,-0.000019,
random_answer,logit_diff,2,5,B_doc,0.000043,
random_answer,logit_diff,2,5,END,0.000316,
random_answer,logit_diff,2,6,A_def,0.000000,
random_answer,logit_diff,2,6,B_def,0.000000,
random_answer,logit_diff,2,6,comma_B,0.000000,
random_answer,logit_diff,2,6,C_def,0.002701,
random_answer,logit_diff,2,6,A_doc,-0.000038,
random_answer,logit_diff,2,6,B_doc,-0.000039,
random_answer,logit_diff,2,6,END,0.000046,
random_answer,logit_diff,2,7,A_def,0.000000,
random_answer,logit_diff,2,7,B_def,0.000000,
random_answer,logit_diff,2,7,comma_B,0.000000,
random_answer,logit_diff,2,7,C_def,-0.001625,
random_answer,logit_diff,2,7,A_doc,-0.000001,
random_answer,logit_diff,2,7,B_doc,0.000027,
random_answer,logit_diff,2,7,END,0.000363,
random_answer,logit_diff,3,0,A_def,0.000000,argument mover
random_answer,logit_diff,3,0,B_def,0.000000,argument mover
random_answer,logit_diff,3,0,comma_B,0.000000,argument mover
random_answer,logit_diff,3,0,C_def,0.000000,argument mover
random_answer,logit_diff,3,0,A_doc,0.000000,argument mover
random_answer,logit_diff,3,0,B_doc,0.000000,argument mover
random_answer,logit_diff,3,0,END,0.524641,argument mover
random_answer,logit_diff,3,1,A_def,0.000000,
random_answer,logit_diff,3,1,B_def,0.000000,
random_answer,logit_diff,3,1,comma_B,0.000000,
random_answer,logit_diff,3,1,C_def,0.000000,
random_answer,logit_diff,3,1,A_doc,0.000000,
random_answer,logit_diff,3,1,B_doc,0.000000,
random_answer,logit_diff,3,1,END,0.001066,
random_answer,logit_diff,3,2,A_def,0.000000,
random_answer,logit_diff,3,2,B_def,0.000000,
random_answer,logit_diff,3,2,comma_B,0.000000,
random_answer,logit_diff,3,2,C_def,0.000000,
random_answer,logit_diff,3,2,A_doc,0.000000,
random_answer,logit_diff,3,2,B_doc,0.000000,
random_answer,logit_diff,3,2,END,0.004143,
random_answer,logit_diff,3,3,A_def,0.000000,
random_answer,logit_diff,3,3,B_def,0.000000,
random_answer,logit_diff,3,3,comma_B,0.000000,
random_answer,logit_diff,3,3,C_def,0.000000,
random_answer,logit_diff,3,3,A_doc,0.000000,
random_answer,logit_diff,3,3,B_doc,0.000000,
random_answer,logit_diff,3,3,END,0.025193,
random_answer,logit_diff,3,4,A_def,0.000000,
random_answer,logit_diff,3,4,B_def,0.000000,
random_answer,logit_diff,3,4,comma_B,0.000000,
random_answer,logit_diff,3,4,C_def,0.000000,
random_answer,logit_diff,3,4,A_doc,0.000000,
random_answer,logit_diff,3,4,B_doc,0.000000,
random_answer,logit_diff,3,4,END,0.010996,
random_answer,logit_diff,3,5,A_def,0.000000,
random_answer,logit_diff,3,5,B_def,0.000000,
random_answer,logit_diff,3,5,comma_B,0.000000,
random_answer,logit_diff,3,5,C_def,0.000000,
random_answer,logit_diff,3,5,A_doc,0.000000,
random_answer,logit_diff,3,5,B_doc,0.000000,
random_answer,logit_diff,3,5,END,0.036880,
random_answer,logit_diff,3,6,A_def,0.000000,argument mover
random_answer,logit_diff,3,6,B_def,0.000000,argument mover
random_answer,logit_diff,3,6,comma_B,0.000000,argument mover
random_answer,logit_diff,3,6,C_def,0.000000,argument mover
random_answer,logit_diff,3,6,A_doc,0.000000,argument mover
random_answer,logit_diff,3,6,B_doc,0.000000,argument mover
random_answer,logit_diff,3,6,END,0.498675,argument mover
random_answer,logit_diff,3,7,A_def,0.000000,
random_answer,logit_diff,3,7,B_def,0.000000,
random_answer,logit_diff,3,7,comma_B,0.000000,
random_answer,logit_diff,3,7,C_def,0.000000,
random_answer,logit_diff,3,7,A_doc,0.000000,
random_answer,logit_diff,3,7,B_doc,0.000000,
random_answer,logit_diff,3,7,END,0.000692,
random_answer,kl,0,0,A_def,0.000000,
random_answer,kl,0,0,B_def,0.000000,
random_answer,kl,0,0,comma_B,0.000000,
random_answer,kl,0,0,C_def,0.111270,
random_answer,kl,0,0,A_doc,0.000021,
random_answer,kl,0,0,B_doc,0.000003,
random_answer,kl,0,0,END,-0.000001,
random_answer,kl,0,1,A_def,0.000000,
random_answer,kl,0,1,B_def,0.000000,
random_answer,kl,0,1,comma_B,0.000000,
random_answer,kl,0,1,C_def,0.084484,
random_answer,kl,0,1,A_doc,-0.000055,
random_answer,kl,0,1,B_doc,-0.000031,
random_answer,kl,0,1,END,-0.000002,
random_answer,kl,0,2,A_def,0.000000,
random_answer,kl,0,2,B_def,0.000000,
random_answer,kl,0,2,comma_B,0.000000,
random_answer,kl,0,2,C_def,0.005280,
random_answer,kl,0,2,A_doc,0.000074,
random_answer,kl,0,2,B_doc,-0.000010,
random_answer,kl,0,2,END,-0.000008,
random_answer,kl,0,3,A_def,0.000000,
random_answer,kl,0,3,B_def,0.000000,
random_answer,kl,0,3,comma_B,0.000000,
random_answer,kl,0,3,C_def,-0.001774,
random_answer,kl,0,3,A_doc,0.000048,
random_answer,kl,0,3,B_doc,0.000013,
random_answer,kl,0,3,END,-0.000007,
random_answer,kl,0,4,A_def,0.000000,
random_answer,kl,0,4,B_def,0.000000,
random_answer,kl,0,4,comma_B,0.000000,
random_answer,kl,0,4,C_def,0.001290,
random_answer,kl,0,4,A_doc,0.000260,
random_answer,kl,0,4,B_doc,0.000506,
random_answer,kl,0,4,END,0.002218,
random_answer,kl,0,5,A_def,0.000000,duplicate token
random_answer,kl,0,5,B_def,0.000000,duplicate token
random_answer,kl,0,5,comma_B,0.000000,duplicate token
random_answer,kl,0,5,C_def,0.226580,duplicate token
random_answer,kl,0,5,A_doc,0.000000,duplicate token
random_answer,kl,0,5,B_doc,0.000000,duplicate token
random_answer,kl,0,5,END,-0.000035,duplicate token
random_answer,kl,0,6,A_def,0.000000,
random_answer,kl,0,6,B_def,0.000000,
random_answer,kl,0,6,comma_B,0.000000,
random_answer,kl,0,6,C_def,0.010210,
random_answer,kl,0,6,A_doc,-0.000117,
random_answer,kl,0,6,B_doc,-0.000245,
random_answer,kl,0,6,END,-0.000263,
random_answer,kl,0,7,A_def,0.000000,
random_answer,kl,0,7,B_def,0.000000,
random_answer,kl,0,7,comma_B,0.000000,
random_answer,kl,0,7,C_def,0.001148,
random_answer,kl,0,7,A_doc,0.000005,
random_answer,kl,0,7,B_doc,-0.000035,
random_answer,kl,0,7,END,-0.000002,
random_answer,kl,1,0,A_def,0.000000,
random_answer,kl,1,0,B_def,0.000000,
random_answer,kl,1,0,comma_B,0.000000,
random_answer,kl,1,0,C_def,0.040801,
random_answer,kl,1,0,A_doc,-0.000003,
random_answer,kl,1,0,B_doc,-0.000024,
random_answer,kl,1,0,END,0.000074,
random_answer,kl,1,1,A_def,0.000000,
random_answer,kl,1,1,B_def,0.000000,
random_answer,kl,1,1,comma_B,0.000000,
random_answer,kl,1,1,C_def,0.003002,
random_answer,kl,1,1,A_doc,0.000029,
random_answer,kl,1,1,B_doc,-0.000001,
random_answer,kl,1,1,END,0.000283,
random_answer,kl,1,2,A_def,0.000000,duplicate token
random_answer,kl,1,2,B_def,0.000000,duplicate token
random_answer,kl,1,2,comma_B,0.000000,duplicate token
random_answer,kl,1,2,C_def,-0.001675,duplicate token
random_answer,kl,1,2,A_doc,-0.000036,duplicate token
random_answer,kl,1,2,B_doc,-0.000021,duplicate token
random_answer,kl,1,2,END,0.000520,duplicate token
random_answer,kl,1,3,A_def,0.000000,
random_answer,kl,1,3,B_def,0.000000,
random_answer,kl,1,3,comma_B,0.000000,
random_answer,kl,1,3,C_def,0.011628,
random_answer,kl,1,3,A_doc,0.000584,
random_answer,kl,1,3,B_doc,0.000921,
random_answer,kl,1,3,END,0.002489,
random_answer,kl,1,4,A_def,0.000000,induction + fuzzy previous token
random_answer,kl,1,4,B_def,0.000000,induction + fuzzy previous token
random_answer,kl,1,4,comma_B,0.000000,induction + fuzzy previous token
random_answer,kl,1,4,C_def,0.000164,induction + fuzzy previous token
random_answer,kl,1,4,A_doc,-0.000004,induction + fuzzy previous token
random_answer,kl,1,4,B_doc,-0.000028,induction + fuzzy previous token
random_answer,kl,1,4,END,-0.000924,induction + fuzzy previous token
random_answer,kl,1,5,A_def,0.000000,
random_answer,kl,1,5,B_def,0.000000,
random_answer,kl,1,5,comma_B,0.000000,
random_answer,kl,1,5,C_def,0.006702,
random_answer,kl,1,5,A_doc,0.000029,
random_answer,kl,1,5,B_doc,-0.000029,
random_answer,kl,1,5,END,0.000589,
random_answer,kl,1,6,A_def,0.000000,
random_answer,kl,1,6,B_def,0.000000,
random_answer,kl,1,6,comma_B,0.000000,
random_answer,kl,1,6,C_def,0.003904,
random_answer,kl,1,6,A_doc,0.000029,
random_answer,kl,1,6,B_doc,-0.000017,
random_answer,kl,1,6,END,0.000345,
random_answer,kl,1,7,A_def,0.000000,
random_answer,kl,1,7,B_def,0.000000,
random_answer,kl,1,7,comma_B,0.000000,
random_answer,kl,1,7,C_def,-0.001560,
random_answer,kl,1,7,A_doc,-0.000022,
random_answer,kl,1,7,B_doc,0.000023,
random_answer,kl,1,7,END,-0.000284,
random_answer,kl,2,0,A_def,0.000000,fuzzy previous token
random_answer,kl,2,0,B_def,0.000000,fuzzy previous token
random_answer,kl,2,0,comma_B,0.000000,fuzzy previous token
random_answer,kl,2,0,C_def,0.007264,fuzzy previous token
random_answer,kl,2,0,A_doc,-0.000009,fuzzy previous token
random_answer,kl,2,0,B_doc,-0.000035,fuzzy previous token
random_answer,kl,2,0,END,0.000259,fuzzy previous token
random_answer,kl,2,1,A_def,0.000000,
random_answer,kl,2,1,B_def,0.000000,
random_answer,kl,2,1,comma_B,0.000000,
random_answer,kl,2,1,C_def,0.005058,
random_answer,kl,2,1,A_doc,0.000068,
random_answer,kl,2,1,B_doc,0.000061,
random_answer,kl,2,1,END,0.000338,
random_answer,kl,2,2,A_def,0.000000,
random_answer,kl,2,2,B_def,0.000000,
random_answer,kl,2,2,comma_B,0.000000,
random_answer,kl,2,2,C_def,0.053270,
random_answer,kl,2,2,A_doc,-0.000242,
random_answer,kl,2,2,B_doc,-0.000564,
random_answer,kl,2,2,END,-0.002524,
random_answer,kl,2,3,A_def,0.000000,
random_answer,kl,2,3,B_def,0.000000,
random_answer,kl,2,3,comma_B,0.000000,
random_answer,kl,2,3,C_def,0.021630,
random_answer,kl,2,3,A_doc,0.002263,
random_answer,kl,2,3,B_doc,0.003323,
random_answer,kl,2,3,END,0.106030,
random_answer,kl,2,4,A_def,0.000000,
random_answer,kl,2,4,B_def,0.000000,
random_answer,kl,2,4,comma_B,0.000000,
random_answer,kl,2,4,C_def,0.000190,
random_answer,kl,2,4,A_doc,0.000021,
random_answer,kl,2,4,B_doc,-0.000004,
random_answer,kl,2,4,END,0.000367,
random_answer,kl,2,5,A_def,0.000000,
random_answer,kl,2,5,B_def,0.000000,
random_answer,kl,2,5,comma_B,0.000000,
random_answer,kl,2,5,C_def,0.031689,
random_answer,kl,2,5,A_doc,-0.000029,
random_answer,kl,2,5,B_doc,0.000024,
random_answer,kl,2,5,END,0.000302,
random_answer,kl,2,6,A_def,0.000000,
random_answer,kl,2,6,B_def,0.000000,
random_answer,kl,2,6,comma_B,0.000000,
random_answer,kl,2,6,C_def,0.006449,
random_answer,kl,2,6,A_doc,-0.000001,
random_answer,kl,2,6,B_doc,0.000021,
random_answer,kl,2,6,END,0.000072,
random_answer,kl,2,7,A_def,0.000000,
random_answer,kl,2,7,B_def,0.000000,
random_answer,kl,2,7,comma_B,0.000000,
random_answer,kl,2,7,C_def,-0.001423,
random_answer,kl,2,7,A_doc,-0.000028,
random_answer,kl,2,7,B_doc,0.000048,
random_answer,kl,2,7,END,0.000245,
random_answer,kl,3,0,A_def,0.000000,argument mover
random_answer,kl,3,0,B_def,0.000000,argument mover
random_answer,kl,3,0,comma_B,0.000000,argument mover
random_answer,kl,3,0,C_def,0.000000,argument mover
random_answer,kl,3,0,A_doc,0.000000,argument mover
random_answer,kl,3,0,B_doc,0.000000,argument mover
random_answer,kl,3,0,END,0.641692,argument mover
random_answer,kl,3,1,A_def,0.000000,
random_answer,kl,3,1,B_def,0.000000,
random_answer,kl,3,1,comma_B,0.000000,
random_answer,kl,3,1,C_def,0.000000,
random_answer,kl,3,1,A_doc,0.000000,
random_answer,kl,3,1,B_doc,0.000000,
random_answer,kl,3,1,END,0.001716,
random_answer,kl,3,2,A_def,0.000000,
random_answer,kl,3,2,B_def,0.000000,
random_answer,kl,3,2,comma_B,0.000000,
random_answer,kl,3,2,C_def,0.000000,
random_answer,kl,3,2,A_doc,0.000000,
random_answer,kl,3,2,B_doc,0.000000,
random_answer,kl,3,2,END,0.005174,
random_answer,kl,3,3,A_def,0.000000,
random_answer,kl,3,3,B_def,0.000000,
random_answer,kl,3,3,comma_B,0.000000,
random_answer,kl,3,3,C_def,0.000000,
random_answer,kl,3,3,A_doc,0.000000,
random_answer,kl,3,3,B_doc,0.000000,
random_answer,kl,3,3,END,0.033306,
random_answer,kl,3,4,A_def,0.000000,
random_answer,kl,3,4,B_def,0.000000,
random_answer,kl,3,4,comma_B,0.000000,
random_answer,kl,3,4,C_def,0.000000,
random_answer,kl,3,4,A_doc,0.000000,
random_answer,kl,3,4,B_doc,0.000000,
random_answer,kl,3,4,END,0.012215,
random_answer,kl,3,5,A_def,0.000000,
random_answer,kl,3,5,B_def,0.000000,
random_answer,kl,3,5,comma_B,0.000000,
random_answer,kl,3,5,C_def,0.000000,
random_answer,kl,3,5,A_doc,0.000000,
random_answer,kl,3,5,B_doc,0.000000,
random_answer,kl,3,5,END,0.043435,
random_answer,kl,3,6,A_def,0.000000,argument mover
random_answer,kl,3,6,B_def,0.000000,argument mover
random_answer,kl,3,6,comma_B,0.000000,argument mover
random_answer,kl,3,6,C_def,0.000000,argument mover
random_answer,kl,3,6,A_doc,0.000000,argument mover
random_answer,kl,3,6,B_doc,0.000000,argument mover
random_answer,kl,3,6,END,0.591377,argument mover
random_answer,kl,3,7,A_def,0.000000,
random_answer,kl,3,7,B_def,0.000000,
random_answer,kl,3,7,comma_B,0.000000,
random_answer,kl,3,7,C_def,0.000000,
random_answer,kl,3,7,A_doc,0.000000,
random_answer,kl,3,7,B_doc,0.000000,
random_answer,kl,3,7,END,-0.000949,
random_answer,tv,0,0,A_def,0.000000,
random_answer,tv,0,0,B_def,0.000000,
random_answer,tv,0,0,comma_B,0.000000,
random_answer,tv,0,0,C_def,0.047572,
random_answer,tv,0,0,A_doc,0.000001,
random_answer,tv,0,0,B_doc,-0.000002,
random_answer,tv,0,0,END,-0.000000,
random_answer,tv,0,1,A_def,0.000000,
random_answer,tv,0,1,B_def,0.000000,
random_answer,tv,0,1,comma_B,0.000000,
random_answer,tv,0,1,C_def,0.044446,
random_answer,tv,0,1,A_doc,-0.000041,
random_answer,tv,0,1,B_doc,-0.000035,
random_answer,tv,0,1,END,0.000007,
random_answer,tv,0,2,A_def,0.000000,
random_answer,tv,0,2,B_def,0.000000,
random_answer,tv,0,2,comma_B,0.000000,
random_answer,tv,0,2,C_def,0.003124,
random_answer,tv,0,2,A_doc,0.000062,
random_answer,tv,0,2,B_doc,-0.000009,
random_answer,tv,0,2,END,-0.000010,
random_answer,tv,0,3,A_def,0.000000,
random_answer,tv,0,3,B_def,0.000000,
random_answer,tv,0,3,comma_B,0.000000,
random_answer,tv,0,3,C_def,-0.002474,
random_answer,tv,0,3,A_doc,-0.000003,
random_answer,tv,0,3,B_doc,-0.000097,
random_answer,tv,0,3,END,-0.000061,
random_answer,tv,0,4,A_def,0.000000,
random_answer,tv,0,4,B_def,0.000000,
random_answer,tv,0,4,comma_B,0.000000,
random_answer,tv,0,4,C_def,0.001396,
random_answer,tv,0,4,A_doc,0.000137,
random_answer,tv,0,4,B_doc,0.000197,
random_answer,tv,0,4,END,0.001163,
random_answer,tv,0,5,A_def,0.000000,duplicate token
random_answer,tv,0,5,B_def,0.000000,duplicate token
random_answer,tv,0,5,comma_B,0.000000,duplicate token
random_answer,tv,0,5,C_def,0.089587,duplicate token
random_answer,tv,0,5,A_doc,0.000001,duplicate token
random_answer,tv,0,5,B_doc,0.000001,duplicate token
random_answer,tv,0,5,END,-0.000030,duplicate token
random_answer,tv,0,6,A_def,0.000000,
random_answer,tv,0,6,B_def,0.000000,
random_answer,tv,0,6,comma_B,0.000000,
random_answer,tv,0,6,C_def,0.008422,
random_answer,tv,0,6,A_doc,-0.000049,
random_answer,tv,0,6,B_doc,-0.000274,
random_answer,tv,0,6,END,-0.000121,
random_answer,tv,0,7,A_def,0.000000,
random_answer,tv,0,7,B_def,0.000000,
random_answer,tv,0,7,comma_B,0.000000,
random_answer,tv,0,7,C_def,-0.003700,
random_answer,tv,0,7,A_doc,0.000006,
random_answer,tv,0,7,B_doc,-0.000029,
random_answer,tv,0,7,END,-0.000001,
random_answer,tv,1,0,A_def,0.000000,
random_answer,tv,1,0,B_def,0.000000,
random_answer,tv,1,0,comma_B,0.000000,
random_answer,tv,1,0,C_def,0.025197,
random_answer,tv,1,0,A_doc,0.000029,
random_answer,tv,1,0,B_doc,-0.000022,
random_answer,tv,1,0,END,-0.000073,
random_answer,tv,1,1,A_def,0.000000,
random_answer,tv,1,1,B_def,0.000000,
random_answer,tv,1,1,comma_B,0.000000,
random_answer,tv,1,1,C_def,0.001743,
random_answer,tv,1,1,A_doc,0.000041,
random_answer,tv,1,1,B_doc,-0.000049,
random_answer,tv,1,1,END,0.000380,
random_answer,tv,1,2,A_def,0.000000,duplicate token
random_answer,tv,1,2,B_def,0.000000,duplicate token
random_answer,tv,1,2,comma_B,0.000000,duplicate token
random_answer,tv,1,2,C_def,0.015442,duplicate token
random_answer,tv,1,2,A_doc,-0.000192,duplicate token
random_answer,tv,1,2,B_doc,-0.000279,duplicate token
random_answer,tv,1,2,END,0.000340,duplicate token
random_answer,tv,1,3,A_def,0.000000,
random_answer,tv,1,3,B_def,0.000000,
random_answer,tv,1,3,comma_B,0.000000,
random_answer,tv,1,3,C_def,0.002456,
random_answer,tv,1,3,A_doc,0.000302,
random_answer,tv,1,3,B_doc,0.000452,
random_answer,tv,1,3,END,0.001242,
random_answer,tv,1,4,A_def,0.000000,induction + fuzzy previous token
random_answer,tv,1,4,B_def,0.000000,induction + fuzzy previous token
random_answer,tv,1,4,comma_B,0.000000,induction + fuzzy previous token
random_answer,tv,1,4,C_def,-0.000807,induction + fuzzy previous token
random_answer,tv,1,4,A_doc,-0.000012,induction + fuzzy previous token
random_answer,tv,1,4,B_doc,-0.000006,induction + fuzzy previous token
random_answer,tv,1,4,END,-0.000538,induction + fuzzy previous token
random_answer,tv,1,5,A_def,0.000000,
random_answer,tv,1,5,B_def,0.000000,
random_answer,tv,1,5,comma_B,0.000000,
random_answer,tv,1,5,C_def,0.007707,
random_answer,tv,1,5,A_doc,0.000062,
random_answer,tv,1,5,B_doc,-0.000107,
random_answer,tv,1,5,END,0.000123,
random_answer,tv,1,6,A_def,0.000000,
random_answer,tv,1,6,B_def,0.000000,
random_answer,tv,1,6,comma_B,0.000000,
random_answer,tv,1,6,C_def,0.002048,
random_answer,tv,1,6,A_doc,0.000011,
random_answer,tv,1,6,B_doc,-0.000012,
random_answer,tv,1,6,END,0.000326,
random_answer,tv,1,7,A_def,0.000000,
random_answer,tv,1,7,B_def,0.000000,
random_answer,tv,1,7,comma_B,0.000000,
random_answer,tv,1,7,C_def,-0.003916,
random_answer,tv,1,7,A_doc,-0.000015,
random_answer,tv,1,7,B_doc,-0.000028,
random_answer,tv,1,7,END,-0.000113,
random_answer,tv,2,0,A_def,0.000000,fuzzy previous token
random_answer,tv,2,0,B_def,0.000000,fuzzy previous token
random_answer,tv,2,0,comma_B,0.000000,fuzzy previous token
random_answer,tv,2,0,C_def,0.010679,fuzzy previous token
random_answer,tv,2,0,A_doc,0.000005,fuzzy previous token
random_answer,tv,2,0,B_doc,-0.000067,fuzzy previous token
random_answer,tv,2,0,END,-0.000012,fuzzy previous token
random_answer,tv,2,1,A_def,0.000000,
random_answer,tv,2,1,B_def,0.000000,
random_answer,tv,2,1,comma_B,0.000000,
random_answer,tv,2,1,C_def,0.002238,
random_answer,tv,2,1,A_doc,0.000009,
random_answer,tv,2,1,B_doc,0.000001,
random_answer,tv,2,1,END,0.000417,
random_answer,tv,2,2,A_def,0.000000,
random_answer,tv,2,2,B_def,0.000000,
random_answer,tv,2,2,comma_B,0.000000,
random_answer,tv,2,2,C_def,0.061201,
random_answer,tv,2,2,A_doc,-0.000164,
random_answer,tv,2,2,B_doc,-0.000215,
random_answer,tv,2,2,END,0.001112,
random_answer,tv,2,3,A_def,0.000000,
random_answer,tv,2,3,B_def,0.000000,
random_answer,tv,2,3,comma_B,0.000000,
random_answer,tv,2,3,C_def,-0.015041,
random_answer,tv,2,3,A_doc,0.000741,
random_answer,tv,2,3,B_doc,0.002049,
random_answer,tv,2,3,END,0.044088,
random_answer,tv,2,4,A_def,0.000000,
random_answer,tv,2,4,B_def,0.000000,
random_answer,tv,2,4,comma_B,0.000000,
random_answer,tv,2,4,C_def,0.000248,
random_answer,tv,2,4,A_doc,0.000033,
random_answer,tv,2,4,B_doc,-0.000020,
random_answer,tv,2,4,END,0.000207,
random_answer,tv,2,5,A_def,0.000000,
random_answer,tv,2,5,B_def,0.000000,
random_answer,tv,2,5,comma_B,0.000000,
random_answer,tv,2,5,C_def,0.008860,
random_answer,tv,2,5,A_doc,-0.000048,
random_answer,tv,2,5,B_doc,-0.000046,
random_answer,tv,2,5,END,0.000080,
random_answer,tv,2,6,A_def,0.000000,
random_answer,tv,2,6,B_def,0.000000,
random_answer,tv,2,6,comma_B,0.000000,
random_answer,tv,2,6,C_def,0.007885,
random_answer,tv,2,6,A_doc,-0.000065,
random_answer,tv,2,6,B_doc,-0.000031,
random_answer,tv,2,6,END,-0.000090,
random_answer,tv,2,7,A_def,0.000000,
random_answer,tv,2,7,B_def,0.000000,
random_answer,tv,2,7,comma_B,0.000000,
random_answer,tv,2,7,C_def,-0.001371,
random_answer,tv,2,7,A_doc,-0.000007,
random_answer,tv,2,7,B_doc,-0.000002,
random_answer,tv,2,7,END,0.000027,
random_answer,tv,3,0,A_def,0.000000,argument mover
random_answer,tv,3,0,B_def,0.000000,argument mover
random_answer,tv,3,0,comma_B,0.000000,argument mover
random_answer,tv,3,0,C_def,0.000000,argument mover
random_answer,tv,3,0,A_doc,0.000000,argument mover
random_answer,tv,3,0,B_doc,0.000000,argument mover
random_answer,tv,3,0,END,0.309596,argument mover
random_answer,tv,3,1,A_def,0.000000,
random_answer,tv,3,1,B_def,0.000000,
random_answer,tv,3,1,comma_B,0.000000,
random_answer,tv,3,1,C_def,0.000000,
random_answer,tv,3,1,A_doc,0.000000,
random_answer,tv,3,1,B_doc,0.000000,
random_answer,tv,3,1,END,0.000325,
random_answer,tv,3,2,A_def,0.000000,
random_answer,tv,3,2,B_def,0.000000,
random_answer,tv,3,2,comma_B,0.000000,
random_answer,tv,3,2,C_def,0.000000,
random_answer,tv,3,2,A_doc,0.000000,
random_answer,tv,3,2,B_doc,0.000000,
random_answer,tv,3,2,END,0.002707,
random_answer,tv,3,3,A_def,0.000000,
random_answer,tv,3,3,B_def,0.000000,
random_answer,tv,3,3,comma_B,0.000000,
random_answer,tv,3,3,C_def,0.000000,
random_answer,tv,3,3,A_doc,0.000000,
random_answer,tv,3,3,B_doc,0.000000,
random_answer,tv,3,3,END,0.014001,
random_answer,tv,3,4,A_def,0.000000,
random_answer,tv,3,4,B_def,0.000000,
random_answer,tv,3,4,comma_B,0.000000,
random_answer,tv,3,4,C_def,0.000000,
random_answer,tv,3,4,A_doc,0.000000,
random_answer,tv,3,4,B_doc,0.000000,
random_answer,tv,3,4,END,0.006752,
random_answer,tv,3,5,A_def,0.000000,
random_answer,tv,3,5,B_def,0.000000,
random_answer,tv,3,5,comma_B,0.000000,
random_answer,tv,3,5,C_def,0.000000,
random_answer,tv,3,5,A_doc,0.000000,
random_answer,tv,3,5,B_doc,0.000000,
random_answer,tv,3,5,END,0.018268,
random_answer,tv,3,6,A_def,0.000000,argument mover
random_answer,tv,3,6,B_def,0.000000,argument mover
random_answer,tv,3,6,comma_B,0.000000,argument mover
random_answer,tv,3,6,C_def,0.000000,argument mover
random_answer,tv,3,6,A_doc,0.000000,argument mover
random_answer,tv,3,6,B_doc,0.000000,argument mover
random_answer,tv,3,6,END,0.253613,argument mover
random_answer,tv,3,7,A_def,0.000000,
random_answer,tv,3,7,B_def,0.000000,
random_answer,tv,3,7,comma_B,0.000000,
random_answer,tv,3,7,C_def,0.000000,
random_answer,tv,3,7,A_doc,0.000000,
random_answer,tv,3,7,B_doc,0.000000,
random_answer,tv,3,7,END,-0.000901,
random_vocab_cdef,logit_diff,0,0,A_def,0.000000,
random_vocab_cdef,logit_diff,0,0,B_def,0.000000,
random_vocab_cdef,logit_diff,0,0,comma_B,0.000000,
random_vocab_cdef,logit_diff,0,0,C_def,0.087168,
random_vocab_cdef,logit_diff,0,0,A_doc,0.000032,
random_vocab_cdef,logit_diff,0,0,B_doc,0.000002,
random_vocab_cdef,logit_diff,0,0,END,0.000002,
random_vocab_cdef,logit_diff,0,1,A_def,0.000000,
random_vocab_cdef,logit_diff,0,1,B_def,0.000000,
random_vocab_cdef,logit_diff,0,1,comma_B,0.000000,
random_vocab_cdef,logit_diff,0,1,C_def,0.029371,
random_vocab_cdef,logit_diff,0,1,A_doc,-0.000006,
random_vocab_cdef,logit_diff,0,1,B_doc,-0.000086,
random_vocab_cdef,logit_diff,0,1,END,-0.000010,
random_vocab_cdef,logit_diff,0,2,A_def,0.000000,
random_vocab_cdef,logit_diff,0,2,B_def,0.000000,
random_vocab_cdef,logit_diff,0,2,comma_B,0.000000,
random_vocab_cdef,logit_diff,0,2,C_def,0.006235,
random_vocab_cdef,logit_diff,0,2,A_doc,-0.000011,
random_vocab_cdef,logit_diff,0,2,B_doc,0.000069,
random_vocab_cdef,logit_diff,0,2,END,0.000036,
random_vocab_cdef,logit_diff,0,3,A_def,0.000000,
random_vocab_cdef,logit_diff,0,3,B_def,0.000000,
random_vocab_cdef,logit_diff,0,3,comma_B,0.000000,
random_vocab_cdef,logit_diff,0,3,C_def,0.010590,
random_vocab_cdef,logit_diff,0,3,A_doc,-0.000095,
random_vocab_cdef,logit_diff,0,3,B_doc,0.000334,
random_vocab_cdef,logit_diff,0,3,END,0.000107,
random_vocab_cdef,logit_diff,0,4,A_def,0.000000,
random_vocab_cdef,logit_diff,0,4,B_def,0.000000,
random_vocab_cdef,logit_diff,0,4,comma_B,0.000000,
random_vocab_cdef,logit_diff,0,4,C_def,0.000525,
random_vocab_cdef,logit_diff,0,4,A_doc,0.000684,
random_vocab_cdef,logit_diff,0,4,B_doc,0.000318,
random_vocab_cdef,logit_diff,0,4,END,0.001843,
random_vocab_cdef,logit_diff,0,5,A_def,0.000000,duplicate token
random_vocab_cdef,logit_diff,0,5,B_def,0.000000,duplicate token
random_vocab_cdef,logit_diff,0,5,comma_B,0.000000,duplicate token
random_vocab_cdef,logit_diff,0,5,C_def,0.119510,duplicate token
random_vocab_cdef,logit_diff,0,5,A_doc,0.000002,duplicate token
random_vocab_cdef,logit_diff,0,5,B_doc,0.000002,duplicate token
random_vocab_cdef,logit_diff,0,5,END,0.000013,duplicate token
random_vocab_cdef,logit_diff,0,6,A_def,0.000000,
random_vocab_cdef,logit_diff,0,6,B_def,0.000000,
random_vocab_cdef,logit_diff,0,6,comma_B,0.000000,
random_vocab_cdef,logit_diff,0,6,C_def,0.008872,
random_vocab_cdef,logit_diff,0,6,A_doc,0.000073,
random_vocab_cdef,logit_diff,0,6,B_doc,-0.000265,
random_vocab_cdef,logit_diff,0,6,END,-0.000020,
random_vocab_cdef,logit_diff,0,7,A_def,0.000000,
random_vocab_cdef,logit_diff,0,7,B_def,0.000000,
random_vocab_cdef,logit_diff,0,7,comma_B,0.000000,
random_vocab_cdef,logit_diff,0,7,C_def,0.010199,
random_vocab_cdef,logit_diff,0,7,A_doc,0.000019,
random_vocab_cdef,logit_diff,0,7,B_doc,0.000002,
random_vocab_cdef,logit_diff,0,7,END,0.000002,
random_vocab_cdef,logit_diff,1,0,A_def,0.000000,
random_vocab_cdef,logit_diff,1,0,B_def,0.000000,
random_vocab_cdef,logit_diff,1,0,comma_B,0.000000,
random_vocab_cdef,logit_diff,1,0,C_def,0.015564,
random_vocab_cdef,logit_diff,1,0,A_doc,-0.000050,
random_vocab_cdef,logit_diff,1,0,B_doc,-0.000033,
random_vocab_cdef,logit_diff,1,0,END,-0.000104,
random_vocab_cdef,logit_diff,1,1,A_def,0.000000,
random_vocab_cdef,logit_diff,1,1,B_def,0.000000,
random_vocab_cdef,logit_diff,1,1,comma_B,0.000000,
random_vocab_cdef,logit_diff,1,1,C_def,0.005247,
random_vocab_cdef,logit_diff,1,1,A_doc,-0.000004,
random_vocab_cdef,logit_diff,1,1,B_doc,0.000017,
random_vocab_cdef,logit_diff,1,1,END,-0.000051,
random_vocab_cdef,logit_diff,1,2,A_def,0.000000,duplicate token
random_vocab_cdef,logit_diff,1,2,B_def,0.000000,duplicate token
random_vocab_cdef,logit_diff,1,2,comma_B,0.000000,duplicate token
random_vocab_cdef,logit_diff,1,2,C_def,-0.025184,duplicate token
random_vocab_cdef,logit_diff,1,2,A_doc,-0.000098,duplicate token
random_vocab_cdef,logit_diff,1,2,B_doc,0.000036,duplicate token
random_vocab_cdef,logit_diff,1,2,END,0.000036,duplicate token
random_vocab_cdef,logit_diff,1,3,A_def,0.000000,
random_vocab_cdef,logit_diff,1,3,B_def,0.000000,
random_vocab_cdef,logit_diff,1,3,comma_B,0.000000,
random_vocab_cdef,logit_diff,1,3,C_def,0.014604,
random_vocab_cdef,logit_diff,1,3,A_doc,0.000527,
random_vocab_cdef,logit_diff,1,3,B_doc,0.000412,
random_vocab_cdef,logit_diff,1,3,END,0.002051,
random_vocab_cdef,logit_diff,1,4,A_def,0.000000,induction + fuzzy previous token
random_vocab_cdef,logit_diff,1,4,B_def,0.000000,induction + fuzzy previous token
random_vocab_cdef,logit_diff,1,4,comma_B,0.000000,induction + fuzzy previous token
random_vocab_cdef,logit_diff,1,4,C_def,0.001263,induction + fuzzy previous token
random_vocab_cdef,logit_diff,1,4,A_doc,-0.000003,induction + fuzzy previous token
random_vocab_cdef,logit_diff,1,4,B_doc,-0.000020,induction + fuzzy previous token
random_vocab_cdef,logit_diff,1,4,END,0.000707,induction + fuzzy previous token
random_vocab_cdef,logit_diff,1,5,A_def,0.000000,
random_vocab_cdef,logit_diff,1,5,B_def,0.000000,
random_vocab_cdef,logit_diff,1,5,comma_B,0.000000,
random_vocab_cdef,logit_diff,1,5,C_def,-0.001209,
random_vocab_cdef,logit_diff,1,5,A_doc,0.000014,
random_vocab_cdef,logit_diff,1,5,B_doc,-0.000255,
random_vocab_cdef,logit_diff,1,5,END,0.001162,
random_vocab_cdef,logit_diff,1,6,A_def,0.000000,
random_vocab_cdef,logit_diff,1,6,B_def,0.000000,
random_vocab_cdef,logit_diff,1,6,comma_B,0.000000,
random_vocab_cdef,logit_diff,1,6,C_def,0.007996,
random_vocab_cdef,logit_diff,1,6,A_doc,-0.000001,
random_vocab_cdef,logit_diff,1,6,B_doc,0.000057,
random_vocab_cdef,logit_diff,1,6,END,0.000104,
random_vocab_cdef,logit_diff,1,7,A_def,0.000000,
random_vocab_cdef,logit_diff,1,7,B_def,0.000000,
random_vocab_cdef,logit_diff,1,7,comma_B,0.000000,
random_vocab_cdef,logit_diff,1,7,C_def,0.004729,
random_vocab_cdef,logit_diff,1,7,A_doc,0.000078,
random_vocab_cdef,logit_diff,1,7,B_doc,0.000003,
random_vocab_cdef,logit_diff,1,7,END,-0.000506,
random_vocab_cdef,logit_diff,2,0,A_def,0.000000,fuzzy previous token
random_vocab_cdef,logit_diff,2,0,B_def,0.000000,fuzzy previous token
random_vocab_cdef,logit_diff,2,0,comma_B,0.000000,fuzzy previous token
random_vocab_cdef,logit_diff,2,0,C_def,0.004052,fuzzy previous token
random_vocab_cdef,logit_diff,2,0,A_doc,0.000021,fuzzy previous token
random_vocab_cdef,logit_diff,2,0,B_doc,-0.000303,fuzzy previous token
random_vocab_cdef,logit_diff,2,0,END,-0.000394,fuzzy previous token
random_vocab_cdef,logit_diff,2,1,A_def,0.000000,
random_vocab_cdef,logit_diff,2,1,B_def,0.000000,
random_vocab_cdef,logit_diff,2,1,comma_B,0.000000,
random_vocab_cdef,logit_diff,2,1,C_def,-0.002093,
random_vocab_cdef,logit_diff,2,1,A_doc,0.000027,
random_vocab_cdef,logit_diff,2,1,B_doc,0.000188,
random_vocab_cdef,logit_diff,2,1,END,0.000226,
random_vocab_cdef,logit_diff,2,2,A_def,0.000000,
random_vocab_cdef,logit_diff,2,2,B_def,0.000000,
random_vocab_cdef,logit_diff,2,2,comma_B,0.000000,
random_vocab_cdef,logit_diff,2,2,C_def,-0.062709,
random_vocab_cdef,logit_diff,2,2,A_doc,-0.000017,
random_vocab_cdef,logit_diff,2,2,B_doc,0.000342,
random_vocab_cdef,logit_diff,2,2,END,-0.005167,
random_vocab_cdef,logit_diff,2,3,A_def,0.000000,
random_vocab_cdef,logit_diff,2,3,B_def,0.000000,
random_vocab_cdef,logit_diff,2,3,comma_B,0.000000,
random_vocab_cdef,logit_diff,2,3,C_def,0.067820,
random_vocab_cdef,logit_diff,2,3,A_doc,0.001330,
random_vocab_cdef,logit_diff,2,3,B_doc,0.002592,
random_vocab_cdef,logit_diff,2,3,END,0.072425,
random_vocab_cdef,logit_diff,2,4,A_def,0.000000,
random_vocab_cdef,logit_diff,2,4,B_def,0.000000,
random_vocab_cdef,logit_diff,2,4,comma_B,0.000000,
random_vocab_cdef,logit_diff,2,4,C_def,0.000759,
random_vocab_cdef,logit_diff,2,4,A_doc,0.000028,
random_vocab_cdef,logit_diff,2,4,B_doc,0.000103,
random_vocab_cdef,logit_diff,2,4,END,0.000265,
random_vocab_cdef,logit_diff,2,5,A_def,0.000000,
random_vocab_cdef,logit_diff,2,5,B_def,0.000000,
random_vocab_cdef,logit_diff,2,5,comma_B,0.000000,
random_vocab_cdef,logit_diff,2,5,C_def,0.027907,
random_vocab_cdef,logit_diff,2,5,A_doc,-0.000014,
random_vocab_cdef,logit_diff,2,5,B_doc,-0.000138,
random_vocab_cdef,logit_diff,2,5,END,0.000279,
random_vocab_cdef,logit_diff,2,6,A_def,0.000000,
random_vocab_cdef,logit_diff,2,6,B_def,0.000000,
random_vocab_cdef,logit_diff,2,6,comma_B,0.000000,
random_vocab_cdef,logit_diff,2,6,C_def,-0.000297,
random_vocab_cdef,logit_diff,2,6,A_doc,-0.000026,
random_vocab_cdef,logit_diff,2,6,B_doc,-0.000154,
random_vocab_cdef,logit_diff,2,6,END,0.000403,
random_vocab_cdef,logit_diff,2,7,A_def,0.000000,
random_vocab_cdef,logit_diff,2,7,B_def,0.000000,
random_vocab_cdef,logit_diff,2,7,comma_B,0.000000,
random_vocab_cdef,logit_diff,2,7,C_def,-0.000283,
random_vocab_cdef,logit_diff,2,7,A_doc,0.000019,
random_vocab_cdef,logit_diff,2,7,B_doc,0.000064,
random_vocab_cdef,logit_diff,2,7,END,0.000712,
random_vocab_cdef,logit_diff,3,0,A_def,0.000000,argument mover
random_vocab_cdef,logit_diff,3,0,B_def,0.000000,argument mover
random_vocab_cdef,logit_diff,3,0,comma_B,0.000000,argument mover
random_vocab_cdef,logit_diff,3,0,C_def,0.000000,argument mover
random_vocab_cdef,logit_diff,3,0,A_doc,0.000000,argument mover
random_vocab_cdef,logit_diff,3,0,B_doc,0.000000,argument mover
random_vocab_cdef,logit_diff,3,0,END,0.454269,argument mover
random_vocab_cdef,logit_diff,3,1,A_def,0.000000,
random_vocab_cdef,logit_diff,3,1,B_def,0.000000,
random_vocab_cdef,logit_diff,3,1,comma_B,0.000000,
random_vocab_cdef,logit_diff,3,1,C_def,0.000000,
random_vocab_cdef,logit_diff,3,1,A_doc,0.000000,
random_vocab_cdef,logit_diff,3,1,B_doc,0.000000,
random_vocab_cdef,logit_diff,3,1,END,0.001737,
random_vocab_cdef,logit_diff,3,2,A_def,0.000000,
random_vocab_cdef,logit_diff,3,2,B_def,0.000000,
random_vocab_cdef,logit_diff,3,2,comma_B,0.000000,
random_vocab_cdef,logit_diff,3,2,C_def,0.000000,
random_vocab_cdef,logit_diff,3,2,A_doc,0.000000,
random_vocab_cdef,logit_diff,3,2,B_doc,0.000000,
random_vocab_cdef,logit_diff,3,2,END,0.003121,
random_vocab_cdef,logit_diff,3,3,A_def,0.000000,
random_vocab_cdef,logit_diff,3,3,B_def,0.000000,
random_vocab_cdef,logit_diff,3,3,comma_B,0.000000,
random_vocab_cdef,logit_diff,3,3,C_def,0.000000,
random_vocab_cdef,logit_diff,3,3,A_doc,0.000000,
random_vocab_cdef,logit_diff,3,3,B_doc,0.000000,
random_vocab_cdef,logit_diff,3,3,END,0.016574,
random_vocab_cdef,logit_diff,3,4,A_def,0.000000,
random_vocab_cdef,logit_diff,3,4,B_def,0.000000,
random_vocab_cdef,logit_diff,3,4,comma_B,0.000000,
random_vocab_cdef,logit_diff,3,4,C_def,0.000000,
random_vocab_cdef,logit_diff,3,4,A_doc,0.000000,
random_vocab_cdef,logit_diff,3,4,B_doc,0.000000,
random_vocab_cdef,logit_diff,3,4,END,0.006940,
random_vocab_cdef,logit_diff,3,5,A_def,0.000000,
random_vocab_cdef,logit_diff,3,5,B_def,0.000000,
random_vocab_cdef,logit_diff,3,5,comma_B,0.000000,
random_vocab_cdef,logit_diff,3,5,C_def,0.000000,
random_vocab_cdef,logit_diff,3,5,A_doc,0.000000,
random_vocab_cdef,logit_diff,3,5,B_doc,0.000000,
random_vocab_cdef,logit_diff,3,5,END,0.029856,
random_vocab_cdef,logit_diff,3,6,A_def,0.000000,argument mover
random_vocab_cdef,logit_diff,3,6,B_def,0.000000,argument mover
random_vocab_cdef,logit_diff,3,6,comma_B,0.000000,argument mover
random_vocab_cdef,logit_diff,3,6,C_def,0.000000,argument mover
random_vocab_cdef,logit_diff,3,6,A_doc,0.000000,argument mover
random_vocab_cdef,logit_diff,3,6,B_doc,0.000000,argument mover
random_vocab_cdef,logit_diff,3,6,END,0.420990,argument mover
random_vocab_cdef,logit_diff,3,7,A_def,0.000000,
random_vocab_cdef,logit_diff,3,7,B_def,0.000000,
random_vocab_cdef,logit_diff,3,7,comma_B,0.000000,
random_vocab_cdef,logit_diff,3,7,C_def,0.000000,
random_vocab_cdef,logit_diff,3,7,A_doc,0.000000,
random_vocab_cdef,logit_diff,3,7,B_doc,0.000000,
random_vocab_cdef,logit_diff,3,7,END,0.003078,
random_vocab_cdef,kl,0,0,A_def,0.000000,
random_vocab_cdef,kl,0,0,B_def,0.000000,
random_vocab_cdef,kl,0,0,comma_B,0.000000,
random_vocab_cdef,kl,0,0,C_def,0.125270,
random_vocab_cdef,kl,0,0,A_doc,0.000037,
random_vocab_cdef,kl,0,0,B_doc,0.000002,
random_vocab_cdef,kl,0,0,END,0.000004,
random_vocab_cdef,kl,0,1,A_def,0.000000,
random_vocab_cdef,kl,0,1,B_def,0.000000,
random_vocab_cdef,kl,0,1,comma_B,0.000000,
random_vocab_cdef,kl,0,1,C_def,0.069533,
random_vocab_cdef,kl,0,1,A_doc,-0.000030,
random_vocab_cdef,kl,0,1,B_doc,-0.000034,
random_vocab_cdef,kl,0,1,END,-0.000065,
random_vocab_cdef,kl,0,2,A_def,0.000000,
random_vocab_cdef,kl,0,2,B_def,0.000000,
random_vocab_cdef,kl,0,2,comma_B,0.000000,
random_vocab_cdef,kl,0,2,C_def,-0.002421,
random_vocab_cdef,kl,0,2,A_doc,0.000088,
random_vocab_cdef,kl,0,2,B_doc,-0.000055,
random_vocab_cdef,kl,0,2,END,-0.000061,
random_vocab_cdef,kl,0,3,A_def,0.000000,
random_vocab_cdef,kl,0,3,B_def,0.000000,
random_vocab_cdef,kl,0,3,comma_B,0.000000,
random_vocab_cdef,kl,0,3,C_def,-0.007089,
random_vocab_cdef,kl,0,3,A_doc,0.000047,
random_vocab_cdef,kl,0,3,B_doc,-0.000142,
random_vocab_cdef,kl,0,3,END,0.000047,
random_vocab_cdef,kl,0,4,A_def,0.000000,
random_vocab_cdef,kl,0,4,B_def,0.000000,
random_vocab_cdef,kl,0,4,comma_B,0.000000,
random_vocab_cdef,kl,0,4,C_def,-0.002137,
random_vocab_cdef,kl,0,4,A_doc,0.000631,
random_vocab_cdef,kl,0,4,B_doc,-0.000604,
random_vocab_cdef,kl,0,4,END,0.001593,
random_vocab_cdef,kl,0,5,A_def,0.000000,duplicate token
random_vocab_cdef,kl,0,5,B_def,0.000000,duplicate token
random_vocab_cdef,kl,0,5,comma_B,0.000000,duplicate token
random_vocab_cdef,kl,0,5,C_def,0.224426,duplicate token
random_vocab_cdef,kl,0,5,A_doc,-0.000001,duplicate token
random_vocab_cdef,kl,0,5,B_doc,0.000001,duplicate token
random_vocab_cdef,kl,0,5,END,0.000002,duplicate token
random_vocab_cdef,kl,0,6,A_def,0.000000,
random_vocab_cdef,kl,0,6,B_def,0.000000,
random_vocab_cdef,kl,0,6,comma_B,0.000000,
random_vocab_cdef,kl,0,6,C_def,0.007769,
random_vocab_cdef,kl,0,6,A_doc,-0.000097,
random_vocab_cdef,kl,0,6,B_doc,0.000050,
random_vocab_cdef,kl,0,6,END,-0.000071,
random_vocab_cdef,kl,0,7,A_def,0.000000,
random_vocab_cdef,kl,0,7,B_def,0.000000,
random_vocab_cdef,kl,0,7,comma_B,0.000000,
random_vocab_cdef,kl,0,7,C_def,0.005776,
random_vocab_cdef,kl,0,7,A_doc,-0.000019,
random_vocab_cdef,kl,0,7,B_doc,-0.000024,
random_vocab_cdef,kl,0,7,END,-0.000000,
random_vocab_cdef,kl,1,0,A_def,0.000000,
random_vocab_cdef,kl,1,0,B_def,0.000000,
random_vocab_cdef,kl,1,0,comma_B,0.000000,
random_vocab_cdef,kl,1,0,C_def,0.031047,
random_vocab_cdef,kl,1,0,A_doc,-0.000012,
random_vocab_cdef,kl,1,0,B_doc,-0.000012,
random_vocab_cdef,kl,1,0,END,0.000389,
random_vocab_cdef,kl,1,1,A_def,0.000000,
random_vocab_cdef,kl,1,1,B_def,0.000000,
random_vocab_cdef,kl,1,1,comma_B,0.000000,
random_vocab_cdef,kl,1,1,C_def,-0.007763,
random_vocab_cdef,kl,1,1,A_doc,0.000008,
random_vocab_cdef,kl,1,1,B_doc,-0.000042,
random_vocab_cdef,kl,1,1,END,0.000214,
random_vocab_cdef,kl,1,2,A_def,0.000000,duplicate token
random_vocab_cdef,kl,1,2,B_def,0.000000,duplicate token
random_vocab_cdef,kl,1,2,comma_B,0.000000,duplicate token
random_vocab_cdef,kl,1,2,C_def,0.005874,duplicate token
random_vocab_cdef,kl,1,2,A_doc,-0.000071,duplicate token
random_vocab_cdef,kl,1,2,B_doc,0.000055,duplicate token
random_vocab_cdef,kl,1,2,END,0.000160,duplicate token
random_vocab_cdef,kl,1,3,A_def,0.000000,
random_vocab_cdef,kl,1,3,B_def,0.000000,
random_vocab_cdef,kl,1,3,comma_B,0.000000,
random_vocab_cdef,kl,1,3,C_def,0.009778,
random_vocab_cdef,kl,1,3,A_doc,0.000394,
random_vocab_cdef,kl,1,3,B_doc,0.000506,
random_vocab_cdef,kl,1,3,END,0.001820,
random_vocab_cdef,kl,1,4,A_def,0.000000,induction + fuzzy previous token
random_vocab_cdef,kl,1,4,B_def,0.000000,induction + fuzzy previous token
random_vocab_cdef,kl,1,4,comma_B,0.000000,induction + fuzzy previous token
random_vocab_cdef,kl,1,4,C_def,0.001672,induction + fuzzy previous token
random_vocab_cdef,kl,1,4,A_doc,-0.000000,induction + fuzzy previous token
random_vocab_cdef,kl,1,4,B_doc,-0.000025,induction + fuzzy previous token
random_vocab_cdef,kl,1,4,END,-0.000482,induction + fuzzy previous token
random_vocab_cdef,kl,1,5,A_def,0.000000,
random_vocab_cdef,kl,1,5,B_def,0.000000,
random_vocab_cdef,kl,1,5,comma_B,0.000000,
random_vocab_cdef,kl,1,5,C_def,0.000381,
random_vocab_cdef,kl,1,5,A_doc,0.000005,
random_vocab_cdef,kl,1,5,B_doc,-0.000016,
random_vocab_cdef,kl,1,5,END,0.000794,
random_vocab_cdef,kl,1,6,A_def,0.000000,
random_vocab_cdef,kl,1,6,B_def,0.000000,
random_vocab_cdef,kl,1,6,comma_B,0.000000,
random_vocab_cdef,kl,1,6,C_def,-0.005062,
random_vocab_cdef,kl,1,6,A_doc,0.000036,
random_vocab_cdef,kl,1,6,B_doc,0.000016,
random_vocab_cdef,kl,1,6,END,-0.000519,
random_vocab_cdef,kl,1,7,A_def,0.000000,
random_vocab_cdef,kl,1,7,B_def,0.000000,
random_vocab_cdef,kl,1,7,comma_B,0.000000,
random_vocab_cdef,kl,1,7,C_def,-0.001385,
random_vocab_cdef,kl,1,7,A_doc,-0.000007,
random_vocab_cdef,kl,1,7,B_doc,-0.000005,
random_vocab_cdef,kl,1,7,END,0.000088,
random_vocab_cdef,kl,2,0,A_def,0.000000,fuzzy previous token
random_vocab_cdef,kl,2,0,B_def,0.000000,fuzzy previous token
random_vocab_cdef,kl,2,0,comma_B,0.000000,fuzzy previous token
random_vocab_cdef,kl,2,0,C_def,-0.018964,fuzzy previous token
random_vocab_cdef,kl,2,0,A_doc,0.000011,fuzzy previous token
random_vocab_cdef,kl,2,0,B_doc,0.000056,fuzzy previous token
random_vocab_cdef,kl,2,0,END,-0.000211,fuzzy previous token
random_vocab_cdef,kl,2,1,A_def,0.000000,
random_vocab_cdef,kl,2,1,B_def,0.000000,
random_vocab_cdef,kl,2,1,comma_B,0.000000,
random_vocab_cdef,kl,2,1,C_def,0.011176,
random_vocab_cdef,kl,2,1,A_doc,0.000054,
random_vocab_cdef,kl,2,1,B_doc,0.000037,
random_vocab_cdef,kl,2,1,END,0.000835,
random_vocab_cdef,kl,2,2,A_def,0.000000,
random_vocab_cdef,kl,2,2,B_def,0.000000,
random_vocab_cdef,kl,2,2,comma_B,0.000000,
random_vocab_cdef,kl,2,2,C_def,0.022181,
random_vocab_cdef,kl,2,2,A_doc,-0.000294,
random_vocab_cdef,kl,2,2,B_doc,-0.000418,
random_vocab_cdef,kl,2,2,END,0.000647,
random_vocab_cdef,kl,2,3,A_def,0.000000,
random_vocab_cdef,kl,2,3,B_def,0.000000,
random_vocab_cdef,kl,2,3,comma_B,0.000000,
random_vocab_cdef,kl,2,3,C_def,0.027095,
random_vocab_cdef,kl,2,3,A_doc,0.001935,
random_vocab_cdef,kl,2,3,B_doc,0.003153,
random_vocab_cdef,kl,2,3,END,0.086780,
random_vocab_cdef,kl,2,4,A_def,0.000000,
random_vocab_cdef,kl,2,4,B_def,0.000000,
random_vocab_cdef,kl,2,4,comma_B,0.000000,
random_vocab_cdef,kl,2,4,C_def,-0.004364,
random_vocab_cdef,kl,2,4,A_doc,-0.000007,
random_vocab_cdef,kl,2,4,B_doc,0.000010,
random_vocab_cdef,kl,2,4,END,0.000283,
random_vocab_cdef,kl,2,5,A_def,0.000000,
random_vocab_cdef,kl,2,5,B_def,0.000000,
random_vocab_cdef,kl,2,5,comma_B,0.000000,
random_vocab_cdef,kl,2,5,C_def,0.007569,
random_vocab_cdef,kl,2,5,A_doc,0.000023,
random_vocab_cdef,kl,2,5,B_doc,0.000075,
random_vocab_cdef,kl,2,5,END,0.000012,
random_vocab_cdef,kl,2,6,A_def,0.000000,
random_vocab_cdef,kl,2,6,B_def,0.000000,
random_vocab_cdef,kl,2,6,comma_B,0.000000,
random_vocab_cdef,kl,2,6,C_def,0.005600,
random_vocab_cdef,kl,2,6,A_doc,0.000079,
random_vocab_cdef,kl,2,6,B_doc,-0.000022,
random_vocab_cdef,kl,2,6,END,0.000411,
random_vocab_cdef,kl,2,7,A_def,0.000000,
random_vocab_cdef,kl,2,7,B_def,0.000000,
random_vocab_cdef,kl,2,7,comma_B,0.000000,
random_vocab_cdef,kl,2,7,C_def,-0.001138,
random_vocab_cdef,kl,2,7,A_doc,0.000014,
random_vocab_cdef,kl,2,7,B_doc,0.000046,
random_vocab_cdef,kl,2,7,END,0.000084,
random_vocab_cdef,kl,3,0,A_def,0.000000,argument mover
random_vocab_cdef,kl,3,0,B_def,0.000000,argument mover
random_vocab_cdef,kl,3,0,comma_B,0.000000,argument mover
random_vocab_cdef,kl,3,0,C_def,0.000000,argument mover
random_vocab_cdef,kl,3,0,A_doc,0.000000,argument mover
random_vocab_cdef,kl,3,0,B_doc,0.000000,argument mover
random_vocab_cdef,kl,3,0,END,0.593307,argument mover
random_vocab_cdef,kl,3,1,A_def,0.000000,
random_vocab_cdef,kl,3,1,B_def,0.000000,
random_vocab_cdef,kl,3,1,comma_B,0.000000,
random_vocab_cdef,kl,3,1,C_def,0.000000,
random_vocab_cdef,kl,3,1,A_doc,0.000000,
random_vocab_cdef,kl,3,1,B_doc,0.000000,
random_vocab_cdef,kl,3,1,END,0.002295,
random_vocab_cdef,kl,3,2,A_def,0.000000,
random_vocab_cdef,kl,3,2,B_def,0.000000,
random_vocab_cdef,kl,3,2,comma_B,0.000000,
random_vocab_cdef,kl,3,2,C_def,0.000000,
random_vocab_cdef,kl,3,2,A_doc,0.000000,
random_vocab_cdef,kl,3,2,B_doc,0.000000,
random_vocab_cdef,kl,3,2,END,0.003497,
random_vocab_cdef,kl,3,3,A_def,0.000000,
random_vocab_cdef,kl,3,3,B_def,0.000000,
random_vocab_cdef,kl,3,3,comma_B,0.000000,
random_vocab_cdef,kl,3,3,C_def,0.000000,
random_vocab_cdef,kl,3,3,A_doc,0.000000,
random_vocab_cdef,kl,3,3,B_doc,0.000000,
random_vocab_cdef,kl,3,3,END,0.021217,
random_vocab_cdef,kl,3,4,A_def,0.000000,
random_vocab_cdef,kl,3,4,B_def,0.000000,
random_vocab_cdef,kl,3,4,comma_B,0.000000,
random_vocab_cdef,kl,3,4,C_def,0.000000,
random_vocab_cdef,kl,3,4,A_doc,0.000000,
random_vocab_cdef,kl,3,4,B_doc,0.000000,
random_vocab_cdef,kl,3,4,END,0.005214,
random_vocab_cdef,kl,3,5,A_def,0.000000,
random_vocab_cdef,kl,3,5,B_def,0.000000,
random_vocab_cdef,kl,3,5,comma_B,0.000000,
random_vocab_cdef,kl,3,5,C_def,0.000000,
random_vocab_cdef,kl,3,5,A_doc,0.000000,
random_vocab_cdef,kl,3,5,B_doc,0.000000,
random_vocab_cdef,kl,3,5,END,0.037549,
random_vocab_cdef,kl,3,6,A_def,0.000000,argument mover
random_vocab_cdef,kl,3,6,B_def,0.000000,argument mover
random_vocab_cdef,kl,3,6,comma_B,0.000000,argument mover
random_vocab_cdef,kl,3,6,C_def,0.000000,argument mover
random_vocab_cdef,kl,3,6,A_doc,0.000000,argument mover
random_vocab_cdef,kl,3,6,B_doc,0.000000,argument mover
random_vocab_cdef,kl,3,6,END,0.532737,argument mover
random_vocab_cdef,kl,3,7,A_def,0.000000,
random_vocab_cdef,kl,3,7,B_def,0.000000,
random_vocab_cdef,kl,3,7,comma_B,0.000000,
random_vocab_cdef,kl,3,7,C_def,0.000000,
random_vocab_cdef,kl,3,7,A_doc,0.000000,
random_vocab_cdef,kl,3,7,B_doc,0.000000,
random_vocab_cdef,kl,3,7,END,0.001780,
random_vocab_cdef,tv,0,0,A_def,0.000000,
random_vocab_cdef,tv,0,0,B_def,0.000000,
random_vocab_cdef,tv,0,0,comma_B,0.000000,
random_vocab_cdef,tv,0,0,C_def,0.043443,
random_vocab_cdef,tv,0,0,A_doc,-0.000014,
random_vocab_cdef,tv,0,0,B_doc,0.000001,
random_vocab_cdef,tv,0,0,END,0.000002,
random_vocab_cdef,tv,0,1,A_def,0.000000,
random_vocab_cdef,tv,0,1,B_def,0.000000,
random_vocab_cdef,tv,0,1,comma_B,0.000000,
random_vocab_cdef,tv,0,1,C_def,0.034770,
random_vocab_cdef,tv,0,1,A_doc,-0.000027,
random_vocab_cdef,tv,0,1,B_doc,0.000030,
random_vocab_cdef,tv,0,1,END,-0.000111,
random_vocab_cdef,tv,0,2,A_def,0.000000,
random_vocab_cdef,tv,0,2,B_def,0.000000,
random_vocab_cdef,tv,0,2,comma_B,0.000000,
random_vocab_cdef,tv,0,2,C_def,-0.008035,
random_vocab_cdef,tv,0,2,A_doc,0.000047,
random_vocab_cdef,tv,0,2,B_doc,-0.000077,
random_vocab_cdef,tv,0,2,END,-0.000039,
random_vocab_cdef,tv,0,3,A_def,0.000000,
random_vocab_cdef,tv,0,3,B_def,0.000000,
random_vocab_cdef,tv,0,3,comma_B,0.000000,
random_vocab_cdef,tv,0,3,C_def,-0.010992,
random_vocab_cdef,tv,0,3,A_doc,0.000035,
random_vocab_cdef,tv,0,3,B_doc,-0.000440,
random_vocab_cdef,tv,0,3,END,-0.000038,
random_vocab_cdef,tv,0,4,A_def,0.000000,
random_vocab_cdef,tv,0,4,B_def,0.000000,
random_vocab_cdef,tv,0,4,comma_B,0.000000,
random_vocab_cdef,tv,0,4,C_def,-0.000998,
random_vocab_cdef,tv,0,4,A_doc,0.000343,
random_vocab_cdef,tv,0,4,B_doc,-0.000863,
random_vocab_cdef,tv,0,4,END,0.000879,
random_vocab_cdef,tv,0,5,A_def,0.000000,duplicate token
random_vocab_cdef,tv,0,5,B_def,0.000000,duplicate token
random_vocab_cdef,tv,0,5,comma_B,0.000000,duplicate token
random_vocab_cdef,tv,0,5,C_def,0.085837,duplicate token
random_vocab_cdef,tv,0,5,A_doc,-0.000000,duplicate token
random_vocab_cdef,tv,0,5,B_doc,0.000001,duplicate token
random_vocab_cdef,tv,0,5,END,0.000008,duplicate token
random_vocab_cdef,tv,0,6,A_def,0.000000,
random_vocab_cdef,tv,0,6,B_def,0.000000,
random_vocab_cdef,tv,0,6,comma_B,0.000000,
random_vocab_cdef,tv,0,6,C_def,0.001318,
random_vocab_cdef,tv,0,6,A_doc,-0.000034,
random_vocab_cdef,tv,0,6,B_doc,0.000394,
random_vocab_cdef,tv,0,6,END,-0.000155,
random_vocab_cdef,tv,0,7,A_def,0.000000,
random_vocab_cdef,tv,0,7,B_def,0.000000,
random_vocab_cdef,tv,0,7,comma_B,0.000000,
random_vocab_cdef,tv,0,7,C_def,0.000265,
random_vocab_cdef,tv,0,7,A_doc,-0.000064,
random_vocab_cdef,tv,0,7,B_doc,-0.000039,
random_vocab_cdef,tv,0,7,END,-0.000004,
random_vocab_cdef,tv,1,0,A_def,0.000000,
random_vocab_cdef,tv,1,0,B_def,0.000000,
random_vocab_cdef,tv,1,0,comma_B,0.000000,
random_vocab_cdef,tv,1,0,C_def,0.011738,
random_vocab_cdef,tv,1,0,A_doc,0.000008,
random_vocab_cdef,tv,1,0,B_doc,-0.000016,
random_vocab_cdef,tv,1,0,END,0.000342,
random_vocab_cdef,tv,1,1,A_def,0.000000,
random_vocab_cdef,tv,1,1,B_def,0.000000,
random_vocab_cdef,tv,1,1,comma_B,0.000000,
random_vocab_cdef,tv,1,1,C_def,-0.007422,
random_vocab_cdef,tv,1,1,A_doc,0.000030,
random_vocab_cdef,tv,1,1,B_doc,0.000010,
random_vocab_cdef,tv,1,1,END,-0.000250,
random_vocab_cdef,tv,1,2,A_def,0.000000,duplicate token
random_vocab_cdef,tv,1,2,B_def,0.000000,duplicate token
random_vocab_cdef,tv,1,2,comma_B,0.000000,duplicate token
random_vocab_cdef,tv,1,2,C_def,0.019643,duplicate token
random_vocab_cdef,tv,1,2,A_doc,-0.000037,duplicate token
random_vocab_cdef,tv,1,2,B_doc,-0.000044,duplicate token
random_vocab_cdef,tv,1,2,END,0.000076,duplicate token
random_vocab_cdef,tv,1,3,A_def,0.000000,
random_vocab_cdef,tv,1,3,B_def,0.000000,
random_vocab_cdef,tv,1,3,comma_B,0.000000,
random_vocab_cdef,tv,1,3,C_def,-0.000985,
random_vocab_cdef,tv,1,3,A_doc,-0.000142,
random_vocab_cdef,tv,1,3,B_doc,0.000331,
random_vocab_cdef,tv,1,3,END,0.000489,
random_vocab_cdef,tv,1,4,A_def,0.000000,induction + fuzzy previous token
random_vocab_cdef,tv,1,4,B_def,0.000000,induction + fuzzy previous token
random_vocab_cdef,tv,1,4,comma_B,0.000000,induction + fuzzy previous token
random_vocab_cdef,tv,1,4,C_def,-0.000689,induction + fuzzy previous token
random_vocab_cdef,tv,1,4,A_doc,-0.000001,induction + fuzzy previous token
random_vocab_cdef,tv,1,4,B_doc,-0.000013,induction + fuzzy previous token
random_vocab_cdef,tv,1,4,END,-0.000974,induction + fuzzy previous token
random_vocab_cdef,tv,1,5,A_def,0.000000,
random_vocab_cdef,tv,1,5,B_def,0.000000,
random_vocab_cdef,tv,1,5,comma_B,0.000000,
random_vocab_cdef,tv,1,5,C_def,0.000295,
random_vocab_cdef,tv,1,5,A_doc,-0.000005,
random_vocab_cdef,tv,1,5,B_doc,0.000074,
random_vocab_cdef,tv,1,5,END,0.000332,
random_vocab_cdef,tv,1,6,A_def,0.000000,
random_vocab_cdef,tv,1,6,B_def,0.000000,
random_vocab_cdef,tv,1,6,comma_B,0.000000,
random_vocab_cdef,tv,1,6,C_def,-0.005849,
random_vocab_cdef,tv,1,6,A_doc,0.000001,
random_vocab_cdef,tv,1,6,B_doc,-0.000005,
random_vocab_cdef,tv,1,6,END,-0.000664,
random_vocab_cdef,tv,1,7,A_def,0.000000,
random_vocab_cdef,tv,1,7,B_def,0.000000,
random_vocab_cdef,tv,1,7,comma_B,0.000000,
random_vocab_cdef,tv,1,7,C_def,-0.002272,
random_vocab_cdef,tv,1,7,A_doc,-0.000038,
random_vocab_cdef,tv,1,7,B_doc,-0.000029,
random_vocab_cdef,tv,1,7,END,0.000332,
random_vocab_cdef,tv,2,0,A_def,0.000000,fuzzy previous token
random_vocab_cdef,tv,2,0,B_def,0.000000,fuzzy previous token
random_vocab_cdef,tv,2,0,comma_B,0.000000,fuzzy previous token
random_vocab_cdef,tv,2,0,C_def,-0.011143,fuzzy previous token
random_vocab_cdef,tv,2,0,A_doc,0.000039,fuzzy previous token
random_vocab_cdef,tv,2,0,B_doc,-0.000006,fuzzy previous token
random_vocab_cdef,tv,2,0,END,0.000235,fuzzy previous token
random_vocab_cdef,tv,2,1,A_def,0.000000,
random_vocab_cdef,tv,2,1,B_def,0.000000,
random_vocab_cdef,tv,2,1,comma_B,0.000000,
random_vocab_cdef,tv,2,1,C_def,0.008903,
random_vocab_cdef,tv,2,1,A_doc,0.000063,
random_vocab_cdef,tv,2,1,B_doc,-0.000134,
random_vocab_cdef,tv,2,1,END,0.000660,
random_vocab_cdef,tv,2,2,A_def,0.000000,
random_vocab_cdef,tv,2,2,B_def,0.000000,
random_vocab_cdef,tv,2,2,comma_B,0.000000,
random_vocab_cdef,tv,2,2,C_def,0.046567,
random_vocab_cdef,tv,2,2,A_doc,-0.000215,
random_vocab_cdef,tv,2,2,B_doc,-0.000451,
random_vocab_cdef,tv,2,2,END,0.001627,
random_vocab_cdef,tv,2,3,A_def,0.000000,
random_vocab_cdef,tv,2,3,B_def,0.000000,
random_vocab_cdef,tv,2,3,comma_B,0.000000,
random_vocab_cdef,tv,2,3,C_def,-0.018848,
random_vocab_cdef,tv,2,3,A_doc,0.000362,
random_vocab_cdef,tv,2,3,B_doc,0.001107,
random_vocab_cdef,tv,2,3,END,0.022659,
random_vocab_cdef,tv,2,4,A_def,0.000000,
random_vocab_cdef,tv,2,4,B_def,0.000000,
random_vocab_cdef,tv,2,4,comma_B,0.000000,
random_vocab_cdef,tv,2,4,C_def,-0.004414,
random_vocab_cdef,tv,2,4,A_doc,-0.000052,
random_vocab_cdef,tv,2,4,B_doc,0.000073,
random_vocab_cdef,tv,2,4,END,-0.000066,
random_vocab_cdef,tv,2,5,A_def,0.000000,
random_vocab_cdef,tv,2,5,B_def,0.000000,
random_vocab_cdef,tv,2,5,comma_B,0.000000,
random_vocab_cdef,tv,2,5,C_def,-0.009126,
random_vocab_cdef,tv,2,5,A_doc,-0.000015,
random_vocab_cdef,tv,2,5,B_doc,-0.000029,
random_vocab_cdef,tv,2,5,END,0.000258,
random_vocab_cdef,tv,2,6,A_def,0.000000,
random_vocab_cdef,tv,2,6,B_def,0.000000,
random_vocab_cdef,tv,2,6,comma_B,0.000000,
random_vocab_cdef,tv,2,6,C_def,0.006498,
random_vocab_cdef,tv,2,6,A_doc,0.000109,
random_vocab_cdef,tv,2,6,B_doc,-0.000006,
random_vocab_cdef,tv,2,6,END,0.000244,
random_vocab_cdef,tv,2,7,A_def,0.000000,
random_vocab_cdef,tv,2,7,B_def,0.000000,
random_vocab_cdef,tv,2,7,comma_B,0.000000,
random_vocab_cdef,tv,2,7,C_def,-0.000869,
random_vocab_cdef,tv,2,7,A_doc,0.000024,
random_vocab_cdef,tv,2,7,B_doc,0.000130,
random_vocab_cdef,tv,2,7,END,-0.000711,
random_vocab_cdef,tv,3,0,A_def,0.000000,argument mover
random_vocab_cdef,tv,3,0,B_def,0.000000,argument mover
random_vocab_cdef,tv,3,0,comma_B,0.000000,argument mover
random_vocab_cdef,tv,3,0,C_def,0.000000,argument mover
random_vocab_cdef,tv,3,0,A_doc,0.000000,argument mover
random_vocab_cdef,tv,3,0,B_doc,0.000000,argument mover
random_vocab_cdef,tv,3,0,END,0.245960,argument mover
random_vocab_cdef,tv,3,1,A_def,0.000000,
random_vocab_cdef,tv,3,1,B_def,0.000000,
random_vocab_cdef,tv,3,1,comma_B,0.000000,
random_vocab_cdef,tv,3,1,C_def,0.000000,
random_vocab_cdef,tv,3,1,A_doc,0.000000,
random_vocab_cdef,tv,3,1,B_doc,0.000000,
random_vocab_cdef,tv,3,1,END,0.000502,
random_vocab_cdef,tv,3,2,A_def,0.000000,
random_vocab_cdef,tv,3,2,B_def,0.000000,
random_vocab_cdef,tv,3,2,comma_B,0.000000,
random_vocab_cdef,tv,3,2,C_def,0.000000,
random_vocab_cdef,tv,3,2,A_doc,0.000000,
random_vocab_cdef,tv,3,2,B_doc,0.000000,
random_vocab_cdef,tv,3,2,END,0.001832,
random_vocab_cdef,tv,3,3,A_def,0.000000,
random_vocab_cdef,tv,3,3,B_def,0.000000,
random_vocab_cdef,tv,3,3,comma_B,0.000000,
random_vocab_cdef,tv,3,3,C_def,0.000000,
random_vocab_cdef,tv,3,3,A_doc,0.000000,
random_vocab_cdef,tv,3,3,B_doc,0.000000,
random_vocab_cdef,tv,3,3,END,0.004679,
random_vocab_cdef,tv,3,4,A_def,0.000000,
random_vocab_cdef,tv,3,4,B_def,0.000000,
random_vocab_cdef,tv,3,4,comma_B,0.000000,
random_vocab_cdef,tv,3,4,C_def,0.000000,
random_vocab_cdef,tv,3,4,A_doc,0.000000,
random_vocab_cdef,tv,3,4,B_doc,0.000000,
random_vocab_cdef,tv,3,4,END,-0.000219,
random_vocab_cdef,tv,3,5,A_def,0.000000,
random_vocab_cdef,tv,3,5,B_def,0.000000,
random_vocab_cdef,tv,3,5,comma_B,0.000000,
random_vocab_cdef,tv,3,5,C_def,0.000000,
random_vocab_cdef,tv,3,5,A_doc,0.000000,
random_vocab_cdef,tv,3,5,B_doc,0.000000,
random_vocab_cdef,tv,3,5,END,0.014281,
random_vocab_cdef,tv,3,6,A_def,0.000000,argument mover
random_vocab_cdef,tv,3,6,B_def,0.000000,argument mover
random_vocab_cdef,tv,3,6,comma_B,0.000000,argument mover
random_vocab_cdef,tv,3,6,C_def,0.000000,argument mover
random_vocab_cdef,tv,3,6,A_doc,0.000000,argument mover
random_vocab_cdef,tv,3,6,B_doc,0.000000,argument mover
random_vocab_cdef,tv,3,6,END,0.173233,argument mover
random_vocab_cdef,tv,3,7,A_def,0.000000,
random_vocab_cdef,tv,3,7,B_def,0.000000,
random_vocab_cdef,tv,3,7,comma_B,0.000000,
random_vocab_cdef,tv,3,7,C_def,0.000000,
random_vocab_cdef,tv,3,7,A_doc,0.000000,
random_vocab_cdef,tv,3,7,B_doc,0.000000,
random_vocab_cdef,tv,3,7,END,0.000040,
random_vocab_any,logit_diff,0,0,A_def,-0.003314,
random_vocab_any,logit_diff,0,0,B_def,0.008589,
random_vocab_any,logit_diff,0,0,comma_B,0.018568,
random_vocab_any,logit_diff,0,0,C_def,0.031470,
random_vocab_any,logit_diff,0,0,A_doc,-0.003236,
random_vocab_any,logit_diff,0,0,B_doc,-0.004992,
random_vocab_any,logit_diff,0,0,END,-0.010101,
random_vocab_any,logit_diff,0,1,A_def,-0.004247,
random_vocab_any,logit_diff,0,1,B_def,-0.002584,
random_vocab_any,logit_diff,0,1,comma_B,0.024622,
random_vocab_any,logit_diff,0,1,C_def,0.031001,
random_vocab_any,logit_diff,0,1,A_doc,0.015451,
random_vocab_any,logit_diff,0,1,B_doc,0.006328,
random_vocab_any,logit_diff,0,1,END,-0.013167,
random_vocab_any,logit_diff,0,2,A_def,0.023321,
random_vocab_any,logit_diff,0,2,B_def,-0.018817,
random_vocab_any,logit_diff,0,2,comma_B,-0.094837,
random_vocab_any,logit_diff,0,2,C_def,0.085139,
random_vocab_any,logit_diff,0,2,A_doc,-0.002009,
random_vocab_any,logit_diff,0,2,B_doc,0.094461,
random_vocab_any,logit_diff,0,2,END,0.052440,
random_vocab_any,logit_diff,0,3,A_def,-0.015064,
random_vocab_any,logit_diff,0,3,B_def,-0.006839,
random_vocab_any,logit_diff,0,3,comma_B,0.011516,
random_vocab_any,logit_diff,0,3,C_def,-0.005873,
random_vocab_any,logit_diff,0,3,A_doc,-0.001946,
random_vocab_any,logit_diff,0,3,B_doc,-0.003426,
random_vocab_any,logit_diff,0,3,END,-0.005337,
random_vocab_any,logit_diff,0,4,A_def,-0.025729,
random_vocab_any,logit_diff,0,4,B_def,-0.012660,
random_vocab_any,logit_diff,0,4,comma_B,-0.064469,
random_vocab_any,logit_diff,0,4,C_def,0.044445,
random_vocab_any,logit_diff,0,4,A_doc,0.010088,
random_vocab_any,logit_diff,0,4,B_doc,0.069456,
random_vocab_any,logit_diff,0,4,END,0.024391,
random_vocab_any,logit_diff,0,5,A_def,-0.023619,duplicate token
random_vocab_any,logit_diff,0,5,B_def,0.027495,duplicate token
random_vocab_any,logit_diff,0,5,comma_B,0.000107,duplicate token
random_vocab_any,logit_diff,0,5,C_def,0.088710,duplicate token
random_vocab_any,logit_diff,0,5,A_doc,-0.008969,duplicate token
random_vocab_any,logit_diff,0,5,B_doc,0.036858,duplicate token
random_vocab_any,logit_diff,0,5,END,0.017021,duplicate token
random_vocab_any,logit_diff,0,6,A_def,-0.015645,
random_vocab_any,logit_diff,0,6,B_def,-0.006079,
random_vocab_any,logit_diff,0,6,comma_B,0.051405,
random_vocab_any,logit_diff,0,6,C_def,0.022872,
random_vocab_any,logit_diff,0,6,A_doc,-0.005181,
random_vocab_any,logit_diff,0,6,B_doc,0.024716,
random_vocab_any,logit_diff,0,6,END,0.008457,
random_vocab_any,logit_diff,0,7,A_def,-0.000838,
random_vocab_any,logit_diff,0,7,B_def,0.017724,
random_vocab_any,logit_diff,0,7,comma_B,-0.013925,
random_vocab_any,logit_diff,0,7,C_def,0.009701,
random_vocab_any,logit_diff,0,7,A_doc,-0.004151,
random_vocab_any,logit_diff,0,7,B_doc,0.012451,
random_vocab_any,logit_diff,0,7,END,0.016250,
random_vocab_any,logit_diff,1,0,A_def,0.044034,
random_vocab_any,logit_diff,1,0,B_def,0.021775,
random_vocab_any,logit_diff,1,0,comma_B,0.009900,
random_vocab_any,logit_diff,1,0,C_def,-0.120018,
random_vocab_any,logit_diff,1,0,A_doc,0.003692,
random_vocab_any,logit_diff,1,0,B_doc,0.001087,
random_vocab_any,logit_diff,1,0,END,0.042014,
random_vocab_any,logit_diff,1,1,A_def,-0.038757,
random_vocab_any,logit_diff,1,1,B_def,-0.034590,
random_vocab_any,logit_diff,1,1,comma_B,-0.033993,
random_vocab_any,logit_diff,1,1,C_def,0.104588,
random_vocab_any,logit_diff,1,1,A_doc,-0.001734,
random_vocab_any,logit_diff,1,1,B_doc,-0.003892,
random_vocab_any,logit_diff,1,1,END,-0.014443,
random_vocab_any,logit_diff,1,2,A_def,0.033954,duplicate token
random_vocab_any,logit_diff,1,2,B_def,0.026002,duplicate token
random_vocab_any,logit_diff,1,2,comma_B,0.025907,duplicate token
random_vocab_any,logit_diff,1,2,C_def,-0.090912,duplicate token
random_vocab_any,logit_diff,1,2,A_doc,0.014714,duplicate token
random_vocab_any,logit_diff,1,2,B_doc,0.001012,duplicate token
random_vocab_any,logit_diff,1,2,END,0.159170,duplicate token
random_vocab_any,logit_diff,1,3,A_def,-0.015104,
random_vocab_any,logit_diff,1,3,B_def,-0.005582,
random_vocab_any,logit_diff,1,3,comma_B,0.014916,
random_vocab_any,logit_diff,1,3,C_def,0.001498,
random_vocab_any,logit_diff,1,3,A_doc,-0.001048,
random_vocab_any,logit_diff,1,3,B_doc,-0.003542,
random_vocab_any,logit_diff,1,3,END,0.001765,
random_vocab_any,logit_diff,1,4,A_def,0.001135,induction + fuzzy previous token
random_vocab_any,logit_diff,1,4,B_def,0.002004,induction + fuzzy previous token
random_vocab_any,logit_diff,1,4,comma_B,0.093265,induction + fuzzy previous token
random_vocab_any,logit_diff,1,4,C_def,-0.000746,induction + fuzzy previous token
random_vocab_any,logit_diff,1,4,A_doc,0.000009,induction + fuzzy previous token
random_vocab_any,logit_diff,1,4,B_doc,-0.000434,induction + fuzzy previous token
random_vocab_any,logit_diff,1,4,END,0.273341,induction + fuzzy previous token
random_vocab_any,logit_diff,1,5,A_def,0.005970,
random_vocab_any,logit_diff,1,5,B_def,-0.000376,
random_vocab_any,logit_diff,1,5,comma_B,0.004678,
random_vocab_any,logit_diff,1,5,C_def,0.021426,
random_vocab_any,logit_diff,1,5,A_doc,0.002488,
random_vocab_any,logit_diff,1,5,B_doc,-0.000507,
random_vocab_any,logit_diff,1,5,END,0.002381,
random_vocab_any,logit_diff,1,6,A_def,0.002918,
random_vocab_any,logit_diff,1,6,B_def,0.003660,
random_vocab_any,logit_diff,1,6,comma_B,-0.008734,
random_vocab_any,logit_diff,1,6,C_def,-0.007806,
random_vocab_any,logit_diff,1,6,A_doc,0.003098,
random_vocab_any,logit_diff,1,6,B_doc,-0.002589,
random_vocab_any,logit_diff,1,6,END,0.001200,
random_vocab_any,logit_diff,1,7,A_def,0.002594,
random_vocab_any,logit_diff,1,7,B_def,0.003172,
random_vocab_any,logit_diff,1,7,comma_B,0.048494,
random_vocab_any,logit_diff,1,7,C_def,-0.006155,
random_vocab_any,logit_diff,1,7,A_doc,0.001488,
random_vocab_any,logit_diff,1,7,B_doc,-0.000259,
random_vocab_any,logit_diff,1,7,END,-0.059988,
random_vocab_any,logit_diff,2,0,A_def,-0.156821,fuzzy previous token
random_vocab_any,logit_diff,2,0,B_def,-0.071530,fuzzy previous token
random_vocab_any,logit_diff,2,0,comma_B,-0.000583,fuzzy previous token
random_vocab_any,logit_diff,2,0,C_def,0.346385,fuzzy previous token
random_vocab_any,logit_diff,2,0,A_doc,-0.004558,fuzzy previous token
random_vocab_any,logit_diff,2,0,B_doc,-0.013435,fuzzy previous token
random_vocab_any,logit_diff,2,0,END,0.073740,fuzzy previous token
random_vocab_any,logit_diff,2,1,A_def,-0.003757,
random_vocab_any,logit_diff,2,1,B_def,-0.013636,
random_vocab_any,logit_diff,2,1,comma_B,0.001705,
random_vocab_any,logit_diff,2,1,C_def,0.019708,
random_vocab_any,logit_diff,2,1,A_doc,0.001204,
random_vocab_any,logit_diff,2,1,B_doc,0.007344,
random_vocab_any,logit_diff,2,1,END,0.043061,
random_vocab_any,logit_diff,2,2,A_def,0.019053,
random_vocab_any,logit_diff,2,2,B_def,0.001215,
random_vocab_any,logit_diff,2,2,comma_B,-0.001197,
random_vocab_any,logit_diff,2,2,C_def,0.006511,
random_vocab_any,logit_diff,2,2,A_doc,-0.006321,
random_vocab_any,logit_diff,2,2,B_doc,0.016631,
random_vocab_any,logit_diff,2,2,END,-0.209485,
random_vocab_any,logit_diff,2,3,A_def,0.021007,
random_vocab_any,logit_diff,2,3,B_def,-0.003108,
random_vocab_any,logit_diff,2,3,comma_B,0.000544,
random_vocab_any,logit_diff,2,3,C_def,-0.050493,
random_vocab_any,logit_diff,2,3,A_doc,-0.002282,
random_vocab_any,logit_diff,2,3,B_doc,0.008054,
random_vocab_any,logit_diff,2,3,END,0.037271,
random_vocab_any,logit_diff,2,4,A_def,-0.023308,
random_vocab_any,logit_diff,2,4,B_def,-0.016493,
random_vocab_any,logit_diff,2,4,comma_B,-0.000639,
random_vocab_any,logit_diff,2,4,C_def,0.089245,
random_vocab_any,logit_diff,2,4,A_doc,0.003093,
random_vocab_any,logit_diff,2,4,B_doc,0.004177,
random_vocab_any,logit_diff,2,4,END,0.006825,
random_vocab_any,logit_diff,2,5,A_def,0.005796,
random_vocab_any,logit_diff,2,5,B_def,0.003718,
random_vocab_any,logit_diff,2,5,comma_B,0.000637,
random_vocab_any,logit_diff,2,5,C_def,-0.026235,
random_vocab_any,logit_diff,2,5,A_doc,-0.000359,
random_vocab_any,logit_diff,2,5,B_doc,-0.002207,
random_vocab_any,logit_diff,2,5,END,0.008962,
random_vocab_any,logit_diff,2,6,A_def,-0.032315,
random_vocab_any,logit_diff,2,6,B_def,-0.005383,
random_vocab_any,logit_diff,2,6,comma_B,-0.001154,
random_vocab_any,logit_diff,2,6,C_def,0.082642,
random_vocab_any,logit_diff,2,6,A_doc,0.007314,
random_vocab_any,logit_diff,2,6,B_doc,0.012411,
random_vocab_any,logit_diff,2,6,END,0.036221,
random_vocab_any,logit_diff,2,7,A_def,-0.009248,
random_vocab_any,logit_diff,2,7,B_def,-0.010499,
random_vocab_any,logit_diff,2,7,comma_B,-0.001490,
random_vocab_any,logit_diff,2,7,C_def,0.051335,
random_vocab_any,logit_diff,2,7,A_doc,-0.004309,
random_vocab_any,logit_diff,2,7,B_doc,0.031056,
random_vocab_any,logit_diff,2,7,END,0.008119,
random_vocab_any,logit_diff,3,0,A_def,0.000000,argument mover
random_vocab_any,logit_diff,3,0,B_def,0.000000,argument mover
random_vocab_any,logit_diff,3,0,comma_B,0.000000,argument mover
random_vocab_any,logit_diff,3,0,C_def,0.000000,argument mover
random_vocab_any,logit_diff,3,0,A_doc,0.000000,argument mover
random_vocab_any,logit_diff,3,0,B_doc,0.000000,argument mover
random_vocab_any,logit_diff,3,0,END,0.780585,argument mover
random_vocab_any,logit_diff,3,1,A_def,0.000000,
random_vocab_any,logit_diff,3,1,B_def,0.000000,
random_vocab_any,logit_diff,3,1,comma_B,0.000000,
random_vocab_any,logit_diff,3,1,C_def,0.000000,
random_vocab_any,logit_diff,3,1,A_doc,0.000000,
random_vocab_any,logit_diff,3,1,B_doc,0.000000,
random_vocab_any,logit_diff,3,1,END,0.005397,
random_vocab_any,logit_diff,3,2,A_def,0.000000,
random_vocab_any,logit_diff,3,2,B_def,0.000000,
random_vocab_any,logit_diff,3,2,comma_B,0.000000,
random_vocab_any,logit_diff,3,2,C_def,0.000000,
random_vocab_any,logit_diff,3,2,A_doc,0.000000,
random_vocab_any,logit_diff,3,2,B_doc,0.000000,
random_vocab_any,logit_diff,3,2,END,-0.029375,
random_vocab_any,logit_diff,3,3,A_def,0.000000,
random_vocab_any,logit_diff,3,3,B_def,0.000000,
random_vocab_any,logit_diff,3,3,comma_B,0.000000,
random_vocab_any,logit_diff,3,3,C_def,0.000000,
random_vocab_any,logit_diff,3,3,A_doc,0.000000,
random_vocab_any,logit_diff,3,3,B_doc,0.000000,
random_vocab_any,logit_diff,3,3,END,-0.039826,
random_vocab_any,logit_diff,3,4,A_def,0.000000,
random_vocab_any,logit_diff,3,4,B_def,0.000000,
random_vocab_any,logit_diff,3,4,comma_B,0.000000,
random_vocab_any,logit_diff,3,4,C_def,0.000000,
random_vocab_any,logit_diff,3,4,A_doc,0.000000,
random_vocab_any,logit_diff,3,4,B_doc,0.000000,
random_vocab_any,logit_diff,3,4,END,0.073445,
random_vocab_any,logit_diff,3,5,A_def,0.000000,
random_vocab_any,logit_diff,3,5,B_def,0.000000,
random_vocab_any,logit_diff,3,5,comma_B,0.000000,
random_vocab_any,logit_diff,3,5,C_def,0.000000,
random_vocab_any,logit_diff,3,5,A_doc,0.000000,
random_vocab_any,logit_diff,3,5,B_doc,0.000000,
random_vocab_any,logit_diff,3,5,END,-0.004099,
random_vocab_any,logit_diff,3,6,A_def,0.000000,argument mover
random_vocab_any,logit_diff,3,6,B_def,0.000000,argument mover
random_vocab_any,logit_diff,3,6,comma_B,0.000000,argument mover
random_vocab_any,logit_diff,3,6,C_def,0.000000,argument mover
random_vocab_any,logit_diff,3,6,A_doc,0.000000,argument mover
random_vocab_any,logit_diff,3,6,B_doc,0.000000,argument mover
random_vocab_any,logit_diff,3,6,END,0.349566,argument mover
random_vocab_any,logit_diff,3,7,A_def,0.000000,
random_vocab_any,logit_diff,3,7,B_def,0.000000,
random_vocab_any,logit_diff,3,7,comma_B,0.000000,
random_vocab_any,logit_diff,3,7,C_def,0.000000,
random_vocab_any,logit_diff,3,7,A_doc,0.000000,
random_vocab_any,logit_diff,3,7,B_doc,0.000000,
random_vocab_any,logit_diff,3,7,END,0.009116,
random_vocab_any,kl,0,0,A_def,0.003152,
random_vocab_any,kl,0,0,B_def,0.003418,
random_vocab_any,kl,0,0,comma_B,0.006384,
random_vocab_any,kl,0,0,C_def,0.005971,
random_vocab_any,kl,0,0,A_doc,-0.000751,
random_vocab_any,kl,0,0,B_doc,-0.010265,
random_vocab_any,kl,0,0,END,0.046858,
random_vocab_any,kl,0,1,A_def,0.002680,
random_vocab_any,kl,0,1,B_def,-0.001223,
random_vocab_any,kl,0,1,comma_B,0.010755,
random_vocab_any,kl,0,1,C_def,0.000422,
random_vocab_any,kl,0,1,A_doc,-0.002970,
random_vocab_any,kl,0,1,B_doc,0.014738,
random_vocab_any,kl,0,1,END,0.002129,
random_vocab_any,kl,0,2,A_def,0.000507,
random_vocab_any,kl,0,2,B_def,0.000057,
random_vocab_any,kl,0,2,comma_B,0.009821,
random_vocab_any,kl,0,2,C_def,0.018375,
random_vocab_any,kl,0,2,A_doc,-0.000390,
random_vocab_any,kl,0,2,B_doc,0.018903,
random_vocab_any,kl,0,2,END,0.001606,
random_vocab_any,kl,0,3,A_def,-0.002177,
random_vocab_any,kl,0,3,B_def,-0.002210,
random_vocab_any,kl,0,3,comma_B,0.014548,
random_vocab_any,kl,0,3,C_def,0.004072,
random_vocab_any,kl,0,3,A_doc,-0.000003,
random_vocab_any,kl,0,3,B_doc,-0.001521,
random_vocab_any,kl,0,3,END,0.012514,
random_vocab_any,kl,0,4,A_def,-0.003347,
random_vocab_any,kl,0,4,B_def,-0.015118,
random_vocab_any,kl,0,4,comma_B,0.006276,
random_vocab_any,kl,0,4,C_def,0.000203,
random_vocab_any,kl,0,4,A_doc,0.000303,
random_vocab_any,kl,0,4,B_doc,-0.008355,
random_vocab_any,kl,0,4,END,-0.006105,
random_vocab_any,kl,0,5,A_def,0.001249,duplicate token
random_vocab_any,kl,0,5,B_def,0.016322,duplicate token
random_vocab_any,kl,0,5,comma_B,-0.000390,duplicate token
random_vocab_any,kl,0,5,C_def,0.037740,duplicate token
random_vocab_any,kl,0,5,A_doc,0.000397,duplicate token
random_vocab_any,kl,0,5,B_doc,0.017744,duplicate token
random_vocab_any,kl,0,5,END,-0.018105,duplicate token
random_vocab_any,kl,0,6,A_def,-0.000034,
random_vocab_any,kl,0,6,B_def,0.001641,
random_vocab_any,kl,0,6,comma_B,0.014454,
random_vocab_any,kl,0,6,C_def,-0.002476,
random_vocab_any,kl,0,6,A_doc,-0.000513,
random_vocab_any,kl,0,6,B_doc,0.003079,
random_vocab_any,kl,0,6,END,0.026469,
random_vocab_any,kl,0,7,A_def,0.002381,
random_vocab_any,kl,0,7,B_def,0.002946,
random_vocab_any,kl,0,7,comma_B,0.001177,
random_vocab_any,kl,0,7,C_def,0.007854,
random_vocab_any,kl,0,7,A_doc,0.000373,
random_vocab_any,kl,0,7,B_doc,-0.000330,
random_vocab_any,kl,0,7,END,0.090376,
random_vocab_any,kl,1,0,A_def,-0.004576,
random_vocab_any,kl,1,0,B_def,0.005288,
random_vocab_any,kl,1,0,comma_B,0.020377,
random_vocab_any,kl,1,0,C_def,0.017293,
random_vocab_any,kl,1,0,A_doc,-0.000124,
random_vocab_any,kl,1,0,B_doc,-0.002620,
random_vocab_any,kl,1,0,END,0.007946,
random_vocab_any,kl,1,1,A_def,0.004921,
random_vocab_any,kl,1,1,B_def,0.002911,
random_vocab_any,kl,1,1,comma_B,0.001058,
random_vocab_any,kl,1,1,C_def,0.009871,
random_vocab_any,kl,1,1,A_doc,-0.000123,
random_vocab_any,kl,1,1,B_doc,-0.001419,
random_vocab_any,kl,1,1,END,0.018376,
random_vocab_any,kl,1,2,A_def,-0.000343,duplicate token
random_vocab_any,kl,1,2,B_def,0.001018,duplicate token
random_vocab_any,kl,1,2,comma_B,-0.004552,duplicate token
random_vocab_any,kl,1,2,C_def,0.021039,duplicate token
random_vocab_any,kl,1,2,A_doc,-0.001928,duplicate token
random_vocab_any,kl,1,2,B_doc,0.002400,duplicate token
random_vocab_any,kl,1,2,END,0.051126,duplicate token
random_vocab_any,kl,1,3,A_def,0.000752,
random_vocab_any,kl,1,3,B_def,-0.002086,
random_vocab_any,kl,1,3,comma_B,0.000635,
random_vocab_any,kl,1,3,C_def,0.006521,
random_vocab_any,kl,1,3,A_doc,0.000420,
random_vocab_any,kl,1,3,B_doc,0.000924,
random_vocab_any,kl,1,3,END,-0.000257,
random_vocab_any,kl,1,4,A_def,-0.000127,induction + fuzzy previous token
random_vocab_any,kl,1,4,B_def,0.000285,induction + fuzzy previous token
random_vocab_any,kl,1,4,comma_B,0.032156,induction + fuzzy previous token
random_vocab_any,kl,1,4,C_def,0.000441,induction + fuzzy previous token
random_vocab_any,kl,1,4,A_doc,-0.000029,induction + fuzzy previous token
random_vocab_any,kl,1,4,B_doc,0.000019,induction + fuzzy previous token
random_vocab_any,kl,1,4,END,0.141060,induction + fuzzy previous token
random_vocab_any,kl,1,5,A_def,-0.003257,
random_vocab_any,kl,1,5,B_def,0.003925,
random_vocab_any,kl,1,5,comma_B,0.000540,
random_vocab_any,kl,1,5,C_def,0.011829,
random_vocab_any,kl,1,5,A_doc,-0.000184,
random_vocab_any,kl,1,5,B_doc,-0.001616,
random_vocab_any,kl,1,5,END,-0.001391,
random_vocab_any,kl,1,6,A_def,-0.000186,
random_vocab_any,kl,1,6,B_def,0.002400,
random_vocab_any,kl,1,6,comma_B,0.010842,
random_vocab_any,kl,1,6,C_def,0.000826,
random_vocab_any,kl,1,6,A_doc,-0.000040,
random_vocab_any,kl,1,6,B_doc,0.000618,
random_vocab_any,kl,1,6,END,0.017609,
random_vocab_any,kl,1,7,A_def,0.000155,
random_vocab_any,kl,1,7,B_def,0.000219,
random_vocab_any,kl,1,7,comma_B,0.001621,
random_vocab_any,kl,1,7,C_def,0.002340,
random_vocab_any,kl,1,7,A_doc,-0.000336,
random_vocab_any,kl,1,7,B_doc,-0.000389,
random_vocab_any,kl,1,7,END,0.001384,
random_vocab_any,kl,2,0,A_def,0.016048,fuzzy previous token
random_vocab_any,kl,2,0,B_def,0.006201,fuzzy previous token
random_vocab_any,kl,2,0,comma_B,-0.000552,fuzzy previous token
random_vocab_any,kl,2,0,C_def,0.102637,fuzzy previous token
random_vocab_any,kl,2,0,A_doc,-0.000016,fuzzy previous token
random_vocab_any,kl,2,0,B_doc,0.002927,fuzzy previous token
random_vocab_any,kl,2,0,END,0.030500,fuzzy previous token
random_vocab_any,kl,2,1,A_def,0.003384,
random_vocab_any,kl,2,1,B_def,0.005767,
random_vocab_any,kl,2,1,comma_B,0.000878,
random_vocab_any,kl,2,1,C_def,0.020648,
random_vocab_any,kl,2,1,A_doc,0.000061,
random_vocab_any,kl,2,1,B_doc,0.000344,
random_vocab_any,kl,2,1,END,0.042471,
random_vocab_any,kl,2,2,A_def,0.001377,
random_vocab_any,kl,2,2,B_def,0.017022,
random_vocab_any,kl,2,2,comma_B,-0.000681,
random_vocab_any,kl,2,2,C_def,0.003859,
random_vocab_any,kl,2,2,A_doc,0.000211,
random_vocab_any,kl,2,2,B_doc,-0.000018,
random_vocab_any,kl,2,2,END,-0.002574,
random_vocab_any,kl,2,3,A_def,0.000918,
random_vocab_any,kl,2,3,B_def,-0.001652,
random_vocab_any,kl,2,3,comma_B,0.000195,
random_vocab_any,kl,2,3,C_def,0.018167,
random_vocab_any,kl,2,3,A_doc,0.001129,
random_vocab_any,kl,2,3,B_doc,0.001036,
random_vocab_any,kl,2,3,END,0.027196,
random_vocab_any,kl,2,4,A_def,-0.002903,
random_vocab_any,kl,2,4,B_def,-0.001295,
random_vocab_any,kl,2,4,comma_B,-0.000295,
random_vocab_any,kl,2,4,C_def,0.015363,
random_vocab_any,kl,2,4,A_doc,-0.000055,
random_vocab_any,kl,2,4,B_doc,-0.001569,
random_vocab_any,kl,2,4,END,0.040138,
random_vocab_any,kl,2,5,A_def,0.000778,
random_vocab_any,kl,2,5,B_def,0.001306,
random_vocab_any,kl,2,5,comma_B,0.000029,
random_vocab_any,kl,2,5,C_def,0.009743,
random_vocab_any,kl,2,5,A_doc,-0.000000,
random_vocab_any,kl,2,5,B_doc,0.000658,
random_vocab_any,kl,2,5,END,0.088010,
random_vocab_any,kl,2,6,A_def,-0.003134,
random_vocab_any,kl,2,6,B_def,-0.005814,
random_vocab_any,kl,2,6,comma_B,-0.000314,
random_vocab_any,kl,2,6,C_def,0.016018,
random_vocab_any,kl,2,6,A_doc,-0.000544,
random_vocab_any,kl,2,6,B_doc,0.001395,
random_vocab_any,kl,2,6,END,-0.071844,
random_vocab_any,kl,2,7,A_def,0.002695,
random_vocab_any,kl,2,7,B_def,0.000390,
random_vocab_any,kl,2,7,comma_B,-0.000189,
random_vocab_any,kl,2,7,C_def,0.004260,
random_vocab_any,kl,2,7,A_doc,-0.000398,
random_vocab_any,kl,2,7,B_doc,0.002108,
random_vocab_any,kl,2,7,END,-0.005153,
random_vocab_any,kl,3,0,A_def,0.000000,argument mover
random_vocab_any,kl,3,0,B_def,0.000000,argument mover
random_vocab_any,kl,3,0,comma_B,0.000000,argument mover
random_vocab_any,kl,3,0,C_def,0.000000,argument mover
random_vocab_any,kl,3,0,A_doc,0.000000,argument mover
random_vocab_any,kl,3,0,B_doc,0.000000,argument mover
random_vocab_any,kl,3,0,END,0.583834,argument mover
random_vocab_any,kl,3,1,A_def,0.000000,
random_vocab_any,kl,3,1,B_def,0.000000,
random_vocab_any,kl,3,1,comma_B,0.000000,
random_vocab_any,kl,3,1,C_def,0.000000,
random_vocab_any,kl,3,1,A_doc,0.000000,
random_vocab_any,kl,3,1,B_doc,0.000000,
random_vocab_any,kl,3,1,END,0.041739,
random_vocab_any,kl,3,2,A_def,0.000000,
random_vocab_any,kl,3,2,B_def,0.000000,
random_vocab_any,kl,3,2,comma_B,0.000000,
random_vocab_any,kl,3,2,C_def,0.000000,
random_vocab_any,kl,3,2,A_doc,0.000000,
random_vocab_any,kl,3,2,B_doc,0.000000,
random_vocab_any,kl,3,2,END,0.025921,
random_vocab_any,kl,3,3,A_def,0.000000,
random_vocab_any,kl,3,3,B_def,0.000000,
random_vocab_any,kl,3,3,comma_B,0.000000,
random_vocab_any,kl,3,3,C_def,0.000000,
random_vocab_any,kl,3,3,A_doc,0.000000,
random_vocab_any,kl,3,3,B_doc,0.000000,
random_vocab_any,kl,3,3,END,0.020707,
random_vocab_any,kl,3,4,A_def,0.000000,
random_vocab_any,kl,3,4,B_def,0.000000,
random_vocab_any,kl,3,4,comma_B,0.000000,
random_vocab_any,kl,3,4,C_def,0.000000,
random_vocab_any,kl,3,4,A_doc,0.000000,
random_vocab_any,kl,3,4,B_doc,0.000000,
random_vocab_any,kl,3,4,END,0.028725,
random_vocab_any,kl,3,5,A_def,0.000000,
random_vocab_any,kl,3,5,B_def,0.000000,
random_vocab_any,kl,3,5,comma_B,0.000000,
random_vocab_any,kl,3,5,C_def,0.000000,
random_vocab_any,kl,3,5,A_doc,0.000000,
random_vocab_any,kl,3,5,B_doc,0.000000,
random_vocab_any,kl,3,5,END,0.087855,
random_vocab_any,kl,3,6,A_def,0.000000,argument mover
random_vocab_any,kl,3,6,B_def,0.000000,argument mover
random_vocab_any,kl,3,6,comma_B,0.000000,argument mover
random_vocab_any,kl,3,6,C_def,0.000000,argument mover
random_vocab_any,kl,3,6,A_doc,0.000000,argument mover
random_vocab_any,kl,3,6,B_doc,0.000000,argument mover
random_vocab_any,kl,3,6,END,0.384744,argument mover
random_vocab_any,kl,3,7,A_def,0.000000,
random_vocab_any,kl,3,7,B_def,0.000000,
random_vocab_any,kl,3,7,comma_B,0.000000,
random_vocab_any,kl,3,7,C_def,0.000000,
random_vocab_any,kl,3,7,A_doc,0.000000,
random_vocab_any,kl,3,7,B_doc,0.000000,
random_vocab_any,kl,3,7,END,0.017786,
random_vocab_any,tv,0,0,A_def,0.000659,
random_vocab_any,tv,0,0,B_def,0.001406,
random_vocab_any,tv,0,0,comma_B,0.001717,
random_vocab_any,tv,0,0,C_def,0.000525,
random_vocab_any,tv,0,0,A_doc,-0.002275,
random_vocab_any,tv,0,0,B_doc,-0.003749,
random_vocab_any,tv,0,0,END,0.004859,
random_vocab_any,tv,0,1,A_def,0.002021,
random_vocab_any,tv,0,1,B_def,-0.000366,
random_vocab_any,tv,0,1,comma_B,0.001725,
random_vocab_any,tv,0,1,C_def,-0.000913,
random_vocab_any,tv,0,1,A_doc,-0.001271,
random_vocab_any,tv,0,1,B_doc,0.006485,
random_vocab_any,tv,0,1,END,0.005784,
random_vocab_any,tv,0,2,A_def,-0.002847,
random_vocab_any,tv,0,2,B_def,-0.001444,
random_vocab_any,tv,0,2,comma_B,0.006986,
random_vocab_any,tv,0,2,C_def,0.001576,
random_vocab_any,tv,0,2,A_doc,0.000135,
random_vocab_any,tv,0,2,B_doc,0.016812,
random_vocab_any,tv,0,2,END,0.000648,
random_vocab_any,tv,0,3,A_def,-0.001591,
random_vocab_any,tv,0,3,B_def,-0.001198,
random_vocab_any,tv,0,3,comma_B,0.013260,
random_vocab_any,tv,0,3,C_def,0.002994,
random_vocab_any,tv,0,3,A_doc,0.000005,
random_vocab_any,tv,0,3,B_doc,-0.000292,
random_vocab_any,tv,0,3,END,0.002099,
random_vocab_any,tv,0,4,A_def,-0.001611,
random_vocab_any,tv,0,4,B_def,-0.010998,
random_vocab_any,tv,0,4,comma_B,0.002939,
random_vocab_any,tv,0,4,C_def,0.000506,
random_vocab_any,tv,0,4,A_doc,0.001837,
random_vocab_any,tv,0,4,B_doc,-0.019813,
random_vocab_any,tv,0,4,END,-0.008726,
random_vocab_any,tv,0,5,A_def,-0.003494,duplicate token
random_vocab_any,tv,0,5,B_def,0.005609,duplicate token
random_vocab_any,tv,0,5,comma_B,-0.000023,duplicate token
random_vocab_any,tv,0,5,C_def,0.004772,duplicate token
random_vocab_any,tv,0,5,A_doc,0.001234,duplicate token
random_vocab_any,tv,0,5,B_doc,0.003989,duplicate token
random_vocab_any,tv,0,5,END,0.000024,duplicate token
random_vocab_any,tv,0,6,A_def,-0.000389,
random_vocab_any,tv,0,6,B_def,0.000923,
random_vocab_any,tv,0,6,comma_B,0.010301,
random_vocab_any,tv,0,6,C_def,-0.001923,
random_vocab_any,tv,0,6,A_doc,0.000579,
random_vocab_any,tv,0,6,B_doc,-0.000711,
random_vocab_any,tv,0,6,END,0.009668,
random_vocab_any,tv,0,7,A_def,0.003467,
random_vocab_any,tv,0,7,B_def,0.002264,
random_vocab_any,tv,0,7,comma_B,0.001483,
random_vocab_any,tv,0,7,C_def,0.002451,
random_vocab_any,tv,0,7,A_doc,0.001143,
random_vocab_any,tv,0,7,B_doc,-0.000327,
random_vocab_any,tv,0,7,END,0.019928,
random_vocab_any,tv,1,0,A_def,-0.006065,
random_vocab_any,tv,1,0,B_def,0.002037,
random_vocab_any,tv,1,0,comma_B,0.004067,
random_vocab_any,tv,1,0,C_def,0.004762,
random_vocab_any,tv,1,0,A_doc,-0.000870,
random_vocab_any,tv,1,0,B_doc,0.000480,
random_vocab_any,tv,1,0,END,0.009352,
random_vocab_any,tv,1,1,A_def,0.004103,
random_vocab_any,tv,1,1,B_def,0.001083,
random_vocab_any,tv,1,1,comma_B,0.003977,
random_vocab_any,tv,1,1,C_def,0.005611,
random_vocab_any,tv,1,1,A_doc,-0.001463,
random_vocab_any,tv,1,1,B_doc,-0.001990,
random_vocab_any,tv,1,1,END,0.002817,
random_vocab_any,tv,1,2,A_def,0.000921,duplicate token
random_vocab_any,tv,1,2,B_def,-0.000032,duplicate token
random_vocab_any,tv,1,2,comma_B,-0.006107,duplicate token
random_vocab_any,tv,1,2,C_def,0.007170,duplicate token
random_vocab_any,tv,1,2,A_doc,0.001249,duplicate token
random_vocab_any,tv,1,2,B_doc,0.000305,duplicate token
random_vocab_any,tv,1,2,END,0.017869,duplicate token
random_vocab_any,tv,1,3,A_def,-0.000135,
random_vocab_any,tv,1,3,B_def,-0.000916,
random_vocab_any,tv,1,3,comma_B,0.001247,
random_vocab_any,tv,1,3,C_def,0.000502,
random_vocab_any,tv,1,3,A_doc,0.000161,
random_vocab_any,tv,1,3,B_doc,0.001321,
random_vocab_any,tv,1,3,END,0.001729,
random_vocab_any,tv,1,4,A_def,-0.000129,induction + fuzzy previous token
random_vocab_any,tv,1,4,B_def,-0.000036,induction + fuzzy previous token
random_vocab_any,tv,1,4,comma_B,0.009441,induction + fuzzy previous token
random_vocab_any,tv,1,4,C_def,0.000404,induction + fuzzy previous token
random_vocab_any,tv,1,4,A_doc,0.000009,induction + fuzzy previous token
random_vocab_any,tv,1,4,B_doc,-0.000087,induction + fuzzy previous token
random_vocab_any,tv,1,4,END,0.092112,induction + fuzzy previous token
random_vocab_any,tv,1,5,A_def,-0.002033,
random_vocab_any,tv,1,5,B_def,-0.000098,
random_vocab_any,tv,1,5,comma_B,0.000791,
random_vocab_any,tv,1,5,C_def,0.006604,
random_vocab_any,tv,1,5,A_doc,-0.000217,
random_vocab_any,tv,1,5,B_doc,0.000286,
random_vocab_any,tv,1,5,END,-0.001837,
random_vocab_any,tv,1,6,A_def,-0.000868,
random_vocab_any,tv,1,6,B_def,0.002454,
random_vocab_any,tv,1,6,comma_B,0.011819,
random_vocab_any,tv,1,6,C_def,0.000344,
random_vocab_any,tv,1,6,A_doc,-0.000070,
random_vocab_any,tv,1,6,B_doc,0.000727,
random_vocab_any,tv,1,6,END,0.006129,
random_vocab_any,tv,1,7,A_def,0.000692,
random_vocab_any,tv,1,7,B_def,-0.000787,
random_vocab_any,tv,1,7,comma_B,0.001312,
random_vocab_any,tv,1,7,C_def,0.000405,
random_vocab_any,tv,1,7,A_doc,-0.000846,
random_vocab_any,tv,1,7,B_doc,-0.000122,
random_vocab_any,tv,1,7,END,-0.003316,
random_vocab_any,tv,2,0,A_def,0.008635,fuzzy previous token
random_vocab_any,tv,2,0,B_def,0.000775,fuzzy previous token
random_vocab_any,tv,2,0,comma_B,0.000063,fuzzy previous token
random_vocab_any,tv,2,0,C_def,0.065306,fuzzy previous token
random_vocab_any,tv,2,0,A_doc,-0.000037,fuzzy previous token
random_vocab_any,tv,2,0,B_doc,0.001391,fuzzy previous token
random_vocab_any,tv,2,0,END,0.017390,fuzzy previous token
random_vocab_any,tv,2,1,A_def,0.003320,
random_vocab_any,tv,2,1,B_def,0.002803,
random_vocab_any,tv,2,1,comma_B,-0.000085,
random_vocab_any,tv,2,1,C_def,0.003065,
random_vocab_any,tv,2,1,A_doc,0.000145,
random_vocab_any,tv,2,1,B_doc,-0.000077,
random_vocab_any,tv,2,1,END,0.021796,
random_vocab_any,tv,2,2,A_def,0.003574,
random_vocab_any,tv,2,2,B_def,0.008832,
random_vocab_any,tv,2,2,comma_B,-0.000028,
random_vocab_any,tv,2,2,C_def,-0.004955,
random_vocab_any,tv,2,2,A_doc,0.000404,
random_vocab_any,tv,2,2,B_doc,-0.001577,
random_vocab_any,tv,2,2,END,-0.020061,
random_vocab_any,tv,2,3,A_def,-0.002621,
random_vocab_any,tv,2,3,B_def,0.002511,
random_vocab_any,tv,2,3,comma_B,0.000129,
random_vocab_any,tv,2,3,C_def,0.005918,
random_vocab_any,tv,2,3,A_doc,0.001307,
random_vocab_any,tv,2,3,B_doc,0.000061,
random_vocab_any,tv,2,3,END,0.028765,
random_vocab_any,tv,2,4,A_def,-0.002083,
random_vocab_any,tv,2,4,B_def,-0.000870,
random_vocab_any,tv,2,4,comma_B,-0.000333,
random_vocab_any,tv,2,4,C_def,0.015206,
random_vocab_any,tv,2,4,A_doc,-0.000296,
random_vocab_any,tv,2,4,B_doc,-0.002304,
random_vocab_any,tv,2,4,END,0.017235,
random_vocab_any,tv,2,5,A_def,0.000678,
random_vocab_any,tv,2,5,B_def,-0.000383,
random_vocab_any,tv,2,5,comma_B,0.000332,
random_vocab_any,tv,2,5,C_def,0.003224,
random_vocab_any,tv,2,5,A_doc,0.000240,
random_vocab_any,tv,2,5,B_doc,0.001211,
random_vocab_any,tv,2,5,END,0.020142,
random_vocab_any,tv,2,6,A_def,-0.003121,
random_vocab_any,tv,2,6,B_def,-0.004883,
random_vocab_any,tv,2,6,comma_B,-0.000814,
random_vocab_any,tv,2,6,C_def,0.014253,
random_vocab_any,tv,2,6,A_doc,0.000855,
random_vocab_any,tv,2,6,B_doc,0.002572,
random_vocab_any,tv,2,6,END,-0.001988,
random_vocab_any,tv,2,7,A_def,0.003389,
random_vocab_any,tv,2,7,B_def,0.001158,
random_vocab_any,tv,2,7,comma_B,-0.000382,
random_vocab_any,tv,2,7,C_def,0.004380,
random_vocab_any,tv,2,7,A_doc,-0.000179,
random_vocab_any,tv,2,7,B_doc,0.002707,
random_vocab_any,tv,2,7,END,-0.005246,
random_vocab_any,tv,3,0,A_def,0.000000,argument mover
random_vocab_any,tv,3,0,B_def,0.000000,argument mover
random_vocab_any,tv,3,0,comma_B,0.000000,argument mover
random_vocab_any,tv,3,0,C_def,0.000000,argument mover
random_vocab_any,tv,3,0,A_doc,0.000000,argument mover
random_vocab_any,tv,3,0,B_doc,0.000000,argument mover
random_vocab_any,tv,3,0,END,0.318548,argument mover
random_vocab_any,tv,3,1,A_def,0.000000,
random_vocab_any,tv,3,1,B_def,0.000000,
random_vocab_any,tv,3,1,comma_B,0.000000,
random_vocab_any,tv,3,1,C_def,0.000000,
random_vocab_any,tv,3,1,A_doc,0.000000,
random_vocab_any,tv,3,1,B_doc,0.000000,
random_vocab_any,tv,3,1,END,0.004553,
random_vocab_any,tv,3,2,A_def,0.000000,
random_vocab_any,tv,3,2,B_def,0.000000,
random_vocab_any,tv,3,2,comma_B,0.000000,
random_vocab_any,tv,3,2,C_def,0.000000,
random_vocab_any,tv,3,2,A_doc,0.000000,
random_vocab_any,tv,3,2,B_doc,0.000000,
random_vocab_any,tv,3,2,END,0.000976,
random_vocab_any,tv,3,3,A_def,0.000000,
random_vocab_any,tv,3,3,B_def,0.000000,
random_vocab_any,tv,3,3,comma_B,0.000000,
random_vocab_any,tv,3,3,C_def,0.000000,
random_vocab_any,tv,3,3,A_doc,0.000000,
random_vocab_any,tv,3,3,B_doc,0.000000,
random_vocab_any,tv,3,3,END,0.001733,
random_vocab_any,tv,3,4,A_def,0.000000,
random_vocab_any,tv,3,4,B_def,0.000000,
random_vocab_any,tv,3,4,comma_B,0.000000,
random_vocab_any,tv,3,4,C_def,0.000000,
random_vocab_any,tv,3,4,A_doc,0.000000,
random_vocab_any,tv,3,4,B_doc,0.000000,
random_vocab_any,tv,3,4,END,0.012524,
random_vocab_any,tv,3,5,A_def,0.000000,
random_vocab_any,tv,3,5,B_def,0.000000,
random_vocab_any,tv,3,5,comma_B,0.000000,
random_vocab_any,tv,3,5,C_def,0.000000,
random_vocab_any,tv,3,5,A_doc,0.000000,
random_vocab_any,tv,3,5,B_doc,0.000000,
random_vocab_any,tv,3,5,END,0.051931,
random_vocab_any,tv,3,6,A_def,0.000000,argument mover
random_vocab_any,tv,3,6,B_def,0.000000,argument mover
random_vocab_any,tv,3,6,comma_B,0.000000,argument mover
random_vocab_any,tv,3,6,C_def,0.000000,argument mover
random_vocab_any,tv,3,6,A_doc,0.000000,argument mover
random_vocab_any,tv,3,6,B_doc,0.000000,argument mover
random_vocab_any,tv,3,6,END,0.193080,argument mover
random_vocab_any,tv,3,7,A_def,0.000000,
random_vocab_any,tv,3,7,B_def,0.000000,
random_vocab_any,tv,3,7,comma_B,0.000000,
random_vocab_any,tv,3,7,C_def,0.000000,
random_vocab_any,tv,3,7,A_doc,0.000000,
random_vocab_any,tv,3,7,B_doc,0.000000,
random_vocab_any,tv,3,7,END,0.019680,
