corruption,metric,layer,head,position,effect,published_class
yy01,logit_diff,0,0,NOUN,0.000000,
yy01,logit_diff,0,0,XX1,0.000000,
yy01,logit_diff,0,0,YY,0.001990,
yy01,logit_diff,0,0,YY+1,0.000023,
yy01,logit_diff,0,0,END,-0.000574,
yy01,logit_diff,0,1,NOUN,0.000000,
yy01,logit_diff,0,1,XX1,0.000000,
yy01,logit_diff,0,1,YY,0.030744,
yy01,logit_diff,0,1,YY+1,-0.000001,
yy01,logit_diff,0,1,END,0.000002,
yy01,logit_diff,0,2,NOUN,0.000000,
yy01,logit_diff,0,2,XX1,0.000000,
yy01,logit_diff,0,2,YY,-0.000925,
yy01,logit_diff,0,2,YY+1,-0.000021,
yy01,logit_diff,0,2,END,0.000189,
yy01,logit_diff,0,3,NOUN,0.000000,
yy01,logit_diff,0,3,XX1,0.000000,
yy01,logit_diff,0,3,YY,0.009747,
yy01,logit_diff,0,3,YY+1,0.000460,
yy01,logit_diff,0,3,END,0.000009,
yy01,logit_diff,0,4,NOUN,0.000000,
yy01,logit_diff,0,4,XX1,0.000000,
yy01,logit_diff,0,4,YY,0.010950,
yy01,logit_diff,0,4,YY+1,-0.000098,
yy01,logit_diff,0,4,END,0.000057,
yy01,logit_diff,0,5,NOUN,0.000000,
yy01,logit_diff,0,5,XX1,0.000000,
yy01,logit_diff,0,5,YY,0.016862,
yy01,logit_diff,0,5,YY+1,-0.000012,
yy01,logit_diff,0,5,END,-0.000000,
yy01,logit_diff,0,6,NOUN,0.000000,
yy01,logit_diff,0,6,XX1,0.000000,
yy01,logit_diff,0,6,YY,0.002139,
yy01,logit_diff,0,6,YY+1,-0.000154,
yy01,logit_diff,0,6,END,-0.000901,
yy01,logit_diff,0,7,NOUN,0.000000,
yy01,logit_diff,0,7,XX1,0.000000,
yy01,logit_diff,0,7,YY,0.005637,
yy01,logit_diff,0,7,YY+1,0.000429,
yy01,logit_diff,0,7,END,-0.000161,
yy01,logit_diff,0,8,NOUN,0.000000,
yy01,logit_diff,0,8,XX1,0.000000,
yy01,logit_diff,0,8,YY,0.001928,
yy01,logit_diff,0,8,YY+1,0.000002,
yy01,logit_diff,0,8,END,0.000831,
yy01,logit_diff,0,9,NOUN,0.000000,
yy01,logit_diff,0,9,XX1,0.000000,
yy01,logit_diff,0,9,YY,0.000601,
yy01,logit_diff,0,9,YY+1,-0.000170,
yy01,logit_diff,0,9,END,0.001194,
yy01,logit_diff,0,10,NOUN,0.000000,
yy01,logit_diff,0,10,XX1,0.000000,
yy01,logit_diff,0,10,YY,-0.009430,
yy01,logit_diff,0,10,YY+1,0.000138,
yy01,logit_diff,0,10,END,-0.000944,
yy01,logit_diff,0,11,NOUN,0.000000,
yy01,logit_diff,0,11,XX1,0.000000,
yy01,logit_diff,0,11,YY,0.000759,
yy01,logit_diff,0,11,YY+1,-0.000164,
yy01,logit_diff,0,11,END,-0.000461,
yy01,logit_diff,1,0,NOUN,0.000000,
yy01,logit_diff,1,0,XX1,0.000000,
yy01,logit_diff,1,0,YY,0.003353,
yy01,logit_diff,1,0,YY+1,0.000123,
yy01,logit_diff,1,0,END,0.000706,
yy01,logit_diff,1,1,NOUN,0.000000,
yy01,logit_diff,1,1,XX1,0.000000,
yy01,logit_diff,1,1,YY,-0.000529,
yy01,logit_diff,1,1,YY+1,-0.000073,
yy01,logit_diff,1,1,END,0.000022,
yy01,logit_diff,1,2,NOUN,0.000000,
yy01,logit_diff,1,2,XX1,0.000000,
yy01,logit_diff,1,2,YY,-0.000575,
yy01,logit_diff,1,2,YY+1,0.000091,
yy01,logit_diff,1,2,END,0.000056,
yy01,logit_diff,1,3,NOUN,0.000000,
yy01,logit_diff,1,3,XX1,0.000000,
yy01,logit_diff,1,3,YY,0.000380,
yy01,logit_diff,1,3,YY+1,0.000067,
yy01,logit_diff,1,3,END,-0.000028,
yy01,logit_diff,1,4,NOUN,0.000000,
yy01,logit_diff,1,4,XX1,0.000000,
yy01,logit_diff,1,4,YY,0.000824,
yy01,logit_diff,1,4,YY+1,0.000071,
yy01,logit_diff,1,4,END,0.000652,
yy01,logit_diff,1,5,NOUN,0.000000,
yy01,logit_diff,1,5,XX1,0.000000,
yy01,logit_diff,1,5,YY,-0.002236,
yy01,logit_diff,1,5,YY+1,0.000092,
yy01,logit_diff,1,5,END,-0.000974,
yy01,logit_diff,1,6,NOUN,0.000000,
yy01,logit_diff,1,6,XX1,0.000000,
yy01,logit_diff,1,6,YY,0.003627,
yy01,logit_diff,1,6,YY+1,-0.000065,
yy01,logit_diff,1,6,END,-0.001123,
yy01,logit_diff,1,7,NOUN,0.000000,
yy01,logit_diff,1,7,XX1,0.000000,
yy01,logit_diff,1,7,YY,0.002834,
yy01,logit_diff,1,7,YY+1,-0.000294,
yy01,logit_diff,1,7,END,-0.001536,
yy01,logit_diff,1,8,NOUN,0.000000,
yy01,logit_diff,1,8,XX1,0.000000,
yy01,logit_diff,1,8,YY,-0.000009,
yy01,logit_diff,1,8,YY+1,0.000060,
yy01,logit_diff,1,8,END,-0.000461,
yy01,logit_diff,1,9,NOUN,0.000000,
yy01,logit_diff,1,9,XX1,0.000000,
yy01,logit_diff,1,9,YY,-0.002579,
yy01,logit_diff,1,9,YY+1,0.000062,
yy01,logit_diff,1,9,END,0.000201,
yy01,logit_diff,1,10,NOUN,0.000000,
yy01,logit_diff,1,10,XX1,0.000000,
yy01,logit_diff,1,10,YY,-0.000586,
yy01,logit_diff,1,10,YY+1,-0.000099,
yy01,logit_diff,1,10,END,-0.000002,
yy01,logit_diff,1,11,NOUN,0.000000,
yy01,logit_diff,1,11,XX1,0.000000,
yy01,logit_diff,1,11,YY,-0.005995,
yy01,logit_diff,1,11,YY+1,-0.000192,
yy01,logit_diff,1,11,END,0.000421,
yy01,logit_diff,2,0,NOUN,0.000000,
yy01,logit_diff,2,0,XX1,0.000000,
yy01,logit_diff,2,0,YY,-0.000270,
yy01,logit_diff,2,0,YY+1,0.000137,
yy01,logit_diff,2,0,END,-0.000350,
yy01,logit_diff,2,1,NOUN,0.000000,
yy01,logit_diff,2,1,XX1,0.000000,
yy01,logit_diff,2,1,YY,0.001335,
yy01,logit_diff,2,1,YY+1,-0.000002,
yy01,logit_diff,2,1,END,-0.000274,
yy01,logit_diff,2,2,NOUN,0.000000,
yy01,logit_diff,2,2,XX1,0.000000,
yy01,logit_diff,2,2,YY,-0.000088,
yy01,logit_diff,2,2,YY+1,0.000787,
yy01,logit_diff,2,2,END,-0.000178,
yy01,logit_diff,2,3,NOUN,0.000000,
yy01,logit_diff,2,3,XX1,0.000000,
yy01,logit_diff,2,3,YY,-0.000497,
yy01,logit_diff,2,3,YY+1,-0.000001,
yy01,logit_diff,2,3,END,-0.000082,
yy01,logit_diff,2,4,NOUN,0.000000,
yy01,logit_diff,2,4,XX1,0.000000,
yy01,logit_diff,2,4,YY,0.004745,
yy01,logit_diff,2,4,YY+1,0.000039,
yy01,logit_diff,2,4,END,0.000458,
yy01,logit_diff,2,5,NOUN,0.000000,
yy01,logit_diff,2,5,XX1,0.000000,
yy01,logit_diff,2,5,YY,-0.000793,
yy01,logit_diff,2,5,YY+1,0.000461,
yy01,logit_diff,2,5,END,-0.000317,
yy01,logit_diff,2,6,NOUN,0.000000,
yy01,logit_diff,2,6,XX1,0.000000,
yy01,logit_diff,2,6,YY,-0.001012,
yy01,logit_diff,2,6,YY+1,-0.000053,
yy01,logit_diff,2,6,END,0.000038,
yy01,logit_diff,2,7,NOUN,0.000000,
yy01,logit_diff,2,7,XX1,0.000000,
yy01,logit_diff,2,7,YY,-0.001815,
yy01,logit_diff,2,7,YY+1,0.000040,
yy01,logit_diff,2,7,END,-0.000074,
yy01,logit_diff,2,8,NOUN,0.000000,
yy01,logit_diff,2,8,XX1,0.000000,
yy01,logit_diff,2,8,YY,0.000919,
yy01,logit_diff,2,8,YY+1,-0.000198,
yy01,logit_diff,2,8,END,0.000187,
yy01,logit_diff,2,9,NOUN,0.000000,
yy01,logit_diff,2,9,XX1,0.000000,
yy01,logit_diff,2,9,YY,0.002985,
yy01,logit_diff,2,9,YY+1,0.000203,
yy01,logit_diff,2,9,END,0.000272,
yy01,logit_diff,2,10,NOUN,0.000000,
yy01,logit_diff,2,10,XX1,0.000000,
yy01,logit_diff,2,10,YY,-0.000783,
yy01,logit_diff,2,10,YY+1,-0.000178,
yy01,logit_diff,2,10,END,-0.000044,
yy01,logit_diff,2,11,NOUN,0.000000,
yy01,logit_diff,2,11,XX1,0.000000,
yy01,logit_diff,2,11,YY,0.000067,
yy01,logit_diff,2,11,YY+1,-0.000262,
yy01,logit_diff,2,11,END,-0.000425,
yy01,logit_diff,3,0,NOUN,0.000000,
yy01,logit_diff,3,0,XX1,0.000000,
yy01,logit_diff,3,0,YY,0.000962,
yy01,logit_diff,3,0,YY+1,-0.000003,
yy01,logit_diff,3,0,END,-0.000084,
yy01,logit_diff,3,1,NOUN,0.000000,
yy01,logit_diff,3,1,XX1,0.000000,
yy01,logit_diff,3,1,YY,0.000217,
yy01,logit_diff,3,1,YY+1,-0.000168,
yy01,logit_diff,3,1,END,0.000939,
yy01,logit_diff,3,2,NOUN,0.000000,
yy01,logit_diff,3,2,XX1,0.000000,
yy01,logit_diff,3,2,YY,0.000262,
yy01,logit_diff,3,2,YY+1,-0.000029,
yy01,logit_diff,3,2,END,-0.000433,
yy01,logit_diff,3,3,NOUN,0.000000,
yy01,logit_diff,3,3,XX1,0.000000,
yy01,logit_diff,3,3,YY,0.001750,
yy01,logit_diff,3,3,YY+1,0.001849,
yy01,logit_diff,3,3,END,0.001556,
yy01,logit_diff,3,4,NOUN,0.000000,
yy01,logit_diff,3,4,XX1,0.000000,
yy01,logit_diff,3,4,YY,-0.002397,
yy01,logit_diff,3,4,YY+1,0.000075,
yy01,logit_diff,3,4,END,0.001383,
yy01,logit_diff,3,5,NOUN,0.000000,
yy01,logit_diff,3,5,XX1,0.000000,
yy01,logit_diff,3,5,YY,0.000772,
yy01,logit_diff,3,5,YY+1,0.000355,
yy01,logit_diff,3,5,END,-0.000123,
yy01,logit_diff,3,6,NOUN,0.000000,
yy01,logit_diff,3,6,XX1,0.000000,
yy01,logit_diff,3,6,YY,0.002946,
yy01,logit_diff,3,6,YY+1,0.000938,
yy01,logit_diff,3,6,END,-0.000889,
yy01,logit_diff,3,7,NOUN,0.000000,
yy01,logit_diff,3,7,XX1,0.000000,
yy01,logit_diff,3,7,YY,0.001952,
yy01,logit_diff,3,7,YY+1,0.000080,
yy01,logit_diff,3,7,END,-0.002062,
yy01,logit_diff,3,8,NOUN,0.000000,
yy01,logit_diff,3,8,XX1,0.000000,
yy01,logit_diff,3,8,YY,-0.000524,
yy01,logit_diff,3,8,YY+1,0.000453,
yy01,logit_diff,3,8,END,-0.000065,
yy01,logit_diff,3,9,NOUN,0.000000,
yy01,logit_diff,3,9,XX1,0.000000,
yy01,logit_diff,3,9,YY,0.006050,
yy01,logit_diff,3,9,YY+1,-0.000215,
yy01,logit_diff,3,9,END,0.001075,
yy01,logit_diff,3,10,NOUN,0.000000,
yy01,logit_diff,3,10,XX1,0.000000,
yy01,logit_diff,3,10,YY,-0.002284,
yy01,logit_diff,3,10,YY+1,-0.000547,
yy01,logit_diff,3,10,END,0.000019,
yy01,logit_diff,3,11,NOUN,0.000000,
yy01,logit_diff,3,11,XX1,0.000000,
yy01,logit_diff,3,11,YY,-0.000357,
yy01,logit_diff,3,11,YY+1,-0.000069,
yy01,logit_diff,3,11,END,0.000177,
yy01,logit_diff,4,0,NOUN,0.000000,
yy01,logit_diff,4,0,XX1,0.000000,
yy01,logit_diff,4,0,YY,-0.001371,
yy01,logit_diff,4,0,YY+1,0.000053,
yy01,logit_diff,4,0,END,-0.000118,
yy01,logit_diff,4,1,NOUN,0.000000,
yy01,logit_diff,4,1,XX1,0.000000,
yy01,logit_diff,4,1,YY,0.001493,
yy01,logit_diff,4,1,YY+1,-0.000463,
yy01,logit_diff,4,1,END,-0.001608,
yy01,logit_diff,4,2,NOUN,0.000000,
yy01,logit_diff,4,2,XX1,0.000000,
yy01,logit_diff,4,2,YY,-0.000254,
yy01,logit_diff,4,2,YY+1,-0.000027,
yy01,logit_diff,4,2,END,-0.000124,
yy01,logit_diff,4,3,NOUN,0.000000,
yy01,logit_diff,4,3,XX1,0.000000,
yy01,logit_diff,4,3,YY,-0.000428,
yy01,logit_diff,4,3,YY+1,0.000260,
yy01,logit_diff,4,3,END,-0.002576,
yy01,logit_diff,4,4,NOUN,0.000000,
yy01,logit_diff,4,4,XX1,0.000000,
yy01,logit_diff,4,4,YY,-0.003517,
yy01,logit_diff,4,4,YY+1,0.000049,
yy01,logit_diff,4,4,END,0.000052,
yy01,logit_diff,4,5,NOUN,0.000000,
yy01,logit_diff,4,5,XX1,0.000000,
yy01,logit_diff,4,5,YY,0.000368,
yy01,logit_diff,4,5,YY+1,0.000040,
yy01,logit_diff,4,5,END,-0.000583,
yy01,logit_diff,4,6,NOUN,0.000000,
yy01,logit_diff,4,6,XX1,0.000000,
yy01,logit_diff,4,6,YY,-0.002922,
yy01,logit_diff,4,6,YY+1,-0.000035,
yy01,logit_diff,4,6,END,-0.000445,
yy01,logit_diff,4,7,NOUN,0.000000,
yy01,logit_diff,4,7,XX1,0.000000,
yy01,logit_diff,4,7,YY,-0.005120,
yy01,logit_diff,4,7,YY+1,-0.000721,
yy01,logit_diff,4,7,END,-0.001278,
yy01,logit_diff,4,8,NOUN,0.000000,
yy01,logit_diff,4,8,XX1,0.000000,
yy01,logit_diff,4,8,YY,0.006245,
yy01,logit_diff,4,8,YY+1,0.000000,
yy01,logit_diff,4,8,END,0.002752,
yy01,logit_diff,4,9,NOUN,0.000000,
yy01,logit_diff,4,9,XX1,0.000000,
yy01,logit_diff,4,9,YY,0.000940,
yy01,logit_diff,4,9,YY+1,0.000301,
yy01,logit_diff,4,9,END,0.000027,
yy01,logit_diff,4,10,NOUN,0.000000,
yy01,logit_diff,4,10,XX1,0.000000,
yy01,logit_diff,4,10,YY,-0.007147,
yy01,logit_diff,4,10,YY+1,-0.000250,
yy01,logit_diff,4,10,END,0.000838,
yy01,logit_diff,4,11,NOUN,0.000000,
yy01,logit_diff,4,11,XX1,0.000000,
yy01,logit_diff,4,11,YY,0.000011,
yy01,logit_diff,4,11,YY+1,0.001914,
yy01,logit_diff,4,11,END,0.000138,
yy01,logit_diff,5,0,NOUN,0.000000,
yy01,logit_diff,5,0,XX1,0.000000,
yy01,logit_diff,5,0,YY,-0.000050,
yy01,logit_diff,5,0,YY+1,0.000018,
yy01,logit_diff,5,0,END,-0.001107,
yy01,logit_diff,5,1,NOUN,0.000000,year head -> MLP 8
yy01,logit_diff,5,1,XX1,0.000000,year head -> MLP 8
yy01,logit_diff,5,1,YY,-0.000003,year head -> MLP 8
yy01,logit_diff,5,1,YY+1,0.000007,year head -> MLP 8
yy01,logit_diff,5,1,END,0.055836,year head -> MLP 8
yy01,logit_diff,5,2,NOUN,0.000000,
yy01,logit_diff,5,2,XX1,0.000000,
yy01,logit_diff,5,2,YY,0.000330,
yy01,logit_diff,5,2,YY+1,0.000381,
yy01,logit_diff,5,2,END,0.000471,
yy01,logit_diff,5,3,NOUN,0.000000,
yy01,logit_diff,5,3,XX1,0.000000,
yy01,logit_diff,5,3,YY,-0.000449,
yy01,logit_diff,5,3,YY+1,0.000020,
yy01,logit_diff,5,3,END,0.000275,
yy01,logit_diff,5,4,NOUN,0.000000,
yy01,logit_diff,5,4,XX1,0.000000,
yy01,logit_diff,5,4,YY,-0.000073,
yy01,logit_diff,5,4,YY+1,-0.000075,
yy01,logit_diff,5,4,END,0.000011,
yy01,logit_diff,5,5,NOUN,0.000000,year head -> MLP 8
yy01,logit_diff,5,5,XX1,0.000000,year head -> MLP 8
yy01,logit_diff,5,5,YY,-0.000131,year head -> MLP 8
yy01,logit_diff,5,5,YY+1,-0.000006,year head -> MLP 8
yy01,logit_diff,5,5,END,0.052048,year head -> MLP 8
yy01,logit_diff,5,6,NOUN,0.000000,
yy01,logit_diff,5,6,XX1,0.000000,
yy01,logit_diff,5,6,YY,0.000290,
yy01,logit_diff,5,6,YY+1,0.002372,
yy01,logit_diff,5,6,END,-0.000722,
yy01,logit_diff,5,7,NOUN,0.000000,
yy01,logit_diff,5,7,XX1,0.000000,
yy01,logit_diff,5,7,YY,-0.000159,
yy01,logit_diff,5,7,YY+1,-0.000017,
yy01,logit_diff,5,7,END,0.001947,
yy01,logit_diff,5,8,NOUN,0.000000,
yy01,logit_diff,5,8,XX1,0.000000,
yy01,logit_diff,5,8,YY,-0.002167,
yy01,logit_diff,5,8,YY+1,-0.000039,
yy01,logit_diff,5,8,END,-0.004006,
yy01,logit_diff,5,9,NOUN,0.000000,
yy01,logit_diff,5,9,XX1,0.000000,
yy01,logit_diff,5,9,YY,-0.000237,
yy01,logit_diff,5,9,YY+1,0.000254,
yy01,logit_diff,5,9,END,0.000035,
yy01,logit_diff,5,10,NOUN,0.000000,
yy01,logit_diff,5,10,XX1,0.000000,
yy01,logit_diff,5,10,YY,0.001021,
yy01,logit_diff,5,10,YY+1,-0.000494,
yy01,logit_diff,5,10,END,0.000777,
yy01,logit_diff,5,11,NOUN,0.000000,
yy01,logit_diff,5,11,XX1,0.000000,
yy01,logit_diff,5,11,YY,-0.002047,
yy01,logit_diff,5,11,YY+1,0.000088,
yy01,logit_diff,5,11,END,0.000305,
yy01,logit_diff,6,0,NOUN,0.000000,
yy01,logit_diff,6,0,XX1,0.000000,
yy01,logit_diff,6,0,YY,-0.000719,
yy01,logit_diff,6,0,YY+1,0.000119,
yy01,logit_diff,6,0,END,0.000359,
yy01,logit_diff,6,1,NOUN,0.000000,
yy01,logit_diff,6,1,XX1,0.000000,
yy01,logit_diff,6,1,YY,-0.000106,
yy01,logit_diff,6,1,YY+1,-0.000393,
yy01,logit_diff,6,1,END,0.001245,
yy01,logit_diff,6,2,NOUN,0.000000,
yy01,logit_diff,6,2,XX1,0.000000,
yy01,logit_diff,6,2,YY,-0.000052,
yy01,logit_diff,6,2,YY+1,0.000061,
yy01,logit_diff,6,2,END,0.000247,
yy01,logit_diff,6,3,NOUN,0.000000,
yy01,logit_diff,6,3,XX1,0.000000,
yy01,logit_diff,6,3,YY,-0.000606,
yy01,logit_diff,6,3,YY+1,0.000225,
yy01,logit_diff,6,3,END,0.000579,
yy01,logit_diff,6,4,NOUN,0.000000,
yy01,logit_diff,6,4,XX1,0.000000,
yy01,logit_diff,6,4,YY,0.003706,
yy01,logit_diff,6,4,YY+1,-0.000780,
yy01,logit_diff,6,4,END,0.001114,
yy01,logit_diff,6,5,NOUN,0.000000,
yy01,logit_diff,6,5,XX1,0.000000,
yy01,logit_diff,6,5,YY,-0.000671,
yy01,logit_diff,6,5,YY+1,0.000735,
yy01,logit_diff,6,5,END,0.001443,
yy01,logit_diff,6,6,NOUN,0.000000,
yy01,logit_diff,6,6,XX1,0.000000,
yy01,logit_diff,6,6,YY,-0.001573,
yy01,logit_diff,6,6,YY+1,-0.000269,
yy01,logit_diff,6,6,END,-0.003257,
yy01,logit_diff,6,7,NOUN,0.000000,
yy01,logit_diff,6,7,XX1,0.000000,
yy01,logit_diff,6,7,YY,-0.000021,
yy01,logit_diff,6,7,YY+1,-0.000059,
yy01,logit_diff,6,7,END,-0.000104,
yy01,logit_diff,6,8,NOUN,0.000000,
yy01,logit_diff,6,8,XX1,0.000000,
yy01,logit_diff,6,8,YY,0.001134,
yy01,logit_diff,6,8,YY+1,0.000289,
yy01,logit_diff,6,8,END,-0.001228,
yy01,logit_diff,6,9,NOUN,0.000000,year head -> MLP 8
yy01,logit_diff,6,9,XX1,0.000000,year head -> MLP 8
yy01,logit_diff,6,9,YY,-0.000043,year head -> MLP 8
yy01,logit_diff,6,9,YY+1,0.000044,year head -> MLP 8
yy01,logit_diff,6,9,END,0.075923,year head -> MLP 8
yy01,logit_diff,6,10,NOUN,0.000000,
yy01,logit_diff,6,10,XX1,0.000000,
yy01,logit_diff,6,10,YY,0.000067,
yy01,logit_diff,6,10,YY+1,0.000014,
yy01,logit_diff,6,10,END,0.000615,
yy01,logit_diff,6,11,NOUN,0.000000,
yy01,logit_diff,6,11,XX1,0.000000,
yy01,logit_diff,6,11,YY,0.002400,
yy01,logit_diff,6,11,YY+1,0.000218,
yy01,logit_diff,6,11,END,0.001063,
yy01,logit_diff,7,0,NOUN,0.000000,
yy01,logit_diff,7,0,XX1,0.000000,
yy01,logit_diff,7,0,YY,0.000092,
yy01,logit_diff,7,0,YY+1,-0.000039,
yy01,logit_diff,7,0,END,-0.001263,
yy01,logit_diff,7,1,NOUN,0.000000,
yy01,logit_diff,7,1,XX1,0.000000,
yy01,logit_diff,7,1,YY,-0.000002,
yy01,logit_diff,7,1,YY+1,-0.000029,
yy01,logit_diff,7,1,END,-0.000444,
yy01,logit_diff,7,2,NOUN,0.000000,
yy01,logit_diff,7,2,XX1,0.000000,
yy01,logit_diff,7,2,YY,0.000041,
yy01,logit_diff,7,2,YY+1,-0.000006,
yy01,logit_diff,7,2,END,-0.000255,
yy01,logit_diff,7,3,NOUN,0.000000,
yy01,logit_diff,7,3,XX1,0.000000,
yy01,logit_diff,7,3,YY,0.003209,
yy01,logit_diff,7,3,YY+1,0.000057,
yy01,logit_diff,7,3,END,0.000958,
yy01,logit_diff,7,4,NOUN,0.000000,
yy01,logit_diff,7,4,XX1,0.000000,
yy01,logit_diff,7,4,YY,0.000754,
yy01,logit_diff,7,4,YY+1,-0.000169,
yy01,logit_diff,7,4,END,0.000018,
yy01,logit_diff,7,5,NOUN,0.000000,
yy01,logit_diff,7,5,XX1,0.000000,
yy01,logit_diff,7,5,YY,-0.000126,
yy01,logit_diff,7,5,YY+1,0.000306,
yy01,logit_diff,7,5,END,-0.003072,
yy01,logit_diff,7,6,NOUN,0.000000,
yy01,logit_diff,7,6,XX1,0.000000,
yy01,logit_diff,7,6,YY,0.000369,
yy01,logit_diff,7,6,YY+1,0.000103,
yy01,logit_diff,7,6,END,-0.001557,
yy01,logit_diff,7,7,NOUN,0.000000,
yy01,logit_diff,7,7,XX1,0.000000,
yy01,logit_diff,7,7,YY,-0.000017,
yy01,logit_diff,7,7,YY+1,0.000303,
yy01,logit_diff,7,7,END,0.002308,
yy01,logit_diff,7,8,NOUN,0.000000,
yy01,logit_diff,7,8,XX1,0.000000,
yy01,logit_diff,7,8,YY,-0.001500,
yy01,logit_diff,7,8,YY+1,0.000226,
yy01,logit_diff,7,8,END,0.000926,
yy01,logit_diff,7,9,NOUN,0.000000,
yy01,logit_diff,7,9,XX1,0.000000,
yy01,logit_diff,7,9,YY,-0.000040,
yy01,logit_diff,7,9,YY+1,-0.000079,
yy01,logit_diff,7,9,END,-0.001366,
yy01,logit_diff,7,10,NOUN,0.000000,year head -> MLP 8
yy01,logit_diff,7,10,XX1,0.000000,year head -> MLP 8
yy01,logit_diff,7,10,YY,-0.000018,year head -> MLP 8
yy01,logit_diff,7,10,YY+1,-0.000174,year head -> MLP 8
yy01,logit_diff,7,10,END,0.134557,year head -> MLP 8
yy01,logit_diff,7,11,NOUN,0.000000,
yy01,logit_diff,7,11,XX1,0.000000,
yy01,logit_diff,7,11,YY,-0.000702,
yy01,logit_diff,7,11,YY+1,-0.000080,
yy01,logit_diff,7,11,END,0.007906,
yy01,logit_diff,8,0,NOUN,0.000000,
yy01,logit_diff,8,0,XX1,0.000000,
yy01,logit_diff,8,0,YY,0.000080,
yy01,logit_diff,8,0,YY+1,-0.000018,
yy01,logit_diff,8,0,END,0.000378,
yy01,logit_diff,8,1,NOUN,0.000000,
yy01,logit_diff,8,1,XX1,0.000000,
yy01,logit_diff,8,1,YY,-0.000000,
yy01,logit_diff,8,1,YY+1,0.000017,
yy01,logit_diff,8,1,END,0.013344,
yy01,logit_diff,8,2,NOUN,0.000000,
yy01,logit_diff,8,2,XX1,0.000000,
yy01,logit_diff,8,2,YY,-0.000738,
yy01,logit_diff,8,2,YY+1,0.000019,
yy01,logit_diff,8,2,END,0.000631,
yy01,logit_diff,8,3,NOUN,0.000000,
yy01,logit_diff,8,3,XX1,0.000000,
yy01,logit_diff,8,3,YY,0.000129,
yy01,logit_diff,8,3,YY+1,-0.000042,
yy01,logit_diff,8,3,END,0.000078,
yy01,logit_diff,8,4,NOUN,0.000000,
yy01,logit_diff,8,4,XX1,0.000000,
yy01,logit_diff,8,4,YY,-0.000168,
yy01,logit_diff,8,4,YY+1,-0.000003,
yy01,logit_diff,8,4,END,-0.000221,
yy01,logit_diff,8,5,NOUN,0.000000,
yy01,logit_diff,8,5,XX1,0.000000,
yy01,logit_diff,8,5,YY,0.000012,
yy01,logit_diff,8,5,YY+1,0.000012,
yy01,logit_diff,8,5,END,0.000705,
yy01,logit_diff,8,6,NOUN,0.000000,
yy01,logit_diff,8,6,XX1,0.000000,
yy01,logit_diff,8,6,YY,0.000048,
yy01,logit_diff,8,6,YY+1,0.000027,
yy01,logit_diff,8,6,END,-0.004361,
yy01,logit_diff,8,7,NOUN,0.000000,
yy01,logit_diff,8,7,XX1,0.000000,
yy01,logit_diff,8,7,YY,0.000410,
yy01,logit_diff,8,7,YY+1,0.000007,
yy01,logit_diff,8,7,END,0.005449,
yy01,logit_diff,8,8,NOUN,0.000000,year head -> MLP 8
yy01,logit_diff,8,8,XX1,0.000000,year head -> MLP 8
yy01,logit_diff,8,8,YY,-0.000080,year head -> MLP 8
yy01,logit_diff,8,8,YY+1,-0.000085,year head -> MLP 8
yy01,logit_diff,8,8,END,0.029261,year head -> MLP 8
yy01,logit_diff,8,9,NOUN,0.000000,
yy01,logit_diff,8,9,XX1,0.000000,
yy01,logit_diff,8,9,YY,-0.000261,
yy01,logit_diff,8,9,YY+1,-0.000017,
yy01,logit_diff,8,9,END,-0.015214,
yy01,logit_diff,8,10,NOUN,0.000000,
yy01,logit_diff,8,10,XX1,0.000000,
yy01,logit_diff,8,10,YY,0.000086,
yy01,logit_diff,8,10,YY+1,-0.000011,
yy01,logit_diff,8,10,END,-0.003000,
yy01,logit_diff,8,11,NOUN,0.000000,year head -> MLP 8
yy01,logit_diff,8,11,XX1,0.000000,year head -> MLP 8
yy01,logit_diff,8,11,YY,0.000559,year head -> MLP 8
yy01,logit_diff,8,11,YY+1,0.000001,year head -> MLP 8
yy01,logit_diff,8,11,END,0.082801,year head -> MLP 8
yy01,logit_diff,9,0,NOUN,0.000000,
yy01,logit_diff,9,0,XX1,0.000000,
yy01,logit_diff,9,0,YY,-0.000369,
yy01,logit_diff,9,0,YY+1,0.000004,
yy01,logit_diff,9,0,END,0.000123,
yy01,logit_diff,9,1,NOUN,0.000000,year head -> MLP 9
yy01,logit_diff,9,1,XX1,0.000000,year head -> MLP 9
yy01,logit_diff,9,1,YY,0.000059,year head -> MLP 9
yy01,logit_diff,9,1,YY+1,0.000066,year head -> MLP 9
yy01,logit_diff,9,1,END,0.252204,year head -> MLP 9
yy01,logit_diff,9,2,NOUN,0.000000,
yy01,logit_diff,9,2,XX1,0.000000,
yy01,logit_diff,9,2,YY,0.000023,
yy01,logit_diff,9,2,YY+1,-0.000000,
yy01,logit_diff,9,2,END,-0.000132,
yy01,logit_diff,9,3,NOUN,0.000000,
yy01,logit_diff,9,3,XX1,0.000000,
yy01,logit_diff,9,3,YY,0.000201,
yy01,logit_diff,9,3,YY+1,0.000011,
yy01,logit_diff,9,3,END,0.001692,
yy01,logit_diff,9,4,NOUN,0.000000,
yy01,logit_diff,9,4,XX1,0.000000,
yy01,logit_diff,9,4,YY,-0.000007,
yy01,logit_diff,9,4,YY+1,0.000001,
yy01,logit_diff,9,4,END,-0.000633,
yy01,logit_diff,9,5,NOUN,0.000000,
yy01,logit_diff,9,5,XX1,0.000000,
yy01,logit_diff,9,5,YY,0.000246,
yy01,logit_diff,9,5,YY+1,-0.000008,
yy01,logit_diff,9,5,END,-0.008403,
yy01,logit_diff,9,6,NOUN,0.000000,
yy01,logit_diff,9,6,XX1,0.000000,
yy01,logit_diff,9,6,YY,0.000048,
yy01,logit_diff,9,6,YY+1,-0.000007,
yy01,logit_diff,9,6,END,-0.000000,
yy01,logit_diff,9,7,NOUN,0.000000,
yy01,logit_diff,9,7,XX1,0.000000,
yy01,logit_diff,9,7,YY,-0.000054,
yy01,logit_diff,9,7,YY+1,0.000001,
yy01,logit_diff,9,7,END,-0.001077,
yy01,logit_diff,9,8,NOUN,0.000000,
yy01,logit_diff,9,8,XX1,0.000000,
yy01,logit_diff,9,8,YY,0.000192,
yy01,logit_diff,9,8,YY+1,0.000005,
yy01,logit_diff,9,8,END,0.000156,
yy01,logit_diff,9,9,NOUN,0.000000,
yy01,logit_diff,9,9,XX1,0.000000,
yy01,logit_diff,9,9,YY,0.000016,
yy01,logit_diff,9,9,YY+1,0.000017,
yy01,logit_diff,9,9,END,0.001122,
yy01,logit_diff,9,10,NOUN,0.000000,
yy01,logit_diff,9,10,XX1,0.000000,
yy01,logit_diff,9,10,YY,-0.000480,
yy01,logit_diff,9,10,YY+1,0.000004,
yy01,logit_diff,9,10,END,-0.000012,
yy01,logit_diff,9,11,NOUN,0.000000,
yy01,logit_diff,9,11,XX1,0.000000,
yy01,logit_diff,9,11,YY,-0.000012,
yy01,logit_diff,9,11,YY+1,0.000009,
yy01,logit_diff,9,11,END,-0.000360,
yy01,logit_diff,10,0,NOUN,0.000000,
yy01,logit_diff,10,0,XX1,0.000000,
yy01,logit_diff,10,0,YY,0.000005,
yy01,logit_diff,10,0,YY+1,-0.000008,
yy01,logit_diff,10,0,END,0.000298,
yy01,logit_diff,10,1,NOUN,0.000000,
yy01,logit_diff,10,1,XX1,0.000000,
yy01,logit_diff,10,1,YY,0.000000,
yy01,logit_diff,10,1,YY+1,0.000001,
yy01,logit_diff,10,1,END,0.000463,
yy01,logit_diff,10,2,NOUN,0.000000,
yy01,logit_diff,10,2,XX1,0.000000,
yy01,logit_diff,10,2,YY,0.000005,
yy01,logit_diff,10,2,YY+1,0.000024,
yy01,logit_diff,10,2,END,0.013668,
yy01,logit_diff,10,3,NOUN,0.000000,
yy01,logit_diff,10,3,XX1,0.000000,
yy01,logit_diff,10,3,YY,0.000001,
yy01,logit_diff,10,3,YY+1,0.000013,
yy01,logit_diff,10,3,END,0.004099,
yy01,logit_diff,10,4,NOUN,0.000000,
yy01,logit_diff,10,4,XX1,0.000000,
yy01,logit_diff,10,4,YY,-0.000001,
yy01,logit_diff,10,4,YY+1,-0.000005,
yy01,logit_diff,10,4,END,-0.007345,
yy01,logit_diff,10,5,NOUN,0.000000,
yy01,logit_diff,10,5,XX1,0.000000,
yy01,logit_diff,10,5,YY,-0.000012,
yy01,logit_diff,10,5,YY+1,-0.000000,
yy01,logit_diff,10,5,END,0.000029,
yy01,logit_diff,10,6,NOUN,0.000000,
yy01,logit_diff,10,6,XX1,0.000000,
yy01,logit_diff,10,6,YY,-0.000002,
yy01,logit_diff,10,6,YY+1,0.000005,
yy01,logit_diff,10,6,END,-0.000092,
yy01,logit_diff,10,7,NOUN,0.000000,
yy01,logit_diff,10,7,XX1,0.000000,
yy01,logit_diff,10,7,YY,-0.000001,
yy01,logit_diff,10,7,YY+1,-0.000042,
yy01,logit_diff,10,7,END,-0.040144,
yy01,logit_diff,10,8,NOUN,0.000000,
yy01,logit_diff,10,8,XX1,0.000000,
yy01,logit_diff,10,8,YY,0.000001,
yy01,logit_diff,10,8,YY+1,-0.000003,
yy01,logit_diff,10,8,END,-0.000404,
yy01,logit_diff,10,9,NOUN,0.000000,
yy01,logit_diff,10,9,XX1,0.000000,
yy01,logit_diff,10,9,YY,-0.000019,
yy01,logit_diff,10,9,YY+1,-0.000001,
yy01,logit_diff,10,9,END,-0.000002,
yy01,logit_diff,10,10,NOUN,0.000000,
yy01,logit_diff,10,10,XX1,0.000000,
yy01,logit_diff,10,10,YY,0.000012,
yy01,logit_diff,10,10,YY+1,-0.000005,
yy01,logit_diff,10,10,END,0.000305,
yy01,logit_diff,10,11,NOUN,0.000000,
yy01,logit_diff,10,11,XX1,0.000000,
yy01,logit_diff,10,11,YY,0.000000,
yy01,logit_diff,10,11,YY+1,0.000005,
yy01,logit_diff,10,11,END,0.000011,
yy01,logit_diff,11,0,NOUN,0.000000,
yy01,logit_diff,11,0,XX1,0.000000,
yy01,logit_diff,11,0,YY,0.000000,
yy01,logit_diff,11,0,YY+1,0.000000,
yy01,logit_diff,11,0,END,0.003222,
yy01,logit_diff,11,1,NOUN,0.000000,
yy01,logit_diff,11,1,XX1,0.000000,
yy01,logit_diff,11,1,YY,0.000000,
yy01,logit_diff,11,1,YY+1,0.000000,
yy01,logit_diff,11,1,END,0.000301,
yy01,logit_diff,11,2,NOUN,0.000000,
yy01,logit_diff,11,2,XX1,0.000000,
yy01,logit_diff,11,2,YY,0.000000,
yy01,logit_diff,11,2,YY+1,0.000000,
yy01,logit_diff,11,2,END,0.000526,
yy01,logit_diff,11,3,NOUN,0.000000,
yy01,logit_diff,11,3,XX1,0.000000,
yy01,logit_diff,11,3,YY,0.000000,
yy01,logit_diff,11,3,YY+1,0.000000,
yy01,logit_diff,11,3,END,-0.000111,
yy01,logit_diff,11,4,NOUN,0.000000,
yy01,logit_diff,11,4,XX1,0.000000,
yy01,logit_diff,11,4,YY,0.000000,
yy01,logit_diff,11,4,YY+1,0.000000,
yy01,logit_diff,11,4,END,-0.000524,
yy01,logit_diff,11,5,NOUN,0.000000,
yy01,logit_diff,11,5,XX1,0.000000,
yy01,logit_diff,11,5,YY,0.000000,
yy01,logit_diff,11,5,YY+1,0.000000,
yy01,logit_diff,11,5,END,0.000075,
yy01,logit_diff,11,6,NOUN,0.000000,
yy01,logit_diff,11,6,XX1,0.000000,
yy01,logit_diff,11,6,YY,0.000000,
yy01,logit_diff,11,6,YY+1,0.000000,
yy01,logit_diff,11,6,END,0.000183,
yy01,logit_diff,11,7,NOUN,0.000000,
yy01,logit_diff,11,7,XX1,0.000000,
yy01,logit_diff,11,7,YY,0.000000,
yy01,logit_diff,11,7,YY+1,0.000000,
yy01,logit_diff,11,7,END,-0.000302,
yy01,logit_diff,11,8,NOUN,0.000000,
yy01,logit_diff,11,8,XX1,0.000000,
yy01,logit_diff,11,8,YY,0.000000,
yy01,logit_diff,11,8,YY+1,0.000000,
yy01,logit_diff,11,8,END,0.005925,
yy01,logit_diff,11,9,NOUN,0.000000,
yy01,logit_diff,11,9,XX1,0.000000,
yy01,logit_diff,11,9,YY,0.000000,
yy01,logit_diff,11,9,YY+1,0.000000,
yy01,logit_diff,11,9,END,-0.000656,
yy01,logit_diff,11,10,NOUN,0.000000,
yy01,logit_diff,11,10,XX1,0.000000,
yy01,logit_diff,11,10,YY,0.000000,
yy01,logit_diff,11,10,YY+1,0.000000,
yy01,logit_diff,11,10,END,-0.000022,
yy01,logit_diff,11,11,NOUN,0.000000,
yy01,logit_diff,11,11,XX1,0.000000,
yy01,logit_diff,11,11,YY,0.000000,
yy01,logit_diff,11,11,YY+1,0.000000,
yy01,logit_diff,11,11,END,0.000000,
yy01,kl,0,0,NOUN,0.000000,
yy01,kl,0,0,XX1,0.000000,
yy01,kl,0,0,YY,0.004364,
yy01,kl,0,0,YY+1,0.000002,
yy01,kl,0,0,END,-0.001338,
yy01,kl,0,1,NOUN,0.000000,
yy01,kl,0,1,XX1,0.000000,
yy01,kl,0,1,YY,0.083861,
yy01,kl,0,1,YY+1,-0.000002,
yy01,kl,0,1,END,0.000002,
yy01,kl,0,2,NOUN,0.000000,
yy01,kl,0,2,XX1,0.000000,
yy01,kl,0,2,YY,-0.000647,
yy01,kl,0,2,YY+1,-0.000042,
yy01,kl,0,2,END,0.000905,
yy01,kl,0,3,NOUN,0.000000,
yy01,kl,0,3,XX1,0.000000,
yy01,kl,0,3,YY,0.022200,
yy01,kl,0,3,YY+1,0.000809,
yy01,kl,0,3,END,0.000015,
yy01,kl,0,4,NOUN,0.000000,
yy01,kl,0,4,XX1,0.000000,
yy01,kl,0,4,YY,0.024397,
yy01,kl,0,4,YY+1,-0.000063,
yy01,kl,0,4,END,0.000126,
yy01,kl,0,5,NOUN,0.000000,
yy01,kl,0,5,XX1,0.000000,
yy01,kl,0,5,YY,0.041027,
yy01,kl,0,5,YY+1,-0.000028,
yy01,kl,0,5,END,-0.000000,
yy01,kl,0,6,NOUN,0.000000,
yy01,kl,0,6,XX1,0.000000,
yy01,kl,0,6,YY,0.001075,
yy01,kl,0,6,YY+1,-0.000298,
yy01,kl,0,6,END,-0.001644,
yy01,kl,0,7,NOUN,0.000000,
yy01,kl,0,7,XX1,0.000000,
yy01,kl,0,7,YY,0.015494,
yy01,kl,0,7,YY+1,0.000938,
yy01,kl,0,7,END,-0.000192,
yy01,kl,0,8,NOUN,0.000000,
yy01,kl,0,8,XX1,0.000000,
yy01,kl,0,8,YY,0.001668,
yy01,kl,0,8,YY+1,0.000026,
yy01,kl,0,8,END,0.001550,
yy01,kl,0,9,NOUN,0.000000,
yy01,kl,0,9,XX1,0.000000,
yy01,kl,0,9,YY,0.000763,
yy01,kl,0,9,YY+1,-0.000382,
yy01,kl,0,9,END,0.002247,
yy01,kl,0,10,NOUN,0.000000,
yy01,kl,0,10,XX1,0.000000,
yy01,kl,0,10,YY,-0.014144,
yy01,kl,0,10,YY+1,0.000306,
yy01,kl,0,10,END,-0.002360,
yy01,kl,0,11,NOUN,0.000000,
yy01,kl,0,11,XX1,0.000000,
yy01,kl,0,11,YY,0.002678,
yy01,kl,0,11,YY+1,-0.000474,
yy01,kl,0,11,END,-0.000960,
yy01,kl,1,0,NOUN,0.000000,
yy01,kl,1,0,XX1,0.000000,
yy01,kl,1,0,YY,0.009359,
yy01,kl,1,0,YY+1,0.000331,
yy01,kl,1,0,END,0.002201,
yy01,kl,1,1,NOUN,0.000000,
yy01,kl,1,1,XX1,0.000000,
yy01,kl,1,1,YY,-0.002788,
yy01,kl,1,1,YY+1,-0.000207,
yy01,kl,1,1,END,-0.000295,
yy01,kl,1,2,NOUN,0.000000,
yy01,kl,1,2,XX1,0.000000,
yy01,kl,1,2,YY,-0.001754,
yy01,kl,1,2,YY+1,0.000265,
yy01,kl,1,2,END,0.000092,
yy01,kl,1,3,NOUN,0.000000,
yy01,kl,1,3,XX1,0.000000,
yy01,kl,1,3,YY,0.000002,
yy01,kl,1,3,YY+1,0.000083,
yy01,kl,1,3,END,-0.000357,
yy01,kl,1,4,NOUN,0.000000,
yy01,kl,1,4,XX1,0.000000,
yy01,kl,1,4,YY,0.002804,
yy01,kl,1,4,YY+1,0.000297,
yy01,kl,1,4,END,0.001790,
yy01,kl,1,5,NOUN,0.000000,
yy01,kl,1,5,XX1,0.000000,
yy01,kl,1,5,YY,-0.006538,
yy01,kl,1,5,YY+1,0.000252,
yy01,kl,1,5,END,-0.000325,
yy01,kl,1,6,NOUN,0.000000,
yy01,kl,1,6,XX1,0.000000,
yy01,kl,1,6,YY,0.009829,
yy01,kl,1,6,YY+1,-0.000142,
yy01,kl,1,6,END,-0.003530,
yy01,kl,1,7,NOUN,0.000000,
yy01,kl,1,7,XX1,0.000000,
yy01,kl,1,7,YY,0.007699,
yy01,kl,1,7,YY+1,-0.000444,
yy01,kl,1,7,END,-0.003634,
yy01,kl,1,8,NOUN,0.000000,
yy01,kl,1,8,XX1,0.000000,
yy01,kl,1,8,YY,-0.000668,
yy01,kl,1,8,YY+1,0.000077,
yy01,kl,1,8,END,-0.001034,
yy01,kl,1,9,NOUN,0.000000,
yy01,kl,1,9,XX1,0.000000,
yy01,kl,1,9,YY,-0.005761,
yy01,kl,1,9,YY+1,0.000042,
yy01,kl,1,9,END,0.000521,
yy01,kl,1,10,NOUN,0.000000,
yy01,kl,1,10,XX1,0.000000,
yy01,kl,1,10,YY,-0.000771,
yy01,kl,1,10,YY+1,-0.000175,
yy01,kl,1,10,END,-0.000002,
yy01,kl,1,11,NOUN,0.000000,
yy01,kl,1,11,XX1,0.000000,
yy01,kl,1,11,YY,-0.017697,
yy01,kl,1,11,YY+1,-0.000493,
yy01,kl,1,11,END,0.000522,
yy01,kl,2,0,NOUN,0.000000,
yy01,kl,2,0,XX1,0.000000,
yy01,kl,2,0,YY,-0.001394,
yy01,kl,2,0,YY+1,0.000721,
yy01,kl,2,0,END,-0.000534,
yy01,kl,2,1,NOUN,0.000000,
yy01,kl,2,1,XX1,0.000000,
yy01,kl,2,1,YY,0.003902,
yy01,kl,2,1,YY+1,0.000254,
yy01,kl,2,1,END,-0.004011,
yy01,kl,2,2,NOUN,0.000000,
yy01,kl,2,2,XX1,0.000000,
yy01,kl,2,2,YY,0.000764,
yy01,kl,2,2,YY+1,0.001928,
yy01,kl,2,2,END,-0.000776,
yy01,kl,2,3,NOUN,0.000000,
yy01,kl,2,3,XX1,0.000000,
yy01,kl,2,3,YY,-0.002688,
yy01,kl,2,3,YY+1,-0.000041,
yy01,kl,2,3,END,-0.000340,
yy01,kl,2,4,NOUN,0.000000,
yy01,kl,2,4,XX1,0.000000,
yy01,kl,2,4,YY,0.013748,
yy01,kl,2,4,YY+1,-0.000040,
yy01,kl,2,4,END,-0.000065,
yy01,kl,2,5,NOUN,0.000000,
yy01,kl,2,5,XX1,0.000000,
yy01,kl,2,5,YY,-0.003561,
yy01,kl,2,5,YY+1,0.000956,
yy01,kl,2,5,END,-0.000711,
yy01,kl,2,6,NOUN,0.000000,
yy01,kl,2,6,XX1,0.000000,
yy01,kl,2,6,YY,-0.002884,
yy01,kl,2,6,YY+1,-0.000066,
yy01,kl,2,6,END,-0.000088,
yy01,kl,2,7,NOUN,0.000000,
yy01,kl,2,7,XX1,0.000000,
yy01,kl,2,7,YY,-0.003539,
yy01,kl,2,7,YY+1,-0.000053,
yy01,kl,2,7,END,0.000269,
yy01,kl,2,8,NOUN,0.000000,
yy01,kl,2,8,XX1,0.000000,
yy01,kl,2,8,YY,0.001344,
yy01,kl,2,8,YY+1,-0.000454,
yy01,kl,2,8,END,0.000459,
yy01,kl,2,9,NOUN,0.000000,
yy01,kl,2,9,XX1,0.000000,
yy01,kl,2,9,YY,0.007165,
yy01,kl,2,9,YY+1,0.000441,
yy01,kl,2,9,END,0.000408,
yy01,kl,2,10,NOUN,0.000000,
yy01,kl,2,10,XX1,0.000000,
yy01,kl,2,10,YY,-0.001328,
yy01,kl,2,10,YY+1,-0.000390,
yy01,kl,2,10,END,0.000321,
yy01,kl,2,11,NOUN,0.000000,
yy01,kl,2,11,XX1,0.000000,
yy01,kl,2,11,YY,0.000235,
yy01,kl,2,11,YY+1,-0.000685,
yy01,kl,2,11,END,-0.001520,
yy01,kl,3,0,NOUN,0.000000,
yy01,kl,3,0,XX1,0.000000,
yy01,kl,3,0,YY,0.002889,
yy01,kl,3,0,YY+1,-0.000005,
yy01,kl,3,0,END,-0.000155,
yy01,kl,3,1,NOUN,0.000000,
yy01,kl,3,1,XX1,0.000000,
yy01,kl,3,1,YY,-0.000292,
yy01,kl,3,1,YY+1,-0.000439,
yy01,kl,3,1,END,0.002354,
yy01,kl,3,2,NOUN,0.000000,
yy01,kl,3,2,XX1,0.000000,
yy01,kl,3,2,YY,0.000537,
yy01,kl,3,2,YY+1,0.000051,
yy01,kl,3,2,END,-0.001272,
yy01,kl,3,3,NOUN,0.000000,
yy01,kl,3,3,XX1,0.000000,
yy01,kl,3,3,YY,0.003443,
yy01,kl,3,3,YY+1,0.004125,
yy01,kl,3,3,END,0.003959,
yy01,kl,3,4,NOUN,0.000000,
yy01,kl,3,4,XX1,0.000000,
yy01,kl,3,4,YY,-0.005562,
yy01,kl,3,4,YY+1,0.000224,
yy01,kl,3,4,END,0.000450,
yy01,kl,3,5,NOUN,0.000000,
yy01,kl,3,5,XX1,0.000000,
yy01,kl,3,5,YY,0.000876,
yy01,kl,3,5,YY+1,0.000909,
yy01,kl,3,5,END,-0.000002,
yy01,kl,3,6,NOUN,0.000000,
yy01,kl,3,6,XX1,0.000000,
yy01,kl,3,6,YY,0.009662,
yy01,kl,3,6,YY+1,0.003337,
yy01,kl,3,6,END,-0.002294,
yy01,kl,3,7,NOUN,0.000000,
yy01,kl,3,7,XX1,0.000000,
yy01,kl,3,7,YY,0.002181,
yy01,kl,3,7,YY+1,-0.001653,
yy01,kl,3,7,END,-0.005482,
yy01,kl,3,8,NOUN,0.000000,
yy01,kl,3,8,XX1,0.000000,
yy01,kl,3,8,YY,-0.001421,
yy01,kl,3,8,YY+1,0.001465,
yy01,kl,3,8,END,-0.000379,
yy01,kl,3,9,NOUN,0.000000,
yy01,kl,3,9,XX1,0.000000,
yy01,kl,3,9,YY,0.013041,
yy01,kl,3,9,YY+1,-0.000471,
yy01,kl,3,9,END,0.002612,
yy01,kl,3,10,NOUN,0.000000,
yy01,kl,3,10,XX1,0.000000,
yy01,kl,3,10,YY,-0.006393,
yy01,kl,3,10,YY+1,-0.001549,
yy01,kl,3,10,END,0.000190,
yy01,kl,3,11,NOUN,0.000000,
yy01,kl,3,11,XX1,0.000000,
yy01,kl,3,11,YY,-0.002241,
yy01,kl,3,11,YY+1,-0.000023,
yy01,kl,3,11,END,0.000512,
yy01,kl,4,0,NOUN,0.000000,
yy01,kl,4,0,XX1,0.000000,
yy01,kl,4,0,YY,-0.007581,
yy01,kl,4,0,YY+1,-0.000015,
yy01,kl,4,0,END,-0.001147,
yy01,kl,4,1,NOUN,0.000000,
yy01,kl,4,1,XX1,0.000000,
yy01,kl,4,1,YY,0.007503,
yy01,kl,4,1,YY+1,-0.001011,
yy01,kl,4,1,END,-0.004143,
yy01,kl,4,2,NOUN,0.000000,
yy01,kl,4,2,XX1,0.000000,
yy01,kl,4,2,YY,-0.000998,
yy01,kl,4,2,YY+1,-0.000086,
yy01,kl,4,2,END,-0.000158,
yy01,kl,4,3,NOUN,0.000000,
yy01,kl,4,3,XX1,0.000000,
yy01,kl,4,3,YY,-0.000443,
yy01,kl,4,3,YY+1,0.000346,
yy01,kl,4,3,END,-0.005625,
yy01,kl,4,4,NOUN,0.000000,
yy01,kl,4,4,XX1,0.000000,
yy01,kl,4,4,YY,-0.015208,
yy01,kl,4,4,YY+1,-0.000287,
yy01,kl,4,4,END,-0.000153,
yy01,kl,4,5,NOUN,0.000000,
yy01,kl,4,5,XX1,0.000000,
yy01,kl,4,5,YY,0.002597,
yy01,kl,4,5,YY+1,0.000077,
yy01,kl,4,5,END,-0.002091,
yy01,kl,4,6,NOUN,0.000000,
yy01,kl,4,6,XX1,0.000000,
yy01,kl,4,6,YY,-0.006641,
yy01,kl,4,6,YY+1,-0.000003,
yy01,kl,4,6,END,-0.002460,
yy01,kl,4,7,NOUN,0.000000,
yy01,kl,4,7,XX1,0.000000,
yy01,kl,4,7,YY,-0.014523,
yy01,kl,4,7,YY+1,-0.001202,
yy01,kl,4,7,END,-0.003753,
yy01,kl,4,8,NOUN,0.000000,
yy01,kl,4,8,XX1,0.000000,
yy01,kl,4,8,YY,0.013178,
yy01,kl,4,8,YY+1,-0.000005,
yy01,kl,4,8,END,0.007410,
yy01,kl,4,9,NOUN,0.000000,
yy01,kl,4,9,XX1,0.000000,
yy01,kl,4,9,YY,0.002872,
yy01,kl,4,9,YY+1,0.000649,
yy01,kl,4,9,END,0.000031,
yy01,kl,4,10,NOUN,0.000000,
yy01,kl,4,10,XX1,0.000000,
yy01,kl,4,10,YY,-0.015305,
yy01,kl,4,10,YY+1,-0.000954,
yy01,kl,4,10,END,0.001471,
yy01,kl,4,11,NOUN,0.000000,
yy01,kl,4,11,XX1,0.000000,
yy01,kl,4,11,YY,0.000018,
yy01,kl,4,11,YY+1,0.004468,
yy01,kl,4,11,END,0.000202,
yy01,kl,5,0,NOUN,0.000000,
yy01,kl,5,0,XX1,0.000000,
yy01,kl,5,0,YY,0.000098,
yy01,kl,5,0,YY+1,0.000057,
yy01,kl,5,0,END,-0.002886,
yy01,kl,5,1,NOUN,0.000000,year head -> MLP 8
yy01,kl,5,1,XX1,0.000000,year head -> MLP 8
yy01,kl,5,1,YY,-0.000003,year head -> MLP 8
yy01,kl,5,1,YY+1,0.000014,year head -> MLP 8
yy01,kl,5,1,END,0.156173,year head -> MLP 8
yy01,kl,5,2,NOUN,0.000000,
yy01,kl,5,2,XX1,0.000000,
yy01,kl,5,2,YY,-0.001143,
yy01,kl,5,2,YY+1,0.000949,
yy01,kl,5,2,END,0.000640,
yy01,kl,5,3,NOUN,0.000000,
yy01,kl,5,3,XX1,0.000000,
yy01,kl,5,3,YY,-0.001678,
yy01,kl,5,3,YY+1,0.000074,
yy01,kl,5,3,END,0.001083,
yy01,kl,5,4,NOUN,0.000000,
yy01,kl,5,4,XX1,0.000000,
yy01,kl,5,4,YY,0.000275,
yy01,kl,5,4,YY+1,-0.000053,
yy01,kl,5,4,END,0.000436,
yy01,kl,5,5,NOUN,0.000000,year head -> MLP 8
yy01,kl,5,5,XX1,0.000000,year head -> MLP 8
yy01,kl,5,5,YY,-0.000217,year head -> MLP 8
yy01,kl,5,5,YY+1,0.000097,year head -> MLP 8
yy01,kl,5,5,END,0.152951,year head -> MLP 8
yy01,kl,5,6,NOUN,0.000000,
yy01,kl,5,6,XX1,0.000000,
yy01,kl,5,6,YY,-0.000337,
yy01,kl,5,6,YY+1,0.007378,
yy01,kl,5,6,END,-0.001829,
yy01,kl,5,7,NOUN,0.000000,
yy01,kl,5,7,XX1,0.000000,
yy01,kl,5,7,YY,-0.004347,
yy01,kl,5,7,YY+1,-0.000092,
yy01,kl,5,7,END,0.004570,
yy01,kl,5,8,NOUN,0.000000,
yy01,kl,5,8,XX1,0.000000,
yy01,kl,5,8,YY,-0.004753,
yy01,kl,5,8,YY+1,-0.000105,
yy01,kl,5,8,END,-0.011346,
yy01,kl,5,9,NOUN,0.000000,
yy01,kl,5,9,XX1,0.000000,
yy01,kl,5,9,YY,-0.001130,
yy01,kl,5,9,YY+1,0.000586,
yy01,kl,5,9,END,-0.003482,
yy01,kl,5,10,NOUN,0.000000,
yy01,kl,5,10,XX1,0.000000,
yy01,kl,5,10,YY,0.004176,
yy01,kl,5,10,YY+1,-0.001302,
yy01,kl,5,10,END,0.000914,
yy01,kl,5,11,NOUN,0.000000,
yy01,kl,5,11,XX1,0.000000,
yy01,kl,5,11,YY,-0.007834,
yy01,kl,5,11,YY+1,0.000216,
yy01,kl,5,11,END,0.002123,
yy01,kl,6,0,NOUN,0.000000,
yy01,kl,6,0,XX1,0.000000,
yy01,kl,6,0,YY,-0.002089,
yy01,kl,6,0,YY+1,0.000288,
yy01,kl,6,0,END,0.001736,
yy01,kl,6,1,NOUN,0.000000,
yy01,kl,6,1,XX1,0.000000,
yy01,kl,6,1,YY,-0.000508,
yy01,kl,6,1,YY+1,-0.000491,
yy01,kl,6,1,END,0.003755,
yy01,kl,6,2,NOUN,0.000000,
yy01,kl,6,2,XX1,0.000000,
yy01,kl,6,2,YY,0.000567,
yy01,kl,6,2,YY+1,0.000212,
yy01,kl,6,2,END,-0.000454,
yy01,kl,6,3,NOUN,0.000000,
yy01,kl,6,3,XX1,0.000000,
yy01,kl,6,3,YY,-0.000883,
yy01,kl,6,3,YY+1,0.000610,
yy01,kl,6,3,END,0.001322,
yy01,kl,6,4,NOUN,0.000000,
yy01,kl,6,4,XX1,0.000000,
yy01,kl,6,4,YY,0.004228,
yy01,kl,6,4,YY+1,-0.000920,
yy01,kl,6,4,END,0.001612,
yy01,kl,6,5,NOUN,0.000000,
yy01,kl,6,5,XX1,0.000000,
yy01,kl,6,5,YY,-0.001017,
yy01,kl,6,5,YY+1,0.000998,
yy01,kl,6,5,END,0.003026,
yy01,kl,6,6,NOUN,0.000000,
yy01,kl,6,6,XX1,0.000000,
yy01,kl,6,6,YY,-0.005188,
yy01,kl,6,6,YY+1,-0.000625,
yy01,kl,6,6,END,-0.008112,
yy01,kl,6,7,NOUN,0.000000,
yy01,kl,6,7,XX1,0.000000,
yy01,kl,6,7,YY,-0.000544,
yy01,kl,6,7,YY+1,-0.000398,
yy01,kl,6,7,END,-0.000685,
yy01,kl,6,8,NOUN,0.000000,
yy01,kl,6,8,XX1,0.000000,
yy01,kl,6,8,YY,0.002195,
yy01,kl,6,8,YY+1,0.001361,
yy01,kl,6,8,END,-0.002582,
yy01,kl,6,9,NOUN,0.000000,year head -> MLP 8
yy01,kl,6,9,XX1,0.000000,year head -> MLP 8
yy01,kl,6,9,YY,-0.000178,year head -> MLP 8
yy01,kl,6,9,YY+1,0.000094,year head -> MLP 8
yy01,kl,6,9,END,0.221117,year head -> MLP 8
yy01,kl,6,10,NOUN,0.000000,
yy01,kl,6,10,XX1,0.000000,
yy01,kl,6,10,YY,0.000207,
yy01,kl,6,10,YY+1,0.000037,
yy01,kl,6,10,END,0.001945,
yy01,kl,6,11,NOUN,0.000000,
yy01,kl,6,11,XX1,0.000000,
yy01,kl,6,11,YY,0.004518,
yy01,kl,6,11,YY+1,0.000402,
yy01,kl,6,11,END,0.003516,
yy01,kl,7,0,NOUN,0.000000,
yy01,kl,7,0,XX1,0.000000,
yy01,kl,7,0,YY,0.000381,
yy01,kl,7,0,YY+1,0.000014,
yy01,kl,7,0,END,-0.002314,
yy01,kl,7,1,NOUN,0.000000,
yy01,kl,7,1,XX1,0.000000,
yy01,kl,7,1,YY,0.000376,
yy01,kl,7,1,YY+1,-0.000051,
yy01,kl,7,1,END,0.000049,
yy01,kl,7,2,NOUN,0.000000,
yy01,kl,7,2,XX1,0.000000,
yy01,kl,7,2,YY,0.000084,
yy01,kl,7,2,YY+1,-0.000007,
yy01,kl,7,2,END,-0.000354,
yy01,kl,7,3,NOUN,0.000000,
yy01,kl,7,3,XX1,0.000000,
yy01,kl,7,3,YY,0.008475,
yy01,kl,7,3,YY+1,0.000088,
yy01,kl,7,3,END,0.001794,
yy01,kl,7,4,NOUN,0.000000,
yy01,kl,7,4,XX1,0.000000,
yy01,kl,7,4,YY,0.005607,
yy01,kl,7,4,YY+1,-0.000689,
yy01,kl,7,4,END,0.000036,
yy01,kl,7,5,NOUN,0.000000,
yy01,kl,7,5,XX1,0.000000,
yy01,kl,7,5,YY,-0.000129,
yy01,kl,7,5,YY+1,0.000830,
yy01,kl,7,5,END,-0.006433,
yy01,kl,7,6,NOUN,0.000000,
yy01,kl,7,6,XX1,0.000000,
yy01,kl,7,6,YY,0.001069,
yy01,kl,7,6,YY+1,0.000079,
yy01,kl,7,6,END,-0.001766,
yy01,kl,7,7,NOUN,0.000000,
yy01,kl,7,7,XX1,0.000000,
yy01,kl,7,7,YY,0.000028,
yy01,kl,7,7,YY+1,0.001349,
yy01,kl,7,7,END,0.004445,
yy01,kl,7,8,NOUN,0.000000,
yy01,kl,7,8,XX1,0.000000,
yy01,kl,7,8,YY,-0.004892,
yy01,kl,7,8,YY+1,0.000714,
yy01,kl,7,8,END,0.003821,
yy01,kl,7,9,NOUN,0.000000,
yy01,kl,7,9,XX1,0.000000,
yy01,kl,7,9,YY,-0.000321,
yy01,kl,7,9,YY+1,-0.000127,
yy01,kl,7,9,END,-0.003735,
yy01,kl,7,10,NOUN,0.000000,year head -> MLP 8
yy01,kl,7,10,XX1,0.000000,year head -> MLP 8
yy01,kl,7,10,YY,-0.000040,year head -> MLP 8
yy01,kl,7,10,YY+1,-0.000397,year head -> MLP 8
yy01,kl,7,10,END,0.317954,year head -> MLP 8
yy01,kl,7,11,NOUN,0.000000,
yy01,kl,7,11,XX1,0.000000,
yy01,kl,7,11,YY,-0.001982,
yy01,kl,7,11,YY+1,-0.000005,
yy01,kl,7,11,END,0.021324,
yy01,kl,8,0,NOUN,0.000000,
yy01,kl,8,0,XX1,0.000000,
yy01,kl,8,0,YY,0.000575,
yy01,kl,8,0,YY+1,-0.000061,
yy01,kl,8,0,END,-0.001455,
yy01,kl,8,1,NOUN,0.000000,
yy01,kl,8,1,XX1,0.000000,
yy01,kl,8,1,YY,-0.000110,
yy01,kl,8,1,YY+1,0.000022,
yy01,kl,8,1,END,0.046773,
yy01,kl,8,2,NOUN,0.000000,
yy01,kl,8,2,XX1,0.000000,
yy01,kl,8,2,YY,-0.001954,
yy01,kl,8,2,YY+1,0.000013,
yy01,kl,8,2,END,0.002491,
yy01,kl,8,3,NOUN,0.000000,
yy01,kl,8,3,XX1,0.000000,
yy01,kl,8,3,YY,0.000165,
yy01,kl,8,3,YY+1,-0.000430,
yy01,kl,8,3,END,0.000286,
yy01,kl,8,4,NOUN,0.000000,
yy01,kl,8,4,XX1,0.000000,
yy01,kl,8,4,YY,-0.000600,
yy01,kl,8,4,YY+1,-0.000010,
yy01,kl,8,4,END,-0.000363,
yy01,kl,8,5,NOUN,0.000000,
yy01,kl,8,5,XX1,0.000000,
yy01,kl,8,5,YY,0.000010,
yy01,kl,8,5,YY+1,0.000035,
yy01,kl,8,5,END,0.006497,
yy01,kl,8,6,NOUN,0.000000,
yy01,kl,8,6,XX1,0.000000,
yy01,kl,8,6,YY,0.000185,
yy01,kl,8,6,YY+1,0.000132,
yy01,kl,8,6,END,-0.011104,
yy01,kl,8,7,NOUN,0.000000,
yy01,kl,8,7,XX1,0.000000,
yy01,kl,8,7,YY,0.001236,
yy01,kl,8,7,YY+1,0.000025,
yy01,kl,8,7,END,0.014143,
yy01,kl,8,8,NOUN,0.000000,year head -> MLP 8
yy01,kl,8,8,XX1,0.000000,year head -> MLP 8
yy01,kl,8,8,YY,-0.000437,year head -> MLP 8
yy01,kl,8,8,YY+1,0.000051,year head -> MLP 8
yy01,kl,8,8,END,0.067197,year head -> MLP 8
yy01,kl,8,9,NOUN,0.000000,
yy01,kl,8,9,XX1,0.000000,
yy01,kl,8,9,YY,-0.000322,
yy01,kl,8,9,YY+1,-0.000019,
yy01,kl,8,9,END,-0.043338,
yy01,kl,8,10,NOUN,0.000000,
yy01,kl,8,10,XX1,0.000000,
yy01,kl,8,10,YY,-0.000359,
yy01,kl,8,10,YY+1,-0.000067,
yy01,kl,8,10,END,-0.027303,
yy01,kl,8,11,NOUN,0.000000,year head -> MLP 8
yy01,kl,8,11,XX1,0.000000,year head -> MLP 8
yy01,kl,8,11,YY,0.000857,year head -> MLP 8
yy01,kl,8,11,YY+1,0.000045,year head -> MLP 8
yy01,kl,8,11,END,0.245812,year head -> MLP 8
yy01,kl,9,0,NOUN,0.000000,
yy01,kl,9,0,XX1,0.000000,
yy01,kl,9,0,YY,-0.001009,
yy01,kl,9,0,YY+1,0.000011,
yy01,kl,9,0,END,0.000457,
yy01,kl,9,1,NOUN,0.000000,year head -> MLP 9
yy01,kl,9,1,XX1,0.000000,year head -> MLP 9
yy01,kl,9,1,YY,0.000247,year head -> MLP 9
yy01,kl,9,1,YY+1,0.000236,year head -> MLP 9
yy01,kl,9,1,END,0.452033,year head -> MLP 9
yy01,kl,9,2,NOUN,0.000000,
yy01,kl,9,2,XX1,0.000000,
yy01,kl,9,2,YY,0.000048,
yy01,kl,9,2,YY+1,-0.000000,
yy01,kl,9,2,END,-0.000022,
yy01,kl,9,3,NOUN,0.000000,
yy01,kl,9,3,XX1,0.000000,
yy01,kl,9,3,YY,0.000431,
yy01,kl,9,3,YY+1,0.000033,
yy01,kl,9,3,END,0.001904,
yy01,kl,9,4,NOUN,0.000000,
yy01,kl,9,4,XX1,0.000000,
yy01,kl,9,4,YY,-0.000052,
yy01,kl,9,4,YY+1,0.000011,
yy01,kl,9,4,END,-0.001071,
yy01,kl,9,5,NOUN,0.000000,
yy01,kl,9,5,XX1,0.000000,
yy01,kl,9,5,YY,0.001018,
yy01,kl,9,5,YY+1,-0.000030,
yy01,kl,9,5,END,-0.023967,
yy01,kl,9,6,NOUN,0.000000,
yy01,kl,9,6,XX1,0.000000,
yy01,kl,9,6,YY,0.000122,
yy01,kl,9,6,YY+1,0.000137,
yy01,kl,9,6,END,0.004890,
yy01,kl,9,7,NOUN,0.000000,
yy01,kl,9,7,XX1,0.000000,
yy01,kl,9,7,YY,-0.000029,
yy01,kl,9,7,YY+1,-0.000004,
yy01,kl,9,7,END,-0.002932,
yy01,kl,9,8,NOUN,0.000000,
yy01,kl,9,8,XX1,0.000000,
yy01,kl,9,8,YY,0.000418,
yy01,kl,9,8,YY+1,0.000021,
yy01,kl,9,8,END,0.001260,
yy01,kl,9,9,NOUN,0.000000,
yy01,kl,9,9,XX1,0.000000,
yy01,kl,9,9,YY,0.000034,
yy01,kl,9,9,YY+1,0.000060,
yy01,kl,9,9,END,0.004850,
yy01,kl,9,10,NOUN,0.000000,
yy01,kl,9,10,XX1,0.000000,
yy01,kl,9,10,YY,-0.001337,
yy01,kl,9,10,YY+1,0.000008,
yy01,kl,9,10,END,-0.000497,
yy01,kl,9,11,NOUN,0.000000,
yy01,kl,9,11,XX1,0.000000,
yy01,kl,9,11,YY,-0.000057,
yy01,kl,9,11,YY+1,0.000022,
yy01,kl,9,11,END,-0.001208,
yy01,kl,10,0,NOUN,0.000000,
yy01,kl,10,0,XX1,0.000000,
yy01,kl,10,0,YY,0.000030,
yy01,kl,10,0,YY+1,0.000030,
yy01,kl,10,0,END,0.002331,
yy01,kl,10,1,NOUN,0.000000,
yy01,kl,10,1,XX1,0.000000,
yy01,kl,10,1,YY,0.000003,
yy01,kl,10,1,YY+1,0.000007,
yy01,kl,10,1,END,0.001040,
yy01,kl,10,2,NOUN,0.000000,
yy01,kl,10,2,XX1,0.000000,
yy01,kl,10,2,YY,0.000023,
yy01,kl,10,2,YY+1,0.000131,
yy01,kl,10,2,END,0.049491,
yy01,kl,10,3,NOUN,0.000000,
yy01,kl,10,3,XX1,0.000000,
yy01,kl,10,3,YY,-0.000000,
yy01,kl,10,3,YY+1,0.000024,
yy01,kl,10,3,END,0.010145,
yy01,kl,10,4,NOUN,0.000000,
yy01,kl,10,4,XX1,0.000000,
yy01,kl,10,4,YY,0.000002,
yy01,kl,10,4,YY+1,-0.000018,
yy01,kl,10,4,END,-0.034339,
yy01,kl,10,5,NOUN,0.000000,
yy01,kl,10,5,XX1,0.000000,
yy01,kl,10,5,YY,-0.000034,
yy01,kl,10,5,YY+1,0.000005,
yy01,kl,10,5,END,0.000021,
yy01,kl,10,6,NOUN,0.000000,
yy01,kl,10,6,XX1,0.000000,
yy01,kl,10,6,YY,-0.000003,
yy01,kl,10,6,YY+1,0.000015,
yy01,kl,10,6,END,-0.000314,
yy01,kl,10,7,NOUN,0.000000,
yy01,kl,10,7,XX1,0.000000,
yy01,kl,10,7,YY,-0.000005,
yy01,kl,10,7,YY+1,-0.000207,
yy01,kl,10,7,END,-0.166475,
yy01,kl,10,8,NOUN,0.000000,
yy01,kl,10,8,XX1,0.000000,
yy01,kl,10,8,YY,0.000001,
yy01,kl,10,8,YY+1,-0.000012,
yy01,kl,10,8,END,-0.000680,
yy01,kl,10,9,NOUN,0.000000,
yy01,kl,10,9,XX1,0.000000,
yy01,kl,10,9,YY,-0.000014,
yy01,kl,10,9,YY+1,0.000002,
yy01,kl,10,9,END,0.000195,
yy01,kl,10,10,NOUN,0.000000,
yy01,kl,10,10,XX1,0.000000,
yy01,kl,10,10,YY,0.000027,
yy01,kl,10,10,YY+1,0.000005,
yy01,kl,10,10,END,0.000556,
yy01,kl,10,11,NOUN,0.000000,
yy01,kl,10,11,XX1,0.000000,
yy01,kl,10,11,YY,0.000000,
yy01,kl,10,11,YY+1,0.000020,
yy01,kl,10,11,END,-0.000001,
yy01,kl,11,0,NOUN,0.000000,
yy01,kl,11,0,XX1,0.000000,
yy01,kl,11,0,YY,0.000000,
yy01,kl,11,0,YY+1,0.000000,
yy01,kl,11,0,END,0.009062,
yy01,kl,11,1,NOUN,0.000000,
yy01,kl,11,1,XX1,0.000000,
yy01,kl,11,1,YY,0.000000,
yy01,kl,11,1,YY+1,0.000000,
yy01,kl,11,1,END,0.000893,
yy01,kl,11,2,NOUN,0.000000,
yy01,kl,11,2,XX1,0.000000,
yy01,kl,11,2,YY,0.000000,
yy01,kl,11,2,YY+1,0.000000,
yy01,kl,11,2,END,0.001693,
yy01,kl,11,3,NOUN,0.000000,
yy01,kl,11,3,XX1,0.000000,
yy01,kl,11,3,YY,0.000000,
yy01,kl,11,3,YY+1,0.000000,
yy01,kl,11,3,END,-0.000506,
yy01,kl,11,4,NOUN,0.000000,
yy01,kl,11,4,XX1,0.000000,
yy01,kl,11,4,YY,0.000000,
yy01,kl,11,4,YY+1,0.000000,
yy01,kl,11,4,END,-0.000604,
yy01,kl,11,5,NOUN,0.000000,
yy01,kl,11,5,XX1,0.000000,
yy01,kl,11,5,YY,0.000000,
yy01,kl,11,5,YY+1,0.000000,
yy01,kl,11,5,END,0.000089,
yy01,kl,11,6,NOUN,0.000000,
yy01,kl,11,6,XX1,0.000000,
yy01,kl,11,6,YY,0.000000,
yy01,kl,11,6,YY+1,0.000000,
yy01,kl,11,6,END,0.000523,
yy01,kl,11,7,NOUN,0.000000,
yy01,kl,11,7,XX1,0.000000,
yy01,kl,11,7,YY,0.000000,
yy01,kl,11,7,YY+1,0.000000,
yy01,kl,11,7,END,-0.000342,
yy01,kl,11,8,NOUN,0.000000,
yy01,kl,11,8,XX1,0.000000,
yy01,kl,11,8,YY,0.000000,
yy01,kl,11,8,YY+1,0.000000,
yy01,kl,11,8,END,0.015468,
yy01,kl,11,9,NOUN,0.000000,
yy01,kl,11,9,XX1,0.000000,
yy01,kl,11,9,YY,0.000000,
yy01,kl,11,9,YY+1,0.000000,
yy01,kl,11,9,END,-0.001997,
yy01,kl,11,10,NOUN,0.000000,
yy01,kl,11,10,XX1,0.000000,
yy01,kl,11,10,YY,0.000000,
yy01,kl,11,10,YY+1,0.000000,
yy01,kl,11,10,END,0.000435,
yy01,kl,11,11,NOUN,0.000000,
yy01,kl,11,11,XX1,0.000000,
yy01,kl,11,11,YY,0.000000,
yy01,kl,11,11,YY+1,0.000000,
yy01,kl,11,11,END,0.000040,
yy01,tv,0,0,NOUN,0.000000,
yy01,tv,0,0,XX1,0.000000,
yy01,tv,0,0,YY,0.001607,
yy01,tv,0,0,YY+1,0.000019,
yy01,tv,0,0,END,-0.000473,
yy01,tv,0,1,NOUN,0.000000,
yy01,tv,0,1,XX1,0.000000,
yy01,tv,0,1,YY,0.032269,
yy01,tv,0,1,YY+1,-0.000001,
yy01,tv,0,1,END,0.000001,
yy01,tv,0,2,NOUN,0.000000,
yy01,tv,0,2,XX1,0.000000,
yy01,tv,0,2,YY,-0.000665,
yy01,tv,0,2,YY+1,-0.000021,
yy01,tv,0,2,END,0.000155,
yy01,tv,0,3,NOUN,0.000000,
yy01,tv,0,3,XX1,0.000000,
yy01,tv,0,3,YY,0.008183,
yy01,tv,0,3,YY+1,0.000413,
yy01,tv,0,3,END,0.000008,
yy01,tv,0,4,NOUN,0.000000,
yy01,tv,0,4,XX1,0.000000,
yy01,tv,0,4,YY,0.010257,
yy01,tv,0,4,YY+1,-0.000078,
yy01,tv,0,4,END,0.000043,
yy01,tv,0,5,NOUN,0.000000,
yy01,tv,0,5,XX1,0.000000,
yy01,tv,0,5,YY,0.015977,
yy01,tv,0,5,YY+1,-0.000012,
yy01,tv,0,5,END,-0.000000,
yy01,tv,0,6,NOUN,0.000000,
yy01,tv,0,6,XX1,0.000000,
yy01,tv,0,6,YY,0.001541,
yy01,tv,0,6,YY+1,-0.000141,
yy01,tv,0,6,END,-0.000746,
yy01,tv,0,7,NOUN,0.000000,
yy01,tv,0,7,XX1,0.000000,
yy01,tv,0,7,YY,0.004852,
yy01,tv,0,7,YY+1,0.000429,
yy01,tv,0,7,END,-0.000081,
yy01,tv,0,8,NOUN,0.000000,
yy01,tv,0,8,XX1,0.000000,
yy01,tv,0,8,YY,0.001400,
yy01,tv,0,8,YY+1,0.000004,
yy01,tv,0,8,END,0.000731,
yy01,tv,0,9,NOUN,0.000000,
yy01,tv,0,9,XX1,0.000000,
yy01,tv,0,9,YY,0.000342,
yy01,tv,0,9,YY+1,-0.000160,
yy01,tv,0,9,END,0.001014,
yy01,tv,0,10,NOUN,0.000000,
yy01,tv,0,10,XX1,0.000000,
yy01,tv,0,10,YY,-0.008091,
yy01,tv,0,10,YY+1,0.000131,
yy01,tv,0,10,END,-0.000832,
yy01,tv,0,11,NOUN,0.000000,
yy01,tv,0,11,XX1,0.000000,
yy01,tv,0,11,YY,0.000745,
yy01,tv,0,11,YY+1,-0.000156,
yy01,tv,0,11,END,-0.000400,
yy01,tv,1,0,NOUN,0.000000,
yy01,tv,1,0,XX1,0.000000,
yy01,tv,1,0,YY,0.003215,
yy01,tv,1,0,YY+1,0.000118,
yy01,tv,1,0,END,0.000773,
yy01,tv,1,1,NOUN,0.000000,
yy01,tv,1,1,XX1,0.000000,
yy01,tv,1,1,YY,-0.000564,
yy01,tv,1,1,YY+1,-0.000067,
yy01,tv,1,1,END,-0.000004,
yy01,tv,1,2,NOUN,0.000000,
yy01,tv,1,2,XX1,0.000000,
yy01,tv,1,2,YY,-0.000573,
yy01,tv,1,2,YY+1,0.000088,
yy01,tv,1,2,END,0.000029,
yy01,tv,1,3,NOUN,0.000000,
yy01,tv,1,3,XX1,0.000000,
yy01,tv,1,3,YY,0.000303,
yy01,tv,1,3,YY+1,0.000059,
yy01,tv,1,3,END,-0.000057,
yy01,tv,1,4,NOUN,0.000000,
yy01,tv,1,4,XX1,0.000000,
yy01,tv,1,4,YY,0.000834,
yy01,tv,1,4,YY+1,0.000086,
yy01,tv,1,4,END,0.000635,
yy01,tv,1,5,NOUN,0.000000,
yy01,tv,1,5,XX1,0.000000,
yy01,tv,1,5,YY,-0.002793,
yy01,tv,1,5,YY+1,0.000090,
yy01,tv,1,5,END,-0.000417,
yy01,tv,1,6,NOUN,0.000000,
yy01,tv,1,6,XX1,0.000000,
yy01,tv,1,6,YY,0.003427,
yy01,tv,1,6,YY+1,-0.000062,
yy01,tv,1,6,END,-0.001161,
yy01,tv,1,7,NOUN,0.000000,
yy01,tv,1,7,XX1,0.000000,
yy01,tv,1,7,YY,0.002606,
yy01,tv,1,7,YY+1,-0.000245,
yy01,tv,1,7,END,-0.001411,
yy01,tv,1,8,NOUN,0.000000,
yy01,tv,1,8,XX1,0.000000,
yy01,tv,1,8,YY,-0.000040,
yy01,tv,1,8,YY+1,0.000042,
yy01,tv,1,8,END,-0.000406,
yy01,tv,1,9,NOUN,0.000000,
yy01,tv,1,9,XX1,0.000000,
yy01,tv,1,9,YY,-0.002369,
yy01,tv,1,9,YY+1,0.000054,
yy01,tv,1,9,END,0.000192,
yy01,tv,1,10,NOUN,0.000000,
yy01,tv,1,10,XX1,0.000000,
yy01,tv,1,10,YY,-0.000489,
yy01,tv,1,10,YY+1,-0.000100,
yy01,tv,1,10,END,0.000014,
yy01,tv,1,11,NOUN,0.000000,
yy01,tv,1,11,XX1,0.000000,
yy01,tv,1,11,YY,-0.005778,
yy01,tv,1,11,YY+1,-0.000191,
yy01,tv,1,11,END,0.000305,
yy01,tv,2,0,NOUN,0.000000,
yy01,tv,2,0,XX1,0.000000,
yy01,tv,2,0,YY,-0.000268,
yy01,tv,2,0,YY+1,0.000161,
yy01,tv,2,0,END,-0.000271,
yy01,tv,2,1,NOUN,0.000000,
yy01,tv,2,1,XX1,0.000000,
yy01,tv,2,1,YY,0.001266,
yy01,tv,2,1,YY+1,0.000068,
yy01,tv,2,1,END,-0.000429,
yy01,tv,2,2,NOUN,0.000000,
yy01,tv,2,2,XX1,0.000000,
yy01,tv,2,2,YY,0.000119,
yy01,tv,2,2,YY+1,0.000780,
yy01,tv,2,2,END,-0.000210,
yy01,tv,2,3,NOUN,0.000000,
yy01,tv,2,3,XX1,0.000000,
yy01,tv,2,3,YY,-0.000629,
yy01,tv,2,3,YY+1,-0.000008,
yy01,tv,2,3,END,-0.000102,
yy01,tv,2,4,NOUN,0.000000,
yy01,tv,2,4,XX1,0.000000,
yy01,tv,2,4,YY,0.004521,
yy01,tv,2,4,YY+1,0.000026,
yy01,tv,2,4,END,0.000323,
yy01,tv,2,5,NOUN,0.000000,
yy01,tv,2,5,XX1,0.000000,
yy01,tv,2,5,YY,-0.000700,
yy01,tv,2,5,YY+1,0.000420,
yy01,tv,2,5,END,-0.000300,
yy01,tv,2,6,NOUN,0.000000,
yy01,tv,2,6,XX1,0.000000,
yy01,tv,2,6,YY,-0.000957,
yy01,tv,2,6,YY+1,-0.000052,
yy01,tv,2,6,END,0.000023,
yy01,tv,2,7,NOUN,0.000000,
yy01,tv,2,7,XX1,0.000000,
yy01,tv,2,7,YY,-0.001643,
yy01,tv,2,7,YY+1,0.000025,
yy01,tv,2,7,END,-0.000042,
yy01,tv,2,8,NOUN,0.000000,
yy01,tv,2,8,XX1,0.000000,
yy01,tv,2,8,YY,0.000638,
yy01,tv,2,8,YY+1,-0.000192,
yy01,tv,2,8,END,0.000163,
yy01,tv,2,9,NOUN,0.000000,
yy01,tv,2,9,XX1,0.000000,
yy01,tv,2,9,YY,0.002656,
yy01,tv,2,9,YY+1,0.000182,
yy01,tv,2,9,END,0.000212,
yy01,tv,2,10,NOUN,0.000000,
yy01,tv,2,10,XX1,0.000000,
yy01,tv,2,10,YY,-0.000784,
yy01,tv,2,10,YY+1,-0.000165,
yy01,tv,2,10,END,-0.000071,
yy01,tv,2,11,NOUN,0.000000,
yy01,tv,2,11,XX1,0.000000,
yy01,tv,2,11,YY,0.000083,
yy01,tv,2,11,YY+1,-0.000277,
yy01,tv,2,11,END,-0.000474,
yy01,tv,3,0,NOUN,0.000000,
yy01,tv,3,0,XX1,0.000000,
yy01,tv,3,0,YY,0.001058,
yy01,tv,3,0,YY+1,-0.000002,
yy01,tv,3,0,END,-0.000094,
yy01,tv,3,1,NOUN,0.000000,
yy01,tv,3,1,XX1,0.000000,
yy01,tv,3,1,YY,0.000113,
yy01,tv,3,1,YY+1,-0.000155,
yy01,tv,3,1,END,0.000805,
yy01,tv,3,2,NOUN,0.000000,
yy01,tv,3,2,XX1,0.000000,
yy01,tv,3,2,YY,0.000389,
yy01,tv,3,2,YY+1,-0.000035,
yy01,tv,3,2,END,-0.000404,
yy01,tv,3,3,NOUN,0.000000,
yy01,tv,3,3,XX1,0.000000,
yy01,tv,3,3,YY,0.001512,
yy01,tv,3,3,YY+1,0.001619,
yy01,tv,3,3,END,0.001527,
yy01,tv,3,4,NOUN,0.000000,
yy01,tv,3,4,XX1,0.000000,
yy01,tv,3,4,YY,-0.002191,
yy01,tv,3,4,YY+1,0.000074,
yy01,tv,3,4,END,0.000954,
yy01,tv,3,5,NOUN,0.000000,
yy01,tv,3,5,XX1,0.000000,
yy01,tv,3,5,YY,0.000557,
yy01,tv,3,5,YY+1,0.000342,
yy01,tv,3,5,END,-0.000027,
yy01,tv,3,6,NOUN,0.000000,
yy01,tv,3,6,XX1,0.000000,
yy01,tv,3,6,YY,0.002915,
yy01,tv,3,6,YY+1,0.001036,
yy01,tv,3,6,END,-0.000854,
yy01,tv,3,7,NOUN,0.000000,
yy01,tv,3,7,XX1,0.000000,
yy01,tv,3,7,YY,0.001648,
yy01,tv,3,7,YY+1,-0.000144,
yy01,tv,3,7,END,-0.001944,
yy01,tv,3,8,NOUN,0.000000,
yy01,tv,3,8,XX1,0.000000,
yy01,tv,3,8,YY,-0.000497,
yy01,tv,3,8,YY+1,0.000459,
yy01,tv,3,8,END,-0.000057,
yy01,tv,3,9,NOUN,0.000000,
yy01,tv,3,9,XX1,0.000000,
yy01,tv,3,9,YY,0.005748,
yy01,tv,3,9,YY+1,-0.000197,
yy01,tv,3,9,END,0.000979,
yy01,tv,3,10,NOUN,0.000000,
yy01,tv,3,10,XX1,0.000000,
yy01,tv,3,10,YY,-0.002436,
yy01,tv,3,10,YY+1,-0.000553,
yy01,tv,3,10,END,-0.000016,
yy01,tv,3,11,NOUN,0.000000,
yy01,tv,3,11,XX1,0.000000,
yy01,tv,3,11,YY,-0.000515,
yy01,tv,3,11,YY+1,-0.000026,
yy01,tv,3,11,END,0.000177,
yy01,tv,4,0,NOUN,0.000000,
yy01,tv,4,0,XX1,0.000000,
yy01,tv,4,0,YY,-0.001208,
yy01,tv,4,0,YY+1,0.000027,
yy01,tv,4,0,END,-0.000143,
yy01,tv,4,1,NOUN,0.000000,
yy01,tv,4,1,XX1,0.000000,
yy01,tv,4,1,YY,0.001778,
yy01,tv,4,1,YY+1,-0.000415,
yy01,tv,4,1,END,-0.001429,
yy01,tv,4,2,NOUN,0.000000,
yy01,tv,4,2,XX1,0.000000,
yy01,tv,4,2,YY,-0.000188,
yy01,tv,4,2,YY+1,-0.000024,
yy01,tv,4,2,END,-0.000110,
yy01,tv,4,3,NOUN,0.000000,
yy01,tv,4,3,XX1,0.000000,
yy01,tv,4,3,YY,-0.000246,
yy01,tv,4,3,YY+1,0.000209,
yy01,tv,4,3,END,-0.002385,
yy01,tv,4,4,NOUN,0.000000,
yy01,tv,4,4,XX1,0.000000,
yy01,tv,4,4,YY,-0.003931,
yy01,tv,4,4,YY+1,0.000002,
yy01,tv,4,4,END,0.000263,
yy01,tv,4,5,NOUN,0.000000,
yy01,tv,4,5,XX1,0.000000,
yy01,tv,4,5,YY,0.000335,
yy01,tv,4,5,YY+1,0.000028,
yy01,tv,4,5,END,-0.000598,
yy01,tv,4,6,NOUN,0.000000,
yy01,tv,4,6,XX1,0.000000,
yy01,tv,4,6,YY,-0.002659,
yy01,tv,4,6,YY+1,-0.000018,
yy01,tv,4,6,END,-0.000596,
yy01,tv,4,7,NOUN,0.000000,
yy01,tv,4,7,XX1,0.000000,
yy01,tv,4,7,YY,-0.005125,
yy01,tv,4,7,YY+1,-0.000606,
yy01,tv,4,7,END,-0.001331,
yy01,tv,4,8,NOUN,0.000000,
yy01,tv,4,8,XX1,0.000000,
yy01,tv,4,8,YY,0.005126,
yy01,tv,4,8,YY+1,-0.000015,
yy01,tv,4,8,END,0.002656,
yy01,tv,4,9,NOUN,0.000000,
yy01,tv,4,9,XX1,0.000000,
yy01,tv,4,9,YY,0.000952,
yy01,tv,4,9,YY+1,0.000271,
yy01,tv,4,9,END,0.000050,
yy01,tv,4,10,NOUN,0.000000,
yy01,tv,4,10,XX1,0.000000,
yy01,tv,4,10,YY,-0.006282,
yy01,tv,4,10,YY+1,-0.000263,
yy01,tv,4,10,END,0.000586,
yy01,tv,4,11,NOUN,0.000000,
yy01,tv,4,11,XX1,0.000000,
yy01,tv,4,11,YY,0.000010,
yy01,tv,4,11,YY+1,0.001748,
yy01,tv,4,11,END,0.000149,
yy01,tv,5,0,NOUN,0.000000,
yy01,tv,5,0,XX1,0.000000,
yy01,tv,5,0,YY,-0.000033,
yy01,tv,5,0,YY+1,0.000023,
yy01,tv,5,0,END,-0.000487,
yy01,tv,5,1,NOUN,0.000000,year head -> MLP 8
yy01,tv,5,1,XX1,0.000000,year head -> MLP 8
yy01,tv,5,1,YY,-0.000003,year head -> MLP 8
yy01,tv,5,1,YY+1,0.000006,year head -> MLP 8
yy01,tv,5,1,END,0.057421,year head -> MLP 8
yy01,tv,5,2,NOUN,0.000000,
yy01,tv,5,2,XX1,0.000000,
yy01,tv,5,2,YY,0.000299,
yy01,tv,5,2,YY+1,0.000353,
yy01,tv,5,2,END,0.000357,
yy01,tv,5,3,NOUN,0.000000,
yy01,tv,5,3,XX1,0.000000,
yy01,tv,5,3,YY,-0.000479,
yy01,tv,5,3,YY+1,0.000024,
yy01,tv,5,3,END,0.000266,
yy01,tv,5,4,NOUN,0.000000,
yy01,tv,5,4,XX1,0.000000,
yy01,tv,5,4,YY,0.000015,
yy01,tv,5,4,YY+1,-0.000074,
yy01,tv,5,4,END,-0.000008,
yy01,tv,5,5,NOUN,0.000000,year head -> MLP 8
yy01,tv,5,5,XX1,0.000000,year head -> MLP 8
yy01,tv,5,5,YY,-0.000116,year head -> MLP 8
yy01,tv,5,5,YY+1,-0.000002,year head -> MLP 8
yy01,tv,5,5,END,0.051640,year head -> MLP 8
yy01,tv,5,6,NOUN,0.000000,
yy01,tv,5,6,XX1,0.000000,
yy01,tv,5,6,YY,0.000145,
yy01,tv,5,6,YY+1,0.002341,
yy01,tv,5,6,END,-0.000745,
yy01,tv,5,7,NOUN,0.000000,
yy01,tv,5,7,XX1,0.000000,
yy01,tv,5,7,YY,-0.000695,
yy01,tv,5,7,YY+1,-0.000001,
yy01,tv,5,7,END,0.001819,
yy01,tv,5,8,NOUN,0.000000,
yy01,tv,5,8,XX1,0.000000,
yy01,tv,5,8,YY,-0.001925,
yy01,tv,5,8,YY+1,-0.000035,
yy01,tv,5,8,END,-0.004319,
yy01,tv,5,9,NOUN,0.000000,
yy01,tv,5,9,XX1,0.000000,
yy01,tv,5,9,YY,-0.000260,
yy01,tv,5,9,YY+1,0.000220,
yy01,tv,5,9,END,-0.000547,
yy01,tv,5,10,NOUN,0.000000,
yy01,tv,5,10,XX1,0.000000,
yy01,tv,5,10,YY,0.001120,
yy01,tv,5,10,YY+1,-0.000464,
yy01,tv,5,10,END,0.000555,
yy01,tv,5,11,NOUN,0.000000,
yy01,tv,5,11,XX1,0.000000,
yy01,tv,5,11,YY,-0.002085,
yy01,tv,5,11,YY+1,0.000063,
yy01,tv,5,11,END,0.000436,
yy01,tv,6,0,NOUN,0.000000,
yy01,tv,6,0,XX1,0.000000,
yy01,tv,6,0,YY,-0.000681,
yy01,tv,6,0,YY+1,0.000121,
yy01,tv,6,0,END,0.000403,
yy01,tv,6,1,NOUN,0.000000,
yy01,tv,6,1,XX1,0.000000,
yy01,tv,6,1,YY,-0.000101,
yy01,tv,6,1,YY+1,-0.000333,
yy01,tv,6,1,END,0.001696,
yy01,tv,6,2,NOUN,0.000000,
yy01,tv,6,2,XX1,0.000000,
yy01,tv,6,2,YY,-0.000055,
yy01,tv,6,2,YY+1,0.000069,
yy01,tv,6,2,END,0.000169,
yy01,tv,6,3,NOUN,0.000000,
yy01,tv,6,3,XX1,0.000000,
yy01,tv,6,3,YY,-0.000549,
yy01,tv,6,3,YY+1,0.000216,
yy01,tv,6,3,END,0.000537,
yy01,tv,6,4,NOUN,0.000000,
yy01,tv,6,4,XX1,0.000000,
yy01,tv,6,4,YY,0.003487,
yy01,tv,6,4,YY+1,-0.000541,
yy01,tv,6,4,END,0.000989,
yy01,tv,6,5,NOUN,0.000000,
yy01,tv,6,5,XX1,0.000000,
yy01,tv,6,5,YY,-0.000570,
yy01,tv,6,5,YY+1,0.000534,
yy01,tv,6,5,END,0.001335,
yy01,tv,6,6,NOUN,0.000000,
yy01,tv,6,6,XX1,0.000000,
yy01,tv,6,6,YY,-0.001520,
yy01,tv,6,6,YY+1,-0.000243,
yy01,tv,6,6,END,-0.003309,
yy01,tv,6,7,NOUN,0.000000,
yy01,tv,6,7,XX1,0.000000,
yy01,tv,6,7,YY,-0.000138,
yy01,tv,6,7,YY+1,-0.000075,
yy01,tv,6,7,END,-0.000075,
yy01,tv,6,8,NOUN,0.000000,
yy01,tv,6,8,XX1,0.000000,
yy01,tv,6,8,YY,0.001012,
yy01,tv,6,8,YY+1,0.000335,
yy01,tv,6,8,END,-0.001085,
yy01,tv,6,9,NOUN,0.000000,year head -> MLP 8
yy01,tv,6,9,XX1,0.000000,year head -> MLP 8
yy01,tv,6,9,YY,-0.000051,year head -> MLP 8
yy01,tv,6,9,YY+1,0.000040,year head -> MLP 8
yy01,tv,6,9,END,0.083168,year head -> MLP 8
yy01,tv,6,10,NOUN,0.000000,
yy01,tv,6,10,XX1,0.000000,
yy01,tv,6,10,YY,0.000058,
yy01,tv,6,10,YY+1,0.000013,
yy01,tv,6,10,END,0.000657,
yy01,tv,6,11,NOUN,0.000000,
yy01,tv,6,11,XX1,0.000000,
yy01,tv,6,11,YY,0.002245,
yy01,tv,6,11,YY+1,0.000186,
yy01,tv,6,11,END,0.000815,
yy01,tv,7,0,NOUN,0.000000,
yy01,tv,7,0,XX1,0.000000,
yy01,tv,7,0,YY,0.000126,
yy01,tv,7,0,YY+1,-0.000031,
yy01,tv,7,0,END,-0.001092,
yy01,tv,7,1,NOUN,0.000000,
yy01,tv,7,1,XX1,0.000000,
yy01,tv,7,1,YY,0.000065,
yy01,tv,7,1,YY+1,-0.000024,
yy01,tv,7,1,END,-0.000278,
yy01,tv,7,2,NOUN,0.000000,
yy01,tv,7,2,XX1,0.000000,
yy01,tv,7,2,YY,0.000037,
yy01,tv,7,2,YY+1,-0.000005,
yy01,tv,7,2,END,0.000119,
yy01,tv,7,3,NOUN,0.000000,
yy01,tv,7,3,XX1,0.000000,
yy01,tv,7,3,YY,0.003059,
yy01,tv,7,3,YY+1,0.000057,
yy01,tv,7,3,END,0.000722,
yy01,tv,7,4,NOUN,0.000000,
yy01,tv,7,4,XX1,0.000000,
yy01,tv,7,4,YY,0.001139,
yy01,tv,7,4,YY+1,-0.000184,
yy01,tv,7,4,END,0.000024,
yy01,tv,7,5,NOUN,0.000000,
yy01,tv,7,5,XX1,0.000000,
yy01,tv,7,5,YY,-0.000093,
yy01,tv,7,5,YY+1,0.000329,
yy01,tv,7,5,END,-0.002494,
yy01,tv,7,6,NOUN,0.000000,
yy01,tv,7,6,XX1,0.000000,
yy01,tv,7,6,YY,0.000330,
yy01,tv,7,6,YY+1,0.000056,
yy01,tv,7,6,END,-0.001703,
yy01,tv,7,7,NOUN,0.000000,
yy01,tv,7,7,XX1,0.000000,
yy01,tv,7,7,YY,-0.000008,
yy01,tv,7,7,YY+1,0.000278,
yy01,tv,7,7,END,0.001843,
yy01,tv,7,8,NOUN,0.000000,
yy01,tv,7,8,XX1,0.000000,
yy01,tv,7,8,YY,-0.001477,
yy01,tv,7,8,YY+1,0.000244,
yy01,tv,7,8,END,0.001016,
yy01,tv,7,9,NOUN,0.000000,
yy01,tv,7,9,XX1,0.000000,
yy01,tv,7,9,YY,-0.000078,
yy01,tv,7,9,YY+1,-0.000065,
yy01,tv,7,9,END,-0.001188,
yy01,tv,7,10,NOUN,0.000000,year head -> MLP 8
yy01,tv,7,10,XX1,0.000000,year head -> MLP 8
yy01,tv,7,10,YY,-0.000017,year head -> MLP 8
yy01,tv,7,10,YY+1,-0.000174,year head -> MLP 8
yy01,tv,7,10,END,0.136379,year head -> MLP 8
yy01,tv,7,11,NOUN,0.000000,
yy01,tv,7,11,XX1,0.000000,
yy01,tv,7,11,YY,-0.000719,
yy01,tv,7,11,YY+1,-0.000069,
yy01,tv,7,11,END,0.008453,
yy01,tv,8,0,NOUN,0.000000,
yy01,tv,8,0,XX1,0.000000,
yy01,tv,8,0,YY,0.000064,
yy01,tv,8,0,YY+1,-0.000018,
yy01,tv,8,0,END,-0.000137,
yy01,tv,8,1,NOUN,0.000000,
yy01,tv,8,1,XX1,0.000000,
yy01,tv,8,1,YY,-0.000008,
yy01,tv,8,1,YY+1,0.000013,
yy01,tv,8,1,END,0.015142,
yy01,tv,8,2,NOUN,0.000000,
yy01,tv,8,2,XX1,0.000000,
yy01,tv,8,2,YY,-0.000750,
yy01,tv,8,2,YY+1,0.000016,
yy01,tv,8,2,END,0.000733,
yy01,tv,8,3,NOUN,0.000000,
yy01,tv,8,3,XX1,0.000000,
yy01,tv,8,3,YY,0.000102,
yy01,tv,8,3,YY+1,-0.000045,
yy01,tv,8,3,END,0.000068,
yy01,tv,8,4,NOUN,0.000000,
yy01,tv,8,4,XX1,0.000000,
yy01,tv,8,4,YY,-0.000165,
yy01,tv,8,4,YY+1,-0.000004,
yy01,tv,8,4,END,-0.000204,
yy01,tv,8,5,NOUN,0.000000,
yy01,tv,8,5,XX1,0.000000,
yy01,tv,8,5,YY,0.000015,
yy01,tv,8,5,YY+1,0.000012,
yy01,tv,8,5,END,0.001216,
yy01,tv,8,6,NOUN,0.000000,
yy01,tv,8,6,XX1,0.000000,
yy01,tv,8,6,YY,0.000045,
yy01,tv,8,6,YY+1,0.000038,
yy01,tv,8,6,END,-0.003630,
yy01,tv,8,7,NOUN,0.000000,
yy01,tv,8,7,XX1,0.000000,
yy01,tv,8,7,YY,0.000408,
yy01,tv,8,7,YY+1,0.000006,
yy01,tv,8,7,END,0.005392,
yy01,tv,8,8,NOUN,0.000000,year head -> MLP 8
yy01,tv,8,8,XX1,0.000000,year head -> MLP 8
yy01,tv,8,8,YY,-0.000109,year head -> MLP 8
yy01,tv,8,8,YY+1,-0.000037,year head -> MLP 8
yy01,tv,8,8,END,0.029130,year head -> MLP 8
yy01,tv,8,9,NOUN,0.000000,
yy01,tv,8,9,XX1,0.000000,
yy01,tv,8,9,YY,-0.000191,
yy01,tv,8,9,YY+1,-0.000008,
yy01,tv,8,9,END,-0.015022,
yy01,tv,8,10,NOUN,0.000000,
yy01,tv,8,10,XX1,0.000000,
yy01,tv,8,10,YY,0.000000,
yy01,tv,8,10,YY+1,-0.000024,
yy01,tv,8,10,END,-0.005103,
yy01,tv,8,11,NOUN,0.000000,year head -> MLP 8
yy01,tv,8,11,XX1,0.000000,year head -> MLP 8
yy01,tv,8,11,YY,0.000437,year head -> MLP 8
yy01,tv,8,11,YY+1,0.000005,year head -> MLP 8
yy01,tv,8,11,END,0.087730,year head -> MLP 8
yy01,tv,9,0,NOUN,0.000000,
yy01,tv,9,0,XX1,0.000000,
yy01,tv,9,0,YY,-0.000378,
yy01,tv,9,0,YY+1,0.000004,
yy01,tv,9,0,END,0.000166,
yy01,tv,9,1,NOUN,0.000000,year head -> MLP 9
yy01,tv,9,1,XX1,0.000000,year head -> MLP 9
yy01,tv,9,1,YY,0.000073,year head -> MLP 9
yy01,tv,9,1,YY+1,0.000067,year head -> MLP 9
yy01,tv,9,1,END,0.233568,year head -> MLP 9
yy01,tv,9,2,NOUN,0.000000,
yy01,tv,9,2,XX1,0.000000,
yy01,tv,9,2,YY,0.000025,
yy01,tv,9,2,YY+1,-0.000000,
yy01,tv,9,2,END,-0.000091,
yy01,tv,9,3,NOUN,0.000000,
yy01,tv,9,3,XX1,0.000000,
yy01,tv,9,3,YY,0.000193,
yy01,tv,9,3,YY+1,0.000010,
yy01,tv,9,3,END,0.001280,
yy01,tv,9,4,NOUN,0.000000,
yy01,tv,9,4,XX1,0.000000,
yy01,tv,9,4,YY,-0.000009,
yy01,tv,9,4,YY+1,0.000002,
yy01,tv,9,4,END,-0.000554,
yy01,tv,9,5,NOUN,0.000000,
yy01,tv,9,5,XX1,0.000000,
yy01,tv,9,5,YY,0.000252,
yy01,tv,9,5,YY+1,-0.000008,
yy01,tv,9,5,END,-0.008880,
yy01,tv,9,6,NOUN,0.000000,
yy01,tv,9,6,XX1,0.000000,
yy01,tv,9,6,YY,0.000046,
yy01,tv,9,6,YY+1,0.000010,
yy01,tv,9,6,END,0.001383,
yy01,tv,9,7,NOUN,0.000000,
yy01,tv,9,7,XX1,0.000000,
yy01,tv,9,7,YY,-0.000046,
yy01,tv,9,7,YY+1,0.000000,
yy01,tv,9,7,END,-0.001107,
yy01,tv,9,8,NOUN,0.000000,
yy01,tv,9,8,XX1,0.000000,
yy01,tv,9,8,YY,0.000152,
yy01,tv,9,8,YY+1,0.000005,
yy01,tv,9,8,END,0.000223,
yy01,tv,9,9,NOUN,0.000000,
yy01,tv,9,9,XX1,0.000000,
yy01,tv,9,9,YY,0.000012,
yy01,tv,9,9,YY+1,0.000019,
yy01,tv,9,9,END,0.001534,
yy01,tv,9,10,NOUN,0.000000,
yy01,tv,9,10,XX1,0.000000,
yy01,tv,9,10,YY,-0.000432,
yy01,tv,9,10,YY+1,0.000004,
yy01,tv,9,10,END,-0.000043,
yy01,tv,9,11,NOUN,0.000000,
yy01,tv,9,11,XX1,0.000000,
yy01,tv,9,11,YY,-0.000017,
yy01,tv,9,11,YY+1,0.000008,
yy01,tv,9,11,END,-0.000365,
yy01,tv,10,0,NOUN,0.000000,
yy01,tv,10,0,XX1,0.000000,
yy01,tv,10,0,YY,0.000006,
yy01,tv,10,0,YY+1,-0.000006,
yy01,tv,10,0,END,0.000400,
yy01,tv,10,1,NOUN,0.000000,
yy01,tv,10,1,XX1,0.000000,
yy01,tv,10,1,YY,0.000001,
yy01,tv,10,1,YY+1,0.000002,
yy01,tv,10,1,END,0.000541,
yy01,tv,10,2,NOUN,0.000000,
yy01,tv,10,2,XX1,0.000000,
yy01,tv,10,2,YY,0.000008,
yy01,tv,10,2,YY+1,0.000035,
yy01,tv,10,2,END,0.017519,
yy01,tv,10,3,NOUN,0.000000,
yy01,tv,10,3,XX1,0.000000,
yy01,tv,10,3,YY,0.000001,
yy01,tv,10,3,YY+1,0.000013,
yy01,tv,10,3,END,0.003680,
yy01,tv,10,4,NOUN,0.000000,
yy01,tv,10,4,XX1,0.000000,
yy01,tv,10,4,YY,-0.000002,
yy01,tv,10,4,YY+1,-0.000007,
yy01,tv,10,4,END,-0.008905,
yy01,tv,10,5,NOUN,0.000000,
yy01,tv,10,5,XX1,0.000000,
yy01,tv,10,5,YY,-0.000014,
yy01,tv,10,5,YY+1,0.000000,
yy01,tv,10,5,END,0.000025,
yy01,tv,10,6,NOUN,0.000000,
yy01,tv,10,6,XX1,0.000000,
yy01,tv,10,6,YY,-0.000002,
yy01,tv,10,6,YY+1,0.000005,
yy01,tv,10,6,END,-0.000073,
yy01,tv,10,7,NOUN,0.000000,
yy01,tv,10,7,XX1,0.000000,
yy01,tv,10,7,YY,-0.000002,
yy01,tv,10,7,YY+1,-0.000052,
yy01,tv,10,7,END,-0.049326,
yy01,tv,10,8,NOUN,0.000000,
yy01,tv,10,8,XX1,0.000000,
yy01,tv,10,8,YY,0.000000,
yy01,tv,10,8,YY+1,-0.000004,
yy01,tv,10,8,END,-0.000332,
yy01,tv,10,9,NOUN,0.000000,
yy01,tv,10,9,XX1,0.000000,
yy01,tv,10,9,YY,-0.000016,
yy01,tv,10,9,YY+1,-0.000001,
yy01,tv,10,9,END,0.000002,
yy01,tv,10,10,NOUN,0.000000,
yy01,tv,10,10,XX1,0.000000,
yy01,tv,10,10,YY,0.000014,
yy01,tv,10,10,YY+1,-0.000003,
yy01,tv,10,10,END,0.000364,
yy01,tv,10,11,NOUN,0.000000,
yy01,tv,10,11,XX1,0.000000,
yy01,tv,10,11,YY,0.000000,
yy01,tv,10,11,YY+1,0.000006,
yy01,tv,10,11,END,0.000011,
yy01,tv,11,0,NOUN,0.000000,
yy01,tv,11,0,XX1,0.000000,
yy01,tv,11,0,YY,0.000000,
yy01,tv,11,0,YY+1,0.000000,
yy01,tv,11,0,END,0.002952,
yy01,tv,11,1,NOUN,0.000000,
yy01,tv,11,1,XX1,0.000000,
yy01,tv,11,1,YY,0.000000,
yy01,tv,11,1,YY+1,0.000000,
yy01,tv,11,1,END,0.000303,
yy01,tv,11,2,NOUN,0.000000,
yy01,tv,11,2,XX1,0.000000,
yy01,tv,11,2,YY,0.000000,
yy01,tv,11,2,YY+1,0.000000,
yy01,tv,11,2,END,0.000617,
yy01,tv,11,3,NOUN,0.000000,
yy01,tv,11,3,XX1,0.000000,
yy01,tv,11,3,YY,0.000000,
yy01,tv,11,3,YY+1,0.000000,
yy01,tv,11,3,END,-0.000089,
yy01,tv,11,4,NOUN,0.000000,
yy01,tv,11,4,XX1,0.000000,
yy01,tv,11,4,YY,0.000000,
yy01,tv,11,4,YY+1,0.000000,
yy01,tv,11,4,END,-0.000432,
yy01,tv,11,5,NOUN,0.000000,
yy01,tv,11,5,XX1,0.000000,
yy01,tv,11,5,YY,0.000000,
yy01,tv,11,5,YY+1,0.000000,
yy01,tv,11,5,END,0.000049,
yy01,tv,11,6,NOUN,0.000000,
yy01,tv,11,6,XX1,0.000000,
yy01,tv,11,6,YY,0.000000,
yy01,tv,11,6,YY+1,0.000000,
yy01,tv,11,6,END,0.000202,
yy01,tv,11,7,NOUN,0.000000,
yy01,tv,11,7,XX1,0.000000,
yy01,tv,11,7,YY,0.000000,
yy01,tv,11,7,YY+1,0.000000,
yy01,tv,11,7,END,-0.000265,
yy01,tv,11,8,NOUN,0.000000,
yy01,tv,11,8,XX1,0.000000,
yy01,tv,11,8,YY,0.000000,
yy01,tv,11,8,YY+1,0.000000,
yy01,tv,11,8,END,0.006239,
yy01,tv,11,9,NOUN,0.000000,
yy01,tv,11,9,XX1,0.000000,
yy01,tv,11,9,YY,0.000000,
yy01,tv,11,9,YY+1,0.000000,
yy01,tv,11,9,END,-0.000618,
yy01,tv,11,10,NOUN,0.000000,
yy01,tv,11,10,XX1,0.000000,
yy01,tv,11,10,YY,0.000000,
yy01,tv,11,10,YY+1,0.000000,
yy01,tv,11,10,END,-0.000056,
yy01,tv,11,11,NOUN,0.000000,
yy01,tv,11,11,XX1,0.000000,
yy01,tv,11,11,YY,0.000000,
yy01,tv,11,11,YY+1,0.000000,
yy01,tv,11,11,END,0.000003,
random_vocab_yy,logit_diff,0,0,NOUN,0.000000,
random_vocab_yy,logit_diff,0,0,XX1,0.000000,
random_vocab_yy,logit_diff,0,0,YY,0.000037,
random_vocab_yy,logit_diff,0,0,YY+1,-0.000049,
random_vocab_yy,logit_diff,0,0,END,-0.000201,
random_vocab_yy,logit_diff,0,1,NOUN,0.000000,
random_vocab_yy,logit_diff,0,1,XX1,0.000000,
random_vocab_yy,logit_diff,0,1,YY,-0.003736,
random_vocab_yy,logit_diff,0,1,YY+1,-0.000000,
random_vocab_yy,logit_diff,0,1,END,0.000000,
random_vocab_yy,logit_diff,0,2,NOUN,0.000000,
random_vocab_yy,logit_diff,0,2,XX1,0.000000,
random_vocab_yy,logit_diff,0,2,YY,-0.000365,
random_vocab_yy,logit_diff,0,2,YY+1,-0.000021,
random_vocab_yy,logit_diff,0,2,END,0.000339,
random_vocab_yy,logit_diff,0,3,NOUN,0.000000,
random_vocab_yy,logit_diff,0,3,XX1,0.000000,
random_vocab_yy,logit_diff,0,3,YY,0.000234,
random_vocab_yy,logit_diff,0,3,YY+1,-0.000035,
random_vocab_yy,logit_diff,0,3,END,0.000001,
random_vocab_yy,logit_diff,0,4,NOUN,0.000000,
random_vocab_yy,logit_diff,0,4,XX1,0.000000,
random_vocab_yy,logit_diff,0,4,YY,0.000201,
random_vocab_yy,logit_diff,0,4,YY+1,0.000400,
random_vocab_yy,logit_diff,0,4,END,-0.000015,
random_vocab_yy,logit_diff,0,5,NOUN,0.000000,
random_vocab_yy,logit_diff,0,5,XX1,0.000000,
random_vocab_yy,logit_diff,0,5,YY,0.000152,
random_vocab_yy,logit_diff,0,5,YY+1,0.000002,
random_vocab_yy,logit_diff,0,5,END,0.000000,
random_vocab_yy,logit_diff,0,6,NOUN,0.000000,
random_vocab_yy,logit_diff,0,6,XX1,0.000000,
random_vocab_yy,logit_diff,0,6,YY,0.000068,
random_vocab_yy,logit_diff,0,6,YY+1,0.000100,
random_vocab_yy,logit_diff,0,6,END,0.000276,
random_vocab_yy,logit_diff,0,7,NOUN,0.000000,
random_vocab_yy,logit_diff,0,7,XX1,0.000000,
random_vocab_yy,logit_diff,0,7,YY,0.001075,
random_vocab_yy,logit_diff,0,7,YY+1,0.000005,
random_vocab_yy,logit_diff,0,7,END,-0.000145,
random_vocab_yy,logit_diff,0,8,NOUN,0.000000,
random_vocab_yy,logit_diff,0,8,XX1,0.000000,
random_vocab_yy,logit_diff,0,8,YY,-0.000340,
random_vocab_yy,logit_diff,0,8,YY+1,0.000007,
random_vocab_yy,logit_diff,0,8,END,0.000206,
random_vocab_yy,logit_diff,0,9,NOUN,0.000000,
random_vocab_yy,logit_diff,0,9,XX1,0.000000,
random_vocab_yy,logit_diff,0,9,YY,0.000213,
random_vocab_yy,logit_diff,0,9,YY+1,0.000012,
random_vocab_yy,logit_diff,0,9,END,-0.000323,
random_vocab_yy,logit_diff,0,10,NOUN,0.000000,
random_vocab_yy,logit_diff,0,10,XX1,0.000000,
random_vocab_yy,logit_diff,0,10,YY,0.000558,
random_vocab_yy,logit_diff,0,10,YY+1,0.000023,
random_vocab_yy,logit_diff,0,10,END,-0.000091,
random_vocab_yy,logit_diff,0,11,NOUN,0.000000,
random_vocab_yy,logit_diff,0,11,XX1,0.000000,
random_vocab_yy,logit_diff,0,11,YY,-0.000065,
random_vocab_yy,logit_diff,0,11,YY+1,-0.000051,
random_vocab_yy,logit_diff,0,11,END,-0.000053,
random_vocab_yy,logit_diff,1,0,NOUN,0.000000,
random_vocab_yy,logit_diff,1,0,XX1,0.000000,
random_vocab_yy,logit_diff,1,0,YY,-0.000217,
random_vocab_yy,logit_diff,1,0,YY+1,0.000260,
random_vocab_yy,logit_diff,1,0,END,0.000049,
random_vocab_yy,logit_diff,1,1,NOUN,0.000000,
random_vocab_yy,logit_diff,1,1,XX1,0.000000,
random_vocab_yy,logit_diff,1,1,YY,0.000187,
random_vocab_yy,logit_diff,1,1,YY+1,0.000035,
random_vocab_yy,logit_diff,1,1,END,0.000134,
random_vocab_yy,logit_diff,1,2,NOUN,0.000000,
random_vocab_yy,logit_diff,1,2,XX1,0.000000,
random_vocab_yy,logit_diff,1,2,YY,0.000041,
random_vocab_yy,logit_diff,1,2,YY+1,0.000003,
random_vocab_yy,logit_diff,1,2,END,0.000075,
random_vocab_yy,logit_diff,1,3,NOUN,0.000000,
random_vocab_yy,logit_diff,1,3,XX1,0.000000,
random_vocab_yy,logit_diff,1,3,YY,-0.001679,
random_vocab_yy,logit_diff,1,3,YY+1,-0.000027,
random_vocab_yy,logit_diff,1,3,END,0.000097,
random_vocab_yy,logit_diff,1,4,NOUN,0.000000,
random_vocab_yy,logit_diff,1,4,XX1,0.000000,
random_vocab_yy,logit_diff,1,4,YY,-0.000177,
random_vocab_yy,logit_diff,1,4,YY+1,-0.000141,
random_vocab_yy,logit_diff,1,4,END,-0.000057,
random_vocab_yy,logit_diff,1,5,NOUN,0.000000,
random_vocab_yy,logit_diff,1,5,XX1,0.000000,
random_vocab_yy,logit_diff,1,5,YY,-0.001611,
random_vocab_yy,logit_diff,1,5,YY+1,-0.000000,
random_vocab_yy,logit_diff,1,5,END,-0.000316,
random_vocab_yy,logit_diff,1,6,NOUN,0.000000,
random_vocab_yy,logit_diff,1,6,XX1,0.000000,
random_vocab_yy,logit_diff,1,6,YY,0.000164,
random_vocab_yy,logit_diff,1,6,YY+1,0.000000,
random_vocab_yy,logit_diff,1,6,END,-0.000597,
random_vocab_yy,logit_diff,1,7,NOUN,0.000000,
random_vocab_yy,logit_diff,1,7,XX1,0.000000,
random_vocab_yy,logit_diff,1,7,YY,0.000409,
random_vocab_yy,logit_diff,1,7,YY+1,-0.000060,
random_vocab_yy,logit_diff,1,7,END,-0.001035,
random_vocab_yy,logit_diff,1,8,NOUN,0.000000,
random_vocab_yy,logit_diff,1,8,XX1,0.000000,
random_vocab_yy,logit_diff,1,8,YY,-0.000149,
random_vocab_yy,logit_diff,1,8,YY+1,0.000019,
random_vocab_yy,logit_diff,1,8,END,-0.000078,
random_vocab_yy,logit_diff,1,9,NOUN,0.000000,
random_vocab_yy,logit_diff,1,9,XX1,0.000000,
random_vocab_yy,logit_diff,1,9,YY,0.000230,
random_vocab_yy,logit_diff,1,9,YY+1,0.000045,
random_vocab_yy,logit_diff,1,9,END,0.000075,
random_vocab_yy,logit_diff,1,10,NOUN,0.000000,
random_vocab_yy,logit_diff,1,10,XX1,0.000000,
random_vocab_yy,logit_diff,1,10,YY,0.000040,
random_vocab_yy,logit_diff,1,10,YY+1,-0.000271,
random_vocab_yy,logit_diff,1,10,END,0.000060,
random_vocab_yy,logit_diff,1,11,NOUN,0.000000,
random_vocab_yy,logit_diff,1,11,XX1,0.000000,
random_vocab_yy,logit_diff,1,11,YY,0.001062,
random_vocab_yy,logit_diff,1,11,YY+1,0.000026,
random_vocab_yy,logit_diff,1,11,END,0.000063,
random_vocab_yy,logit_diff,2,0,NOUN,0.000000,
random_vocab_yy,logit_diff,2,0,XX1,0.000000,
random_vocab_yy,logit_diff,2,0,YY,-0.000671,
random_vocab_yy,logit_diff,2,0,YY+1,-0.000096,
random_vocab_yy,logit_diff,2,0,END,0.000184,
random_vocab_yy,logit_diff,2,1,NOUN,0.000000,
random_vocab_yy,logit_diff,2,1,XX1,0.000000,
random_vocab_yy,logit_diff,2,1,YY,-0.000174,
random_vocab_yy,logit_diff,2,1,YY+1,-0.000652,
random_vocab_yy,logit_diff,2,1,END,-0.001781,
random_vocab_yy,logit_diff,2,2,NOUN,0.000000,
random_vocab_yy,logit_diff,2,2,XX1,0.000000,
random_vocab_yy,logit_diff,2,2,YY,0.000876,
random_vocab_yy,logit_diff,2,2,YY+1,0.000121,
random_vocab_yy,logit_diff,2,2,END,0.000043,
random_vocab_yy,logit_diff,2,3,NOUN,0.000000,
random_vocab_yy,logit_diff,2,3,XX1,0.000000,
random_vocab_yy,logit_diff,2,3,YY,-0.000224,
random_vocab_yy,logit_diff,2,3,YY+1,0.000092,
random_vocab_yy,logit_diff,2,3,END,0.000292,
random_vocab_yy,logit_diff,2,4,NOUN,0.000000,
random_vocab_yy,logit_diff,2,4,XX1,0.000000,
random_vocab_yy,logit_diff,2,4,YY,0.000306,
random_vocab_yy,logit_diff,2,4,YY+1,0.000375,
random_vocab_yy,logit_diff,2,4,END,0.000363,
random_vocab_yy,logit_diff,2,5,NOUN,0.000000,
random_vocab_yy,logit_diff,2,5,XX1,0.000000,
random_vocab_yy,logit_diff,2,5,YY,-0.000757,
random_vocab_yy,logit_diff,2,5,YY+1,-0.000205,
random_vocab_yy,logit_diff,2,5,END,0.000529,
random_vocab_yy,logit_diff,2,6,NOUN,0.000000,
random_vocab_yy,logit_diff,2,6,XX1,0.000000,
random_vocab_yy,logit_diff,2,6,YY,0.000362,
random_vocab_yy,logit_diff,2,6,YY+1,0.000096,
random_vocab_yy,logit_diff,2,6,END,0.000233,
random_vocab_yy,logit_diff,2,7,NOUN,0.000000,
random_vocab_yy,logit_diff,2,7,XX1,0.000000,
random_vocab_yy,logit_diff,2,7,YY,-0.000127,
random_vocab_yy,logit_diff,2,7,YY+1,-0.000139,
random_vocab_yy,logit_diff,2,7,END,0.000288,
random_vocab_yy,logit_diff,2,8,NOUN,0.000000,
random_vocab_yy,logit_diff,2,8,XX1,0.000000,
random_vocab_yy,logit_diff,2,8,YY,-0.000748,
random_vocab_yy,logit_diff,2,8,YY+1,0.000913,
random_vocab_yy,logit_diff,2,8,END,0.000332,
random_vocab_yy,logit_diff,2,9,NOUN,0.000000,
random_vocab_yy,logit_diff,2,9,XX1,0.000000,
random_vocab_yy,logit_diff,2,9,YY,-0.000938,
random_vocab_yy,logit_diff,2,9,YY+1,-0.000971,
random_vocab_yy,logit_diff,2,9,END,-0.000606,
random_vocab_yy,logit_diff,2,10,NOUN,0.000000,
random_vocab_yy,logit_diff,2,10,XX1,0.000000,
random_vocab_yy,logit_diff,2,10,YY,-0.000528,
random_vocab_yy,logit_diff,2,10,YY+1,0.000057,
random_vocab_yy,logit_diff,2,10,END,-0.000239,
random_vocab_yy,logit_diff,2,11,NOUN,0.000000,
random_vocab_yy,logit_diff,2,11,XX1,0.000000,
random_vocab_yy,logit_diff,2,11,YY,-0.000974,
random_vocab_yy,logit_diff,2,11,YY+1,0.000135,
random_vocab_yy,logit_diff,2,11,END,-0.000076,
random_vocab_yy,logit_diff,3,0,NOUN,0.000000,
random_vocab_yy,logit_diff,3,0,XX1,0.000000,
random_vocab_yy,logit_diff,3,0,YY,-0.000142,
random_vocab_yy,logit_diff,3,0,YY+1,-0.000011,
random_vocab_yy,logit_diff,3,0,END,0.000065,
random_vocab_yy,logit_diff,3,1,NOUN,0.000000,
random_vocab_yy,logit_diff,3,1,XX1,0.000000,
random_vocab_yy,logit_diff,3,1,YY,-0.000083,
random_vocab_yy,logit_diff,3,1,YY+1,0.000144,
random_vocab_yy,logit_diff,3,1,END,0.000329,
random_vocab_yy,logit_diff,3,2,NOUN,0.000000,
random_vocab_yy,logit_diff,3,2,XX1,0.000000,
random_vocab_yy,logit_diff,3,2,YY,0.000963,
random_vocab_yy,logit_diff,3,2,YY+1,0.000091,
random_vocab_yy,logit_diff,3,2,END,-0.000065,
random_vocab_yy,logit_diff,3,3,NOUN,0.000000,
random_vocab_yy,logit_diff,3,3,XX1,0.000000,
random_vocab_yy,logit_diff,3,3,YY,0.000326,
random_vocab_yy,logit_diff,3,3,YY+1,0.000010,
random_vocab_yy,logit_diff,3,3,END,-0.001518,
random_vocab_yy,logit_diff,3,4,NOUN,0.000000,
random_vocab_yy,logit_diff,3,4,XX1,0.000000,
random_vocab_yy,logit_diff,3,4,YY,0.000761,
random_vocab_yy,logit_diff,3,4,YY+1,-0.000010,
random_vocab_yy,logit_diff,3,4,END,0.001035,
random_vocab_yy,logit_diff,3,5,NOUN,0.000000,
random_vocab_yy,logit_diff,3,5,XX1,0.000000,
random_vocab_yy,logit_diff,3,5,YY,0.000071,
random_vocab_yy,logit_diff,3,5,YY+1,-0.000113,
random_vocab_yy,logit_diff,3,5,END,-0.000055,
random_vocab_yy,logit_diff,3,6,NOUN,0.000000,
random_vocab_yy,logit_diff,3,6,XX1,0.000000,
random_vocab_yy,logit_diff,3,6,YY,-0.000277,
random_vocab_yy,logit_diff,3,6,YY+1,-0.001040,
random_vocab_yy,logit_diff,3,6,END,0.000244,
random_vocab_yy,logit_diff,3,7,NOUN,0.000000,
random_vocab_yy,logit_diff,3,7,XX1,0.000000,
random_vocab_yy,logit_diff,3,7,YY,-0.003458,
random_vocab_yy,logit_diff,3,7,YY+1,-0.002248,
random_vocab_yy,logit_diff,3,7,END,-0.000246,
random_vocab_yy,logit_diff,3,8,NOUN,0.000000,
random_vocab_yy,logit_diff,3,8,XX1,0.000000,
random_vocab_yy,logit_diff,3,8,YY,0.000046,
random_vocab_yy,logit_diff,3,8,YY+1,0.000389,
random_vocab_yy,logit_diff,3,8,END,0.000522,
random_vocab_yy,logit_diff,3,9,NOUN,0.000000,
random_vocab_yy,logit_diff,3,9,XX1,0.000000,
random_vocab_yy,logit_diff,3,9,YY,0.000091,
random_vocab_yy,logit_diff,3,9,YY+1,0.000244,
random_vocab_yy,logit_diff,3,9,END,0.000331,
random_vocab_yy,logit_diff,3,10,NOUN,0.000000,
random_vocab_yy,logit_diff,3,10,XX1,0.000000,
random_vocab_yy,logit_diff,3,10,YY,-0.001905,
random_vocab_yy,logit_diff,3,10,YY+1,0.000125,
random_vocab_yy,logit_diff,3,10,END,-0.000255,
random_vocab_yy,logit_diff,3,11,NOUN,0.000000,
random_vocab_yy,logit_diff,3,11,XX1,0.000000,
random_vocab_yy,logit_diff,3,11,YY,-0.000056,
random_vocab_yy,logit_diff,3,11,YY+1,0.000137,
random_vocab_yy,logit_diff,3,11,END,0.000066,
random_vocab_yy,logit_diff,4,0,NOUN,0.000000,
random_vocab_yy,logit_diff,4,0,XX1,0.000000,
random_vocab_yy,logit_diff,4,0,YY,-0.000501,
random_vocab_yy,logit_diff,4,0,YY+1,0.000205,
random_vocab_yy,logit_diff,4,0,END,-0.000534,
random_vocab_yy,logit_diff,4,1,NOUN,0.000000,
random_vocab_yy,logit_diff,4,1,XX1,0.000000,
random_vocab_yy,logit_diff,4,1,YY,-0.001423,
random_vocab_yy,logit_diff,4,1,YY+1,-0.000085,
random_vocab_yy,logit_diff,4,1,END,0.001066,
random_vocab_yy,logit_diff,4,2,NOUN,0.000000,
random_vocab_yy,logit_diff,4,2,XX1,0.000000,
random_vocab_yy,logit_diff,4,2,YY,0.000225,
random_vocab_yy,logit_diff,4,2,YY+1,0.000058,
random_vocab_yy,logit_diff,4,2,END,0.000113,
random_vocab_yy,logit_diff,4,3,NOUN,0.000000,
random_vocab_yy,logit_diff,4,3,XX1,0.000000,
random_vocab_yy,logit_diff,4,3,YY,0.000109,
random_vocab_yy,logit_diff,4,3,YY+1,-0.000275,
random_vocab_yy,logit_diff,4,3,END,-0.000271,
random_vocab_yy,logit_diff,4,4,NOUN,0.000000,
random_vocab_yy,logit_diff,4,4,XX1,0.000000,
random_vocab_yy,logit_diff,4,4,YY,-0.000742,
random_vocab_yy,logit_diff,4,4,YY+1,0.000172,
random_vocab_yy,logit_diff,4,4,END,-0.000067,
random_vocab_yy,logit_diff,4,5,NOUN,0.000000,
random_vocab_yy,logit_diff,4,5,XX1,0.000000,
random_vocab_yy,logit_diff,4,5,YY,0.001337,
random_vocab_yy,logit_diff,4,5,YY+1,-0.000286,
random_vocab_yy,logit_diff,4,5,END,0.000360,
random_vocab_yy,logit_diff,4,6,NOUN,0.000000,
random_vocab_yy,logit_diff,4,6,XX1,0.000000,
random_vocab_yy,logit_diff,4,6,YY,-0.002064,
random_vocab_yy,logit_diff,4,6,YY+1,-0.000031,
random_vocab_yy,logit_diff,4,6,END,-0.000926,
random_vocab_yy,logit_diff,4,7,NOUN,0.000000,
random_vocab_yy,logit_diff,4,7,XX1,0.000000,
random_vocab_yy,logit_diff,4,7,YY,-0.003223,
random_vocab_yy,logit_diff,4,7,YY+1,0.000610,
random_vocab_yy,logit_diff,4,7,END,-0.000462,
random_vocab_yy,logit_diff,4,8,NOUN,0.000000,
random_vocab_yy,logit_diff,4,8,XX1,0.000000,
random_vocab_yy,logit_diff,4,8,YY,0.000124,
random_vocab_yy,logit_diff,4,8,YY+1,0.000075,
random_vocab_yy,logit_diff,4,8,END,-0.001283,
random_vocab_yy,logit_diff,4,9,NOUN,0.000000,
random_vocab_yy,logit_diff,4,9,XX1,0.000000,
random_vocab_yy,logit_diff,4,9,YY,-0.000344,
random_vocab_yy,logit_diff,4,9,YY+1,0.000664,
random_vocab_yy,logit_diff,4,9,END,0.000137,
random_vocab_yy,logit_diff,4,10,NOUN,0.000000,
random_vocab_yy,logit_diff,4,10,XX1,0.000000,
random_vocab_yy,logit_diff,4,10,YY,0.001015,
random_vocab_yy,logit_diff,4,10,YY+1,-0.000182,
random_vocab_yy,logit_diff,4,10,END,0.000273,
random_vocab_yy,logit_diff,4,11,NOUN,0.000000,
random_vocab_yy,logit_diff,4,11,XX1,0.000000,
random_vocab_yy,logit_diff,4,11,YY,0.000000,
random_vocab_yy,logit_diff,4,11,YY+1,-0.001875,
random_vocab_yy,logit_diff,4,11,END,-0.000609,
random_vocab_yy,logit_diff,5,0,NOUN,0.000000,
random_vocab_yy,logit_diff,5,0,XX1,0.000000,
random_vocab_yy,logit_diff,5,0,YY,0.000104,
random_vocab_yy,logit_diff,5,0,YY+1,0.000072,
random_vocab_yy,logit_diff,5,0,END,-0.036457,
random_vocab_yy,logit_diff,5,1,NOUN,0.000000,year head -> MLP 8
random_vocab_yy,logit_diff,5,1,XX1,0.000000,year head -> MLP 8
random_vocab_yy,logit_diff,5,1,YY,-0.000000,year head -> MLP 8
random_vocab_yy,logit_diff,5,1,YY+1,0.000001,year head -> MLP 8
random_vocab_yy,logit_diff,5,1,END,-0.014429,year head -> MLP 8
random_vocab_yy,logit_diff,5,2,NOUN,0.000000,
random_vocab_yy,logit_diff,5,2,XX1,0.000000,
random_vocab_yy,logit_diff,5,2,YY,0.000287,
random_vocab_yy,logit_diff,5,2,YY+1,0.000527,
random_vocab_yy,logit_diff,5,2,END,-0.000328,
random_vocab_yy,logit_diff,5,3,NOUN,0.000000,
random_vocab_yy,logit_diff,5,3,XX1,0.000000,
random_vocab_yy,logit_diff,5,3,YY,0.000381,
random_vocab_yy,logit_diff,5,3,YY+1,0.000104,
random_vocab_yy,logit_diff,5,3,END,-0.000168,
random_vocab_yy,logit_diff,5,4,NOUN,0.000000,
random_vocab_yy,logit_diff,5,4,XX1,0.000000,
random_vocab_yy,logit_diff,5,4,YY,0.000802,
random_vocab_yy,logit_diff,5,4,YY+1,-0.000392,
random_vocab_yy,logit_diff,5,4,END,-0.000460,
random_vocab_yy,logit_diff,5,5,NOUN,0.000000,year head -> MLP 8
random_vocab_yy,logit_diff,5,5,XX1,0.000000,year head -> MLP 8
random_vocab_yy,logit_diff,5,5,YY,0.000018,year head -> MLP 8
random_vocab_yy,logit_diff,5,5,YY+1,-0.000017,year head -> MLP 8
random_vocab_yy,logit_diff,5,5,END,-0.015178,year head -> MLP 8
random_vocab_yy,logit_diff,5,6,NOUN,0.000000,
random_vocab_yy,logit_diff,5,6,XX1,0.000000,
random_vocab_yy,logit_diff,5,6,YY,-0.000096,
random_vocab_yy,logit_diff,5,6,YY+1,-0.001526,
random_vocab_yy,logit_diff,5,6,END,-0.000190,
random_vocab_yy,logit_diff,5,7,NOUN,0.000000,
random_vocab_yy,logit_diff,5,7,XX1,0.000000,
random_vocab_yy,logit_diff,5,7,YY,0.000946,
random_vocab_yy,logit_diff,5,7,YY+1,-0.000309,
random_vocab_yy,logit_diff,5,7,END,0.000517,
random_vocab_yy,logit_diff,5,8,NOUN,0.000000,
random_vocab_yy,logit_diff,5,8,XX1,0.000000,
random_vocab_yy,logit_diff,5,8,YY,0.000040,
random_vocab_yy,logit_diff,5,8,YY+1,0.000091,
random_vocab_yy,logit_diff,5,8,END,0.002505,
random_vocab_yy,logit_diff,5,9,NOUN,0.000000,
random_vocab_yy,logit_diff,5,9,XX1,0.000000,
random_vocab_yy,logit_diff,5,9,YY,-0.000394,
random_vocab_yy,logit_diff,5,9,YY+1,0.000187,
random_vocab_yy,logit_diff,5,9,END,0.003960,
random_vocab_yy,logit_diff,5,10,NOUN,0.000000,
random_vocab_yy,logit_diff,5,10,XX1,0.000000,
random_vocab_yy,logit_diff,5,10,YY,0.000164,
random_vocab_yy,logit_diff,5,10,YY+1,-0.000109,
random_vocab_yy,logit_diff,5,10,END,-0.000325,
random_vocab_yy,logit_diff,5,11,NOUN,0.000000,
random_vocab_yy,logit_diff,5,11,XX1,0.000000,
random_vocab_yy,logit_diff,5,11,YY,-0.000093,
random_vocab_yy,logit_diff,5,11,YY+1,0.000408,
random_vocab_yy,logit_diff,5,11,END,0.000338,
random_vocab_yy,logit_diff,6,0,NOUN,0.000000,
random_vocab_yy,logit_diff,6,0,XX1,0.000000,
random_vocab_yy,logit_diff,6,0,YY,0.000151,
random_vocab_yy,logit_diff,6,0,YY+1,-0.000335,
random_vocab_yy,logit_diff,6,0,END,-0.000849,
random_vocab_yy,logit_diff,6,1,NOUN,0.000000,
random_vocab_yy,logit_diff,6,1,XX1,0.000000,
random_vocab_yy,logit_diff,6,1,YY,0.000018,
random_vocab_yy,logit_diff,6,1,YY+1,-0.000478,
random_vocab_yy,logit_diff,6,1,END,-0.011112,
random_vocab_yy,logit_diff,6,2,NOUN,0.000000,
random_vocab_yy,logit_diff,6,2,XX1,0.000000,
random_vocab_yy,logit_diff,6,2,YY,0.000040,
random_vocab_yy,logit_diff,6,2,YY+1,-0.000028,
random_vocab_yy,logit_diff,6,2,END,-0.000120,
random_vocab_yy,logit_diff,6,3,NOUN,0.000000,
random_vocab_yy,logit_diff,6,3,XX1,0.000000,
random_vocab_yy,logit_diff,6,3,YY,0.000232,
random_vocab_yy,logit_diff,6,3,YY+1,-0.000018,
random_vocab_yy,logit_diff,6,3,END,-0.000652,
random_vocab_yy,logit_diff,6,4,NOUN,0.000000,
random_vocab_yy,logit_diff,6,4,XX1,0.000000,
random_vocab_yy,logit_diff,6,4,YY,-0.003123,
random_vocab_yy,logit_diff,6,4,YY+1,-0.000058,
random_vocab_yy,logit_diff,6,4,END,-0.001681,
random_vocab_yy,logit_diff,6,5,NOUN,0.000000,
random_vocab_yy,logit_diff,6,5,XX1,0.000000,
random_vocab_yy,logit_diff,6,5,YY,-0.000099,
random_vocab_yy,logit_diff,6,5,YY+1,0.000393,
random_vocab_yy,logit_diff,6,5,END,0.000418,
random_vocab_yy,logit_diff,6,6,NOUN,0.000000,
random_vocab_yy,logit_diff,6,6,XX1,0.000000,
random_vocab_yy,logit_diff,6,6,YY,0.000070,
random_vocab_yy,logit_diff,6,6,YY+1,0.000386,
random_vocab_yy,logit_diff,6,6,END,0.003724,
random_vocab_yy,logit_diff,6,7,NOUN,0.000000,
random_vocab_yy,logit_diff,6,7,XX1,0.000000,
random_vocab_yy,logit_diff,6,7,YY,-0.000099,
random_vocab_yy,logit_diff,6,7,YY+1,-0.000118,
random_vocab_yy,logit_diff,6,7,END,0.000115,
random_vocab_yy,logit_diff,6,8,NOUN,0.000000,
random_vocab_yy,logit_diff,6,8,XX1,0.000000,
random_vocab_yy,logit_diff,6,8,YY,0.000459,
random_vocab_yy,logit_diff,6,8,YY+1,-0.000137,
random_vocab_yy,logit_diff,6,8,END,-0.002255,
random_vocab_yy,logit_diff,6,9,NOUN,0.000000,year head -> MLP 8
random_vocab_yy,logit_diff,6,9,XX1,0.000000,year head -> MLP 8
random_vocab_yy,logit_diff,6,9,YY,0.000007,year head -> MLP 8
random_vocab_yy,logit_diff,6,9,YY+1,-0.000007,year head -> MLP 8
random_vocab_yy,logit_diff,6,9,END,-0.037819,year head -> MLP 8
random_vocab_yy,logit_diff,6,10,NOUN,0.000000,
random_vocab_yy,logit_diff,6,10,XX1,0.000000,
random_vocab_yy,logit_diff,6,10,YY,0.000187,
random_vocab_yy,logit_diff,6,10,YY+1,0.000014,
random_vocab_yy,logit_diff,6,10,END,-0.001010,
random_vocab_yy,logit_diff,6,11,NOUN,0.000000,
random_vocab_yy,logit_diff,6,11,XX1,0.000000,
random_vocab_yy,logit_diff,6,11,YY,0.000176,
random_vocab_yy,logit_diff,6,11,YY+1,0.000208,
random_vocab_yy,logit_diff,6,11,END,-0.000926,
random_vocab_yy,logit_diff,7,0,NOUN,0.000000,
random_vocab_yy,logit_diff,7,0,XX1,0.000000,
random_vocab_yy,logit_diff,7,0,YY,0.000119,
random_vocab_yy,logit_diff,7,0,YY+1,-0.000123,
random_vocab_yy,logit_diff,7,0,END,0.001349,
random_vocab_yy,logit_diff,7,1,NOUN,0.000000,
random_vocab_yy,logit_diff,7,1,XX1,0.000000,
random_vocab_yy,logit_diff,7,1,YY,-0.000173,
random_vocab_yy,logit_diff,7,1,YY+1,-0.000015,
random_vocab_yy,logit_diff,7,1,END,-0.000204,
random_vocab_yy,logit_diff,7,2,NOUN,0.000000,
random_vocab_yy,logit_diff,7,2,XX1,0.000000,
random_vocab_yy,logit_diff,7,2,YY,-0.000011,
random_vocab_yy,logit_diff,7,2,YY+1,0.000005,
random_vocab_yy,logit_diff,7,2,END,-0.000948,
random_vocab_yy,logit_diff,7,3,NOUN,0.000000,
random_vocab_yy,logit_diff,7,3,XX1,0.000000,
random_vocab_yy,logit_diff,7,3,YY,0.000249,
random_vocab_yy,logit_diff,7,3,YY+1,-0.000047,
random_vocab_yy,logit_diff,7,3,END,0.001653,
random_vocab_yy,logit_diff,7,4,NOUN,0.000000,
random_vocab_yy,logit_diff,7,4,XX1,0.000000,
random_vocab_yy,logit_diff,7,4,YY,0.000201,
random_vocab_yy,logit_diff,7,4,YY+1,-0.000011,
random_vocab_yy,logit_diff,7,4,END,-0.000531,
random_vocab_yy,logit_diff,7,5,NOUN,0.000000,
random_vocab_yy,logit_diff,7,5,XX1,0.000000,
random_vocab_yy,logit_diff,7,5,YY,0.000059,
random_vocab_yy,logit_diff,7,5,YY+1,-0.000022,
random_vocab_yy,logit_diff,7,5,END,-0.002861,
random_vocab_yy,logit_diff,7,6,NOUN,0.000000,
random_vocab_yy,logit_diff,7,6,XX1,0.000000,
random_vocab_yy,logit_diff,7,6,YY,0.000262,
random_vocab_yy,logit_diff,7,6,YY+1,0.000205,
random_vocab_yy,logit_diff,7,6,END,0.005667,
random_vocab_yy,logit_diff,7,7,NOUN,0.000000,
random_vocab_yy,logit_diff,7,7,XX1,0.000000,
random_vocab_yy,logit_diff,7,7,YY,0.000052,
random_vocab_yy,logit_diff,7,7,YY+1,-0.000510,
random_vocab_yy,logit_diff,7,7,END,-0.003070,
random_vocab_yy,logit_diff,7,8,NOUN,0.000000,
random_vocab_yy,logit_diff,7,8,XX1,0.000000,
random_vocab_yy,logit_diff,7,8,YY,0.000003,
random_vocab_yy,logit_diff,7,8,YY+1,-0.000041,
random_vocab_yy,logit_diff,7,8,END,-0.000395,
random_vocab_yy,logit_diff,7,9,NOUN,0.000000,
random_vocab_yy,logit_diff,7,9,XX1,0.000000,
random_vocab_yy,logit_diff,7,9,YY,-0.000083,
random_vocab_yy,logit_diff,7,9,YY+1,0.000026,
random_vocab_yy,logit_diff,7,9,END,-0.000163,
random_vocab_yy,logit_diff,7,10,NOUN,0.000000,year head -> MLP 8
random_vocab_yy,logit_diff,7,10,XX1,0.000000,year head -> MLP 8
random_vocab_yy,logit_diff,7,10,YY,-0.000005,year head -> MLP 8
random_vocab_yy,logit_diff,7,10,YY+1,0.000068,year head -> MLP 8
random_vocab_yy,logit_diff,7,10,END,-0.008683,year head -> MLP 8
random_vocab_yy,logit_diff,7,11,NOUN,0.000000,
random_vocab_yy,logit_diff,7,11,XX1,0.000000,
random_vocab_yy,logit_diff,7,11,YY,0.000001,
random_vocab_yy,logit_diff,7,11,YY+1,0.000085,
random_vocab_yy,logit_diff,7,11,END,-0.017287,
random_vocab_yy,logit_diff,8,0,NOUN,0.000000,
random_vocab_yy,logit_diff,8,0,XX1,0.000000,
random_vocab_yy,logit_diff,8,0,YY,0.000070,
random_vocab_yy,logit_diff,8,0,YY+1,-0.000015,
random_vocab_yy,logit_diff,8,0,END,0.001816,
random_vocab_yy,logit_diff,8,1,NOUN,0.000000,
random_vocab_yy,logit_diff,8,1,XX1,0.000000,
random_vocab_yy,logit_diff,8,1,YY,-0.000050,
random_vocab_yy,logit_diff,8,1,YY+1,-0.000026,
random_vocab_yy,logit_diff,8,1,END,-0.008184,
random_vocab_yy,logit_diff,8,2,NOUN,0.000000,
random_vocab_yy,logit_diff,8,2,XX1,0.000000,
random_vocab_yy,logit_diff,8,2,YY,0.000056,
random_vocab_yy,logit_diff,8,2,YY+1,-0.000027,
random_vocab_yy,logit_diff,8,2,END,-0.000026,
random_vocab_yy,logit_diff,8,3,NOUN,0.000000,
random_vocab_yy,logit_diff,8,3,XX1,0.000000,
random_vocab_yy,logit_diff,8,3,YY,0.000098,
random_vocab_yy,logit_diff,8,3,YY+1,-0.000083,
random_vocab_yy,logit_diff,8,3,END,-0.000295,
random_vocab_yy,logit_diff,8,4,NOUN,0.000000,
random_vocab_yy,logit_diff,8,4,XX1,0.000000,
random_vocab_yy,logit_diff,8,4,YY,-0.000071,
random_vocab_yy,logit_diff,8,4,YY+1,0.000021,
random_vocab_yy,logit_diff,8,4,END,-0.000653,
random_vocab_yy,logit_diff,8,5,NOUN,0.000000,
random_vocab_yy,logit_diff,8,5,XX1,0.000000,
random_vocab_yy,logit_diff,8,5,YY,0.000018,
random_vocab_yy,logit_diff,8,5,YY+1,0.000028,
random_vocab_yy,logit_diff,8,5,END,0.000484,
random_vocab_yy,logit_diff,8,6,NOUN,0.000000,
random_vocab_yy,logit_diff,8,6,XX1,0.000000,
random_vocab_yy,logit_diff,8,6,YY,0.000008,
random_vocab_yy,logit_diff,8,6,YY+1,-0.000098,
random_vocab_yy,logit_diff,8,6,END,-0.024405,
random_vocab_yy,logit_diff,8,7,NOUN,0.000000,
random_vocab_yy,logit_diff,8,7,XX1,0.000000,
random_vocab_yy,logit_diff,8,7,YY,0.000149,
random_vocab_yy,logit_diff,8,7,YY+1,0.000020,
random_vocab_yy,logit_diff,8,7,END,-0.008992,
random_vocab_yy,logit_diff,8,8,NOUN,0.000000,year head -> MLP 8
random_vocab_yy,logit_diff,8,8,XX1,0.000000,year head -> MLP 8
random_vocab_yy,logit_diff,8,8,YY,-0.000116,year head -> MLP 8
random_vocab_yy,logit_diff,8,8,YY+1,-0.000464,year head -> MLP 8
random_vocab_yy,logit_diff,8,8,END,-0.010055,year head -> MLP 8
random_vocab_yy,logit_diff,8,9,NOUN,0.000000,
random_vocab_yy,logit_diff,8,9,XX1,0.000000,
random_vocab_yy,logit_diff,8,9,YY,0.000010,
random_vocab_yy,logit_diff,8,9,YY+1,-0.000013,
random_vocab_yy,logit_diff,8,9,END,0.000727,
random_vocab_yy,logit_diff,8,10,NOUN,0.000000,
random_vocab_yy,logit_diff,8,10,XX1,0.000000,
random_vocab_yy,logit_diff,8,10,YY,0.000400,
random_vocab_yy,logit_diff,8,10,YY+1,0.000283,
random_vocab_yy,logit_diff,8,10,END,0.005512,
random_vocab_yy,logit_diff,8,11,NOUN,0.000000,year head -> MLP 8
random_vocab_yy,logit_diff,8,11,XX1,0.000000,year head -> MLP 8
random_vocab_yy,logit_diff,8,11,YY,-0.000076,year head -> MLP 8
random_vocab_yy,logit_diff,8,11,YY+1,0.000023,year head -> MLP 8
random_vocab_yy,logit_diff,8,11,END,0.001521,year head -> MLP 8
random_vocab_yy,logit_diff,9,0,NOUN,0.000000,
random_vocab_yy,logit_diff,9,0,XX1,0.000000,
random_vocab_yy,logit_diff,9,0,YY,0.000013,
random_vocab_yy,logit_diff,9,0,YY+1,0.000013,
random_vocab_yy,logit_diff,9,0,END,0.000400,
random_vocab_yy,logit_diff,9,1,NOUN,0.000000,year head -> MLP 9
random_vocab_yy,logit_diff,9,1,XX1,0.000000,year head -> MLP 9
random_vocab_yy,logit_diff,9,1,YY,0.000008,year head -> MLP 9
random_vocab_yy,logit_diff,9,1,YY+1,0.000015,year head -> MLP 9
random_vocab_yy,logit_diff,9,1,END,0.002179,year head -> MLP 9
random_vocab_yy,logit_diff,9,2,NOUN,0.000000,
random_vocab_yy,logit_diff,9,2,XX1,0.000000,
random_vocab_yy,logit_diff,9,2,YY,-0.000047,
random_vocab_yy,logit_diff,9,2,YY+1,-0.000009,
random_vocab_yy,logit_diff,9,2,END,0.000166,
random_vocab_yy,logit_diff,9,3,NOUN,0.000000,
random_vocab_yy,logit_diff,9,3,XX1,0.000000,
random_vocab_yy,logit_diff,9,3,YY,0.000223,
random_vocab_yy,logit_diff,9,3,YY+1,0.000033,
random_vocab_yy,logit_diff,9,3,END,0.001256,
random_vocab_yy,logit_diff,9,4,NOUN,0.000000,
random_vocab_yy,logit_diff,9,4,XX1,0.000000,
random_vocab_yy,logit_diff,9,4,YY,0.000039,
random_vocab_yy,logit_diff,9,4,YY+1,-0.000045,
random_vocab_yy,logit_diff,9,4,END,-0.000164,
random_vocab_yy,logit_diff,9,5,NOUN,0.000000,
random_vocab_yy,logit_diff,9,5,XX1,0.000000,
random_vocab_yy,logit_diff,9,5,YY,0.000166,
random_vocab_yy,logit_diff,9,5,YY+1,0.000009,
random_vocab_yy,logit_diff,9,5,END,0.001560,
random_vocab_yy,logit_diff,9,6,NOUN,0.000000,
random_vocab_yy,logit_diff,9,6,XX1,0.000000,
random_vocab_yy,logit_diff,9,6,YY,-0.000007,
random_vocab_yy,logit_diff,9,6,YY+1,-0.000036,
random_vocab_yy,logit_diff,9,6,END,0.000204,
random_vocab_yy,logit_diff,9,7,NOUN,0.000000,
random_vocab_yy,logit_diff,9,7,XX1,0.000000,
random_vocab_yy,logit_diff,9,7,YY,-0.000056,
random_vocab_yy,logit_diff,9,7,YY+1,-0.000017,
random_vocab_yy,logit_diff,9,7,END,0.000112,
random_vocab_yy,logit_diff,9,8,NOUN,0.000000,
random_vocab_yy,logit_diff,9,8,XX1,0.000000,
random_vocab_yy,logit_diff,9,8,YY,-0.000050,
random_vocab_yy,logit_diff,9,8,YY+1,-0.000004,
random_vocab_yy,logit_diff,9,8,END,-0.000039,
random_vocab_yy,logit_diff,9,9,NOUN,0.000000,
random_vocab_yy,logit_diff,9,9,XX1,0.000000,
random_vocab_yy,logit_diff,9,9,YY,0.000014,
random_vocab_yy,logit_diff,9,9,YY+1,-0.000011,
random_vocab_yy,logit_diff,9,9,END,-0.000088,
random_vocab_yy,logit_diff,9,10,NOUN,0.000000,
random_vocab_yy,logit_diff,9,10,XX1,0.000000,
random_vocab_yy,logit_diff,9,10,YY,-0.000254,
random_vocab_yy,logit_diff,9,10,YY+1,0.000019,
random_vocab_yy,logit_diff,9,10,END,-0.000459,
random_vocab_yy,logit_diff,9,11,NOUN,0.000000,
random_vocab_yy,logit_diff,9,11,XX1,0.000000,
random_vocab_yy,logit_diff,9,11,YY,-0.000056,
random_vocab_yy,logit_diff,9,11,YY+1,-0.000003,
random_vocab_yy,logit_diff,9,11,END,-0.000589,
random_vocab_yy,logit_diff,10,0,NOUN,0.000000,
random_vocab_yy,logit_diff,10,0,XX1,0.000000,
random_vocab_yy,logit_diff,10,0,YY,-0.000017,
random_vocab_yy,logit_diff,10,0,YY+1,0.000022,
random_vocab_yy,logit_diff,10,0,END,-0.000545,
random_vocab_yy,logit_diff,10,1,NOUN,0.000000,
random_vocab_yy,logit_diff,10,1,XX1,0.000000,
random_vocab_yy,logit_diff,10,1,YY,-0.000009,
random_vocab_yy,logit_diff,10,1,YY+1,0.000040,
random_vocab_yy,logit_diff,10,1,END,-0.000765,
random_vocab_yy,logit_diff,10,2,NOUN,0.000000,
random_vocab_yy,logit_diff,10,2,XX1,0.000000,
random_vocab_yy,logit_diff,10,2,YY,0.000046,
random_vocab_yy,logit_diff,10,2,YY+1,-0.000071,
random_vocab_yy,logit_diff,10,2,END,-0.002106,
random_vocab_yy,logit_diff,10,3,NOUN,0.000000,
random_vocab_yy,logit_diff,10,3,XX1,0.000000,
random_vocab_yy,logit_diff,10,3,YY,-0.000022,
random_vocab_yy,logit_diff,10,3,YY+1,-0.000024,
random_vocab_yy,logit_diff,10,3,END,-0.000317,
random_vocab_yy,logit_diff,10,4,NOUN,0.000000,
random_vocab_yy,logit_diff,10,4,XX1,0.000000,
random_vocab_yy,logit_diff,10,4,YY,-0.000016,
random_vocab_yy,logit_diff,10,4,YY+1,0.000002,
random_vocab_yy,logit_diff,10,4,END,0.001852,
random_vocab_yy,logit_diff,10,5,NOUN,0.000000,
random_vocab_yy,logit_diff,10,5,XX1,0.000000,
random_vocab_yy,logit_diff,10,5,YY,0.000005,
random_vocab_yy,logit_diff,10,5,YY+1,0.000001,
random_vocab_yy,logit_diff,10,5,END,-0.000352,
random_vocab_yy,logit_diff,10,6,NOUN,0.000000,
random_vocab_yy,logit_diff,10,6,XX1,0.000000,
random_vocab_yy,logit_diff,10,6,YY,0.000014,
random_vocab_yy,logit_diff,10,6,YY+1,-0.000013,
random_vocab_yy,logit_diff,10,6,END,-0.000045,
random_vocab_yy,logit_diff,10,7,NOUN,0.000000,
random_vocab_yy,logit_diff,10,7,XX1,0.000000,
random_vocab_yy,logit_diff,10,7,YY,0.000014,
random_vocab_yy,logit_diff,10,7,YY+1,0.000051,
random_vocab_yy,logit_diff,10,7,END,0.002558,
random_vocab_yy,logit_diff,10,8,NOUN,0.000000,
random_vocab_yy,logit_diff,10,8,XX1,0.000000,
random_vocab_yy,logit_diff,10,8,YY,-0.000001,
random_vocab_yy,logit_diff,10,8,YY+1,-0.000007,
random_vocab_yy,logit_diff,10,8,END,-0.000634,
random_vocab_yy,logit_diff,10,9,NOUN,0.000000,
random_vocab_yy,logit_diff,10,9,XX1,0.000000,
random_vocab_yy,logit_diff,10,9,YY,0.000036,
random_vocab_yy,logit_diff,10,9,YY+1,0.000001,
random_vocab_yy,logit_diff,10,9,END,0.000900,
random_vocab_yy,logit_diff,10,10,NOUN,0.000000,
random_vocab_yy,logit_diff,10,10,XX1,0.000000,
random_vocab_yy,logit_diff,10,10,YY,-0.000055,
random_vocab_yy,logit_diff,10,10,YY+1,-0.000030,
random_vocab_yy,logit_diff,10,10,END,-0.000194,
random_vocab_yy,logit_diff,10,11,NOUN,0.000000,
random_vocab_yy,logit_diff,10,11,XX1,0.000000,
random_vocab_yy,logit_diff,10,11,YY,0.000010,
random_vocab_yy,logit_diff,10,11,YY+1,-0.000010,
random_vocab_yy,logit_diff,10,11,END,-0.001125,
random_vocab_yy,logit_diff,11,0,NOUN,0.000000,
random_vocab_yy,logit_diff,11,0,XX1,0.000000,
random_vocab_yy,logit_diff,11,0,YY,0.000000,
random_vocab_yy,logit_diff,11,0,YY+1,0.000000,
random_vocab_yy,logit_diff,11,0,END,0.000978,
random_vocab_yy,logit_diff,11,1,NOUN,0.000000,
random_vocab_yy,logit_diff,11,1,XX1,0.000000,
random_vocab_yy,logit_diff,11,1,YY,0.000000,
random_vocab_yy,logit_diff,11,1,YY+1,0.000000,
random_vocab_yy,logit_diff,11,1,END,-0.000293,
random_vocab_yy,logit_diff,11,2,NOUN,0.000000,
random_vocab_yy,logit_diff,11,2,XX1,0.000000,
random_vocab_yy,logit_diff,11,2,YY,0.000000,
random_vocab_yy,logit_diff,11,2,YY+1,0.000000,
random_vocab_yy,logit_diff,11,2,END,0.000054,
random_vocab_yy,logit_diff,11,3,NOUN,0.000000,
random_vocab_yy,logit_diff,11,3,XX1,0.000000,
random_vocab_yy,logit_diff,11,3,YY,0.000000,
random_vocab_yy,logit_diff,11,3,YY+1,0.000000,
random_vocab_yy,logit_diff,11,3,END,-0.000323,
random_vocab_yy,logit_diff,11,4,NOUN,0.000000,
random_vocab_yy,logit_diff,11,4,XX1,0.000000,
random_vocab_yy,logit_diff,11,4,YY,0.000000,
random_vocab_yy,logit_diff,11,4,YY+1,0.000000,
random_vocab_yy,logit_diff,11,4,END,-0.000195,
random_vocab_yy,logit_diff,11,5,NOUN,0.000000,
random_vocab_yy,logit_diff,11,5,XX1,0.000000,
random_vocab_yy,logit_diff,11,5,YY,0.000000,
random_vocab_yy,logit_diff,11,5,YY+1,0.000000,
random_vocab_yy,logit_diff,11,5,END,-0.000201,
random_vocab_yy,logit_diff,11,6,NOUN,0.000000,
random_vocab_yy,logit_diff,11,6,XX1,0.000000,
random_vocab_yy,logit_diff,11,6,YY,0.000000,
random_vocab_yy,logit_diff,11,6,YY+1,0.000000,
random_vocab_yy,logit_diff,11,6,END,0.000037,
random_vocab_yy,logit_diff,11,7,NOUN,0.000000,
random_vocab_yy,logit_diff,11,7,XX1,0.000000,
random_vocab_yy,logit_diff,11,7,YY,0.000000,
random_vocab_yy,logit_diff,11,7,YY+1,0.000000,
random_vocab_yy,logit_diff,11,7,END,0.000038,
random_vocab_yy,logit_diff,11,8,NOUN,0.000000,
random_vocab_yy,logit_diff,11,8,XX1,0.000000,
random_vocab_yy,logit_diff,11,8,YY,0.000000,
random_vocab_yy,logit_diff,11,8,YY+1,0.000000,
random_vocab_yy,logit_diff,11,8,END,-0.001460,
random_vocab_yy,logit_diff,11,9,NOUN,0.000000,
random_vocab_yy,logit_diff,11,9,XX1,0.000000,
random_vocab_yy,logit_diff,11,9,YY,0.000000,
random_vocab_yy,logit_diff,11,9,YY+1,0.000000,
random_vocab_yy,logit_diff,11,9,END,-0.000593,
random_vocab_yy,logit_diff,11,10,NOUN,0.000000,
random_vocab_yy,logit_diff,11,10,XX1,0.000000,
random_vocab_yy,logit_diff,11,10,YY,0.000000,
random_vocab_yy,logit_diff,11,10,YY+1,0.000000,
random_vocab_yy,logit_diff,11,10,END,0.001129,
random_vocab_yy,logit_diff,11,11,NOUN,0.000000,
random_vocab_yy,logit_diff,11,11,XX1,0.000000,
random_vocab_yy,logit_diff,11,11,YY,0.000000,
random_vocab_yy,logit_diff,11,11,YY+1,0.000000,
random_vocab_yy,logit_diff,11,11,END,0.000124,
random_vocab_yy,kl,0,0,NOUN,0.000000,
random_vocab_yy,kl,0,0,XX1,0.000000,
random_vocab_yy,kl,0,0,YY,0.000691,
random_vocab_yy,kl,0,0,YY+1,0.000094,
random_vocab_yy,kl,0,0,END,0.001784,
random_vocab_yy,kl,0,1,NOUN,0.000000,
random_vocab_yy,kl,0,1,XX1,0.000000,
random_vocab_yy,kl,0,1,YY,0.043155,
random_vocab_yy,kl,0,1,YY+1,-0.000000,
random_vocab_yy,kl,0,1,END,-0.000005,
random_vocab_yy,kl,0,2,NOUN,0.000000,
random_vocab_yy,kl,0,2,XX1,0.000000,
random_vocab_yy,kl,0,2,YY,0.001833,
random_vocab_yy,kl,0,2,YY+1,0.000123,
random_vocab_yy,kl,0,2,END,-0.003587,
random_vocab_yy,kl,0,3,NOUN,0.000000,
random_vocab_yy,kl,0,3,XX1,0.000000,
random_vocab_yy,kl,0,3,YY,0.001916,
random_vocab_yy,kl,0,3,YY+1,0.000407,
random_vocab_yy,kl,0,3,END,0.000007,
random_vocab_yy,kl,0,4,NOUN,0.000000,
random_vocab_yy,kl,0,4,XX1,0.000000,
random_vocab_yy,kl,0,4,YY,0.001318,
random_vocab_yy,kl,0,4,YY+1,-0.000891,
random_vocab_yy,kl,0,4,END,0.000231,
random_vocab_yy,kl,0,5,NOUN,0.000000,
random_vocab_yy,kl,0,5,XX1,0.000000,
random_vocab_yy,kl,0,5,YY,0.007827,
random_vocab_yy,kl,0,5,YY+1,0.000019,
random_vocab_yy,kl,0,5,END,-0.000000,
random_vocab_yy,kl,0,6,NOUN,0.000000,
random_vocab_yy,kl,0,6,XX1,0.000000,
random_vocab_yy,kl,0,6,YY,-0.001869,
random_vocab_yy,kl,0,6,YY+1,-0.002308,
random_vocab_yy,kl,0,6,END,-0.000816,
random_vocab_yy,kl,0,7,NOUN,0.000000,
random_vocab_yy,kl,0,7,XX1,0.000000,
random_vocab_yy,kl,0,7,YY,-0.001207,
random_vocab_yy,kl,0,7,YY+1,0.000751,
random_vocab_yy,kl,0,7,END,0.001484,
random_vocab_yy,kl,0,8,NOUN,0.000000,
random_vocab_yy,kl,0,8,XX1,0.000000,
random_vocab_yy,kl,0,8,YY,-0.002022,
random_vocab_yy,kl,0,8,YY+1,-0.000170,
random_vocab_yy,kl,0,8,END,-0.002025,
random_vocab_yy,kl,0,9,NOUN,0.000000,
random_vocab_yy,kl,0,9,XX1,0.000000,
random_vocab_yy,kl,0,9,YY,0.005260,
random_vocab_yy,kl,0,9,YY+1,-0.000124,
random_vocab_yy,kl,0,9,END,0.002835,
random_vocab_yy,kl,0,10,NOUN,0.000000,
random_vocab_yy,kl,0,10,XX1,0.000000,
random_vocab_yy,kl,0,10,YY,-0.011611,
random_vocab_yy,kl,0,10,YY+1,-0.000349,
random_vocab_yy,kl,0,10,END,0.001352,
random_vocab_yy,kl,0,11,NOUN,0.000000,
random_vocab_yy,kl,0,11,XX1,0.000000,
random_vocab_yy,kl,0,11,YY,0.003227,
random_vocab_yy,kl,0,11,YY+1,0.000124,
random_vocab_yy,kl,0,11,END,-0.000953,
random_vocab_yy,kl,1,0,NOUN,0.000000,
random_vocab_yy,kl,1,0,XX1,0.000000,
random_vocab_yy,kl,1,0,YY,0.011999,
random_vocab_yy,kl,1,0,YY+1,-0.000168,
random_vocab_yy,kl,1,0,END,0.000120,
random_vocab_yy,kl,1,1,NOUN,0.000000,
random_vocab_yy,kl,1,1,XX1,0.000000,
random_vocab_yy,kl,1,1,YY,-0.003804,
random_vocab_yy,kl,1,1,YY+1,-0.000182,
random_vocab_yy,kl,1,1,END,-0.001038,
random_vocab_yy,kl,1,2,NOUN,0.000000,
random_vocab_yy,kl,1,2,XX1,0.000000,
random_vocab_yy,kl,1,2,YY,-0.000263,
random_vocab_yy,kl,1,2,YY+1,0.000585,
random_vocab_yy,kl,1,2,END,-0.001241,
random_vocab_yy,kl,1,3,NOUN,0.000000,
random_vocab_yy,kl,1,3,XX1,0.000000,
random_vocab_yy,kl,1,3,YY,0.008880,
random_vocab_yy,kl,1,3,YY+1,0.001001,
random_vocab_yy,kl,1,3,END,-0.000505,
random_vocab_yy,kl,1,4,NOUN,0.000000,
random_vocab_yy,kl,1,4,XX1,0.000000,
random_vocab_yy,kl,1,4,YY,-0.000009,
random_vocab_yy,kl,1,4,YY+1,0.002482,
random_vocab_yy,kl,1,4,END,0.001799,
random_vocab_yy,kl,1,5,NOUN,0.000000,
random_vocab_yy,kl,1,5,XX1,0.000000,
random_vocab_yy,kl,1,5,YY,0.006057,
random_vocab_yy,kl,1,5,YY+1,0.000148,
random_vocab_yy,kl,1,5,END,0.000658,
random_vocab_yy,kl,1,6,NOUN,0.000000,
random_vocab_yy,kl,1,6,XX1,0.000000,
random_vocab_yy,kl,1,6,YY,0.000194,
random_vocab_yy,kl,1,6,YY+1,0.000299,
random_vocab_yy,kl,1,6,END,0.003752,
random_vocab_yy,kl,1,7,NOUN,0.000000,
random_vocab_yy,kl,1,7,XX1,0.000000,
random_vocab_yy,kl,1,7,YY,-0.006162,
random_vocab_yy,kl,1,7,YY+1,-0.001040,
random_vocab_yy,kl,1,7,END,0.008253,
random_vocab_yy,kl,1,8,NOUN,0.000000,
random_vocab_yy,kl,1,8,XX1,0.000000,
random_vocab_yy,kl,1,8,YY,-0.000059,
random_vocab_yy,kl,1,8,YY+1,0.000868,
random_vocab_yy,kl,1,8,END,0.000939,
random_vocab_yy,kl,1,9,NOUN,0.000000,
random_vocab_yy,kl,1,9,XX1,0.000000,
random_vocab_yy,kl,1,9,YY,-0.000845,
random_vocab_yy,kl,1,9,YY+1,-0.000077,
random_vocab_yy,kl,1,9,END,-0.000718,
random_vocab_yy,kl,1,10,NOUN,0.000000,
random_vocab_yy,kl,1,10,XX1,0.000000,
random_vocab_yy,kl,1,10,YY,0.001560,
random_vocab_yy,kl,1,10,YY+1,0.005566,
random_vocab_yy,kl,1,10,END,0.000398,
random_vocab_yy,kl,1,11,NOUN,0.000000,
random_vocab_yy,kl,1,11,XX1,0.000000,
random_vocab_yy,kl,1,11,YY,0.009428,
random_vocab_yy,kl,1,11,YY+1,0.001388,
random_vocab_yy,kl,1,11,END,0.000239,
random_vocab_yy,kl,2,0,NOUN,0.000000,
random_vocab_yy,kl,2,0,XX1,0.000000,
random_vocab_yy,kl,2,0,YY,0.004886,
random_vocab_yy,kl,2,0,YY+1,0.000315,
random_vocab_yy,kl,2,0,END,-0.001782,
random_vocab_yy,kl,2,1,NOUN,0.000000,
random_vocab_yy,kl,2,1,XX1,0.000000,
random_vocab_yy,kl,2,1,YY,0.002044,
random_vocab_yy,kl,2,1,YY+1,0.006031,
random_vocab_yy,kl,2,1,END,0.028612,
random_vocab_yy,kl,2,2,NOUN,0.000000,
random_vocab_yy,kl,2,2,XX1,0.000000,
random_vocab_yy,kl,2,2,YY,-0.005644,
random_vocab_yy,kl,2,2,YY+1,0.006212,
random_vocab_yy,kl,2,2,END,-0.000130,
random_vocab_yy,kl,2,3,NOUN,0.000000,
random_vocab_yy,kl,2,3,XX1,0.000000,
random_vocab_yy,kl,2,3,YY,-0.000135,
random_vocab_yy,kl,2,3,YY+1,-0.001882,
random_vocab_yy,kl,2,3,END,-0.004382,
random_vocab_yy,kl,2,4,NOUN,0.000000,
random_vocab_yy,kl,2,4,XX1,0.000000,
random_vocab_yy,kl,2,4,YY,0.004484,
random_vocab_yy,kl,2,4,YY+1,0.000671,
random_vocab_yy,kl,2,4,END,0.001859,
random_vocab_yy,kl,2,5,NOUN,0.000000,
random_vocab_yy,kl,2,5,XX1,0.000000,
random_vocab_yy,kl,2,5,YY,0.003785,
random_vocab_yy,kl,2,5,YY+1,-0.000522,
random_vocab_yy,kl,2,5,END,-0.005217,
random_vocab_yy,kl,2,6,NOUN,0.000000,
random_vocab_yy,kl,2,6,XX1,0.000000,
random_vocab_yy,kl,2,6,YY,-0.003718,
random_vocab_yy,kl,2,6,YY+1,-0.000693,
random_vocab_yy,kl,2,6,END,-0.001941,
random_vocab_yy,kl,2,7,NOUN,0.000000,
random_vocab_yy,kl,2,7,XX1,0.000000,
random_vocab_yy,kl,2,7,YY,0.005873,
random_vocab_yy,kl,2,7,YY+1,0.001913,
random_vocab_yy,kl,2,7,END,-0.003884,
random_vocab_yy,kl,2,8,NOUN,0.000000,
random_vocab_yy,kl,2,8,XX1,0.000000,
random_vocab_yy,kl,2,8,YY,0.006071,
random_vocab_yy,kl,2,8,YY+1,-0.003263,
random_vocab_yy,kl,2,8,END,-0.004217,
random_vocab_yy,kl,2,9,NOUN,0.000000,
random_vocab_yy,kl,2,9,XX1,0.000000,
random_vocab_yy,kl,2,9,YY,0.004943,
random_vocab_yy,kl,2,9,YY+1,0.025333,
random_vocab_yy,kl,2,9,END,0.002226,
random_vocab_yy,kl,2,10,NOUN,0.000000,
random_vocab_yy,kl,2,10,XX1,0.000000,
random_vocab_yy,kl,2,10,YY,0.008184,
random_vocab_yy,kl,2,10,YY+1,-0.004213,
random_vocab_yy,kl,2,10,END,0.008963,
random_vocab_yy,kl,2,11,NOUN,0.000000,
random_vocab_yy,kl,2,11,XX1,0.000000,
random_vocab_yy,kl,2,11,YY,0.000225,
random_vocab_yy,kl,2,11,YY+1,-0.002246,
random_vocab_yy,kl,2,11,END,0.002897,
random_vocab_yy,kl,3,0,NOUN,0.000000,
random_vocab_yy,kl,3,0,XX1,0.000000,
random_vocab_yy,kl,3,0,YY,0.001974,
random_vocab_yy,kl,3,0,YY+1,0.000090,
random_vocab_yy,kl,3,0,END,-0.001560,
random_vocab_yy,kl,3,1,NOUN,0.000000,
random_vocab_yy,kl,3,1,XX1,0.000000,
random_vocab_yy,kl,3,1,YY,0.000603,
random_vocab_yy,kl,3,1,YY+1,-0.001697,
random_vocab_yy,kl,3,1,END,-0.000138,
random_vocab_yy,kl,3,2,NOUN,0.000000,
random_vocab_yy,kl,3,2,XX1,0.000000,
random_vocab_yy,kl,3,2,YY,-0.001732,
random_vocab_yy,kl,3,2,YY+1,0.003032,
random_vocab_yy,kl,3,2,END,0.002869,
random_vocab_yy,kl,3,3,NOUN,0.000000,
random_vocab_yy,kl,3,3,XX1,0.000000,
random_vocab_yy,kl,3,3,YY,0.024220,
random_vocab_yy,kl,3,3,YY+1,0.008070,
random_vocab_yy,kl,3,3,END,0.024030,
random_vocab_yy,kl,3,4,NOUN,0.000000,
random_vocab_yy,kl,3,4,XX1,0.000000,
random_vocab_yy,kl,3,4,YY,-0.007642,
random_vocab_yy,kl,3,4,YY+1,0.000207,
random_vocab_yy,kl,3,4,END,-0.001115,
random_vocab_yy,kl,3,5,NOUN,0.000000,
random_vocab_yy,kl,3,5,XX1,0.000000,
random_vocab_yy,kl,3,5,YY,0.002914,
random_vocab_yy,kl,3,5,YY+1,0.000674,
random_vocab_yy,kl,3,5,END,0.001435,
random_vocab_yy,kl,3,6,NOUN,0.000000,
random_vocab_yy,kl,3,6,XX1,0.000000,
random_vocab_yy,kl,3,6,YY,0.001360,
random_vocab_yy,kl,3,6,YY+1,0.010598,
random_vocab_yy,kl,3,6,END,-0.002140,
random_vocab_yy,kl,3,7,NOUN,0.000000,
random_vocab_yy,kl,3,7,XX1,0.000000,
random_vocab_yy,kl,3,7,YY,0.017130,
random_vocab_yy,kl,3,7,YY+1,0.054203,
random_vocab_yy,kl,3,7,END,-0.003378,
random_vocab_yy,kl,3,8,NOUN,0.000000,
random_vocab_yy,kl,3,8,XX1,0.000000,
random_vocab_yy,kl,3,8,YY,-0.001829,
random_vocab_yy,kl,3,8,YY+1,-0.004807,
random_vocab_yy,kl,3,8,END,-0.007824,
random_vocab_yy,kl,3,9,NOUN,0.000000,
random_vocab_yy,kl,3,9,XX1,0.000000,
random_vocab_yy,kl,3,9,YY,-0.002316,
random_vocab_yy,kl,3,9,YY+1,-0.001195,
random_vocab_yy,kl,3,9,END,0.001159,
random_vocab_yy,kl,3,10,NOUN,0.000000,
random_vocab_yy,kl,3,10,XX1,0.000000,
random_vocab_yy,kl,3,10,YY,0.007979,
random_vocab_yy,kl,3,10,YY+1,-0.004106,
random_vocab_yy,kl,3,10,END,-0.001113,
random_vocab_yy,kl,3,11,NOUN,0.000000,
random_vocab_yy,kl,3,11,XX1,0.000000,
random_vocab_yy,kl,3,11,YY,-0.003954,
random_vocab_yy,kl,3,11,YY+1,0.000101,
random_vocab_yy,kl,3,11,END,0.001252,
random_vocab_yy,kl,4,0,NOUN,0.000000,
random_vocab_yy,kl,4,0,XX1,0.000000,
random_vocab_yy,kl,4,0,YY,0.003555,
random_vocab_yy,kl,4,0,YY+1,-0.001350,
random_vocab_yy,kl,4,0,END,0.007625,
random_vocab_yy,kl,4,1,NOUN,0.000000,
random_vocab_yy,kl,4,1,XX1,0.000000,
random_vocab_yy,kl,4,1,YY,0.018972,
random_vocab_yy,kl,4,1,YY+1,-0.000476,
random_vocab_yy,kl,4,1,END,-0.005313,
random_vocab_yy,kl,4,2,NOUN,0.000000,
random_vocab_yy,kl,4,2,XX1,0.000000,
random_vocab_yy,kl,4,2,YY,-0.002131,
random_vocab_yy,kl,4,2,YY+1,-0.000617,
random_vocab_yy,kl,4,2,END,0.000971,
random_vocab_yy,kl,4,3,NOUN,0.000000,
random_vocab_yy,kl,4,3,XX1,0.000000,
random_vocab_yy,kl,4,3,YY,-0.000122,
random_vocab_yy,kl,4,3,YY+1,0.017699,
random_vocab_yy,kl,4,3,END,-0.004117,
random_vocab_yy,kl,4,4,NOUN,0.000000,
random_vocab_yy,kl,4,4,XX1,0.000000,
random_vocab_yy,kl,4,4,YY,0.005564,
random_vocab_yy,kl,4,4,YY+1,-0.006632,
random_vocab_yy,kl,4,4,END,-0.000825,
random_vocab_yy,kl,4,5,NOUN,0.000000,
random_vocab_yy,kl,4,5,XX1,0.000000,
random_vocab_yy,kl,4,5,YY,-0.007504,
random_vocab_yy,kl,4,5,YY+1,0.002934,
random_vocab_yy,kl,4,5,END,-0.004596,
random_vocab_yy,kl,4,6,NOUN,0.000000,
random_vocab_yy,kl,4,6,XX1,0.000000,
random_vocab_yy,kl,4,6,YY,0.012691,
random_vocab_yy,kl,4,6,YY+1,0.002687,
random_vocab_yy,kl,4,6,END,0.005138,
random_vocab_yy,kl,4,7,NOUN,0.000000,
random_vocab_yy,kl,4,7,XX1,0.000000,
random_vocab_yy,kl,4,7,YY,0.006163,
random_vocab_yy,kl,4,7,YY+1,-0.020626,
random_vocab_yy,kl,4,7,END,0.002552,
random_vocab_yy,kl,4,8,NOUN,0.000000,
random_vocab_yy,kl,4,8,XX1,0.000000,
random_vocab_yy,kl,4,8,YY,0.007582,
random_vocab_yy,kl,4,8,YY+1,0.000611,
random_vocab_yy,kl,4,8,END,0.019830,
random_vocab_yy,kl,4,9,NOUN,0.000000,
random_vocab_yy,kl,4,9,XX1,0.000000,
random_vocab_yy,kl,4,9,YY,0.001943,
random_vocab_yy,kl,4,9,YY+1,-0.004641,
random_vocab_yy,kl,4,9,END,0.000049,
random_vocab_yy,kl,4,10,NOUN,0.000000,
random_vocab_yy,kl,4,10,XX1,0.000000,
random_vocab_yy,kl,4,10,YY,-0.016976,
random_vocab_yy,kl,4,10,YY+1,-0.000109,
random_vocab_yy,kl,4,10,END,-0.001963,
random_vocab_yy,kl,4,11,NOUN,0.000000,
random_vocab_yy,kl,4,11,XX1,0.000000,
random_vocab_yy,kl,4,11,YY,0.000007,
random_vocab_yy,kl,4,11,YY+1,0.110456,
random_vocab_yy,kl,4,11,END,0.005058,
random_vocab_yy,kl,5,0,NOUN,0.000000,
random_vocab_yy,kl,5,0,XX1,0.000000,
random_vocab_yy,kl,5,0,YY,-0.002028,
random_vocab_yy,kl,5,0,YY+1,-0.000988,
random_vocab_yy,kl,5,0,END,0.336873,
random_vocab_yy,kl,5,1,NOUN,0.000000,year head -> MLP 8
random_vocab_yy,kl,5,1,XX1,0.000000,year head -> MLP 8
random_vocab_yy,kl,5,1,YY,-0.000014,year head -> MLP 8
random_vocab_yy,kl,5,1,YY+1,-0.000019,year head -> MLP 8
random_vocab_yy,kl,5,1,END,0.145295,year head -> MLP 8
random_vocab_yy,kl,5,2,NOUN,0.000000,
random_vocab_yy,kl,5,2,XX1,0.000000,
random_vocab_yy,kl,5,2,YY,-0.009809,
random_vocab_yy,kl,5,2,YY+1,0.014398,
random_vocab_yy,kl,5,2,END,0.005508,
random_vocab_yy,kl,5,3,NOUN,0.000000,
random_vocab_yy,kl,5,3,XX1,0.000000,
random_vocab_yy,kl,5,3,YY,-0.008180,
random_vocab_yy,kl,5,3,YY+1,-0.001362,
random_vocab_yy,kl,5,3,END,0.003425,
random_vocab_yy,kl,5,4,NOUN,0.000000,
random_vocab_yy,kl,5,4,XX1,0.000000,
random_vocab_yy,kl,5,4,YY,-0.019264,
random_vocab_yy,kl,5,4,YY+1,0.005482,
random_vocab_yy,kl,5,4,END,0.000633,
random_vocab_yy,kl,5,5,NOUN,0.000000,year head -> MLP 8
random_vocab_yy,kl,5,5,XX1,0.000000,year head -> MLP 8
random_vocab_yy,kl,5,5,YY,-0.000135,year head -> MLP 8
random_vocab_yy,kl,5,5,YY+1,0.000287,year head -> MLP 8
random_vocab_yy,kl,5,5,END,0.212130,year head -> MLP 8
random_vocab_yy,kl,5,6,NOUN,0.000000,
random_vocab_yy,kl,5,6,XX1,0.000000,
random_vocab_yy,kl,5,6,YY,0.000732,
random_vocab_yy,kl,5,6,YY+1,0.034785,
random_vocab_yy,kl,5,6,END,0.003573,
random_vocab_yy,kl,5,7,NOUN,0.000000,
random_vocab_yy,kl,5,7,XX1,0.000000,
random_vocab_yy,kl,5,7,YY,0.002294,
random_vocab_yy,kl,5,7,YY+1,0.001453,
random_vocab_yy,kl,5,7,END,0.002236,
random_vocab_yy,kl,5,8,NOUN,0.000000,
random_vocab_yy,kl,5,8,XX1,0.000000,
random_vocab_yy,kl,5,8,YY,-0.001641,
random_vocab_yy,kl,5,8,YY+1,-0.001085,
random_vocab_yy,kl,5,8,END,0.000834,
random_vocab_yy,kl,5,9,NOUN,0.000000,
random_vocab_yy,kl,5,9,XX1,0.000000,
random_vocab_yy,kl,5,9,YY,0.003209,
random_vocab_yy,kl,5,9,YY+1,-0.002738,
random_vocab_yy,kl,5,9,END,-0.062454,
random_vocab_yy,kl,5,10,NOUN,0.000000,
random_vocab_yy,kl,5,10,XX1,0.000000,
random_vocab_yy,kl,5,10,YY,0.000294,
random_vocab_yy,kl,5,10,YY+1,0.004085,
random_vocab_yy,kl,5,10,END,0.009219,
random_vocab_yy,kl,5,11,NOUN,0.000000,
random_vocab_yy,kl,5,11,XX1,0.000000,
random_vocab_yy,kl,5,11,YY,0.000921,
random_vocab_yy,kl,5,11,YY+1,-0.007827,
random_vocab_yy,kl,5,11,END,-0.007124,
random_vocab_yy,kl,6,0,NOUN,0.000000,
random_vocab_yy,kl,6,0,XX1,0.000000,
random_vocab_yy,kl,6,0,YY,-0.006001,
random_vocab_yy,kl,6,0,YY+1,0.005690,
random_vocab_yy,kl,6,0,END,0.019237,
random_vocab_yy,kl,6,1,NOUN,0.000000,
random_vocab_yy,kl,6,1,XX1,0.000000,
random_vocab_yy,kl,6,1,YY,-0.001171,
random_vocab_yy,kl,6,1,YY+1,0.002633,
random_vocab_yy,kl,6,1,END,0.077302,
random_vocab_yy,kl,6,2,NOUN,0.000000,
random_vocab_yy,kl,6,2,XX1,0.000000,
random_vocab_yy,kl,6,2,YY,-0.001249,
random_vocab_yy,kl,6,2,YY+1,0.000340,
random_vocab_yy,kl,6,2,END,0.003099,
random_vocab_yy,kl,6,3,NOUN,0.000000,
random_vocab_yy,kl,6,3,XX1,0.000000,
random_vocab_yy,kl,6,3,YY,-0.003562,
random_vocab_yy,kl,6,3,YY+1,-0.000406,
random_vocab_yy,kl,6,3,END,0.008908,
random_vocab_yy,kl,6,4,NOUN,0.000000,
random_vocab_yy,kl,6,4,XX1,0.000000,
random_vocab_yy,kl,6,4,YY,0.046156,
random_vocab_yy,kl,6,4,YY+1,0.008660,
random_vocab_yy,kl,6,4,END,0.017614,
random_vocab_yy,kl,6,5,NOUN,0.000000,
random_vocab_yy,kl,6,5,XX1,0.000000,
random_vocab_yy,kl,6,5,YY,0.001228,
random_vocab_yy,kl,6,5,YY+1,0.000345,
random_vocab_yy,kl,6,5,END,-0.021495,
random_vocab_yy,kl,6,6,NOUN,0.000000,
random_vocab_yy,kl,6,6,XX1,0.000000,
random_vocab_yy,kl,6,6,YY,-0.001255,
random_vocab_yy,kl,6,6,YY+1,-0.009374,
random_vocab_yy,kl,6,6,END,-0.059941,
random_vocab_yy,kl,6,7,NOUN,0.000000,
random_vocab_yy,kl,6,7,XX1,0.000000,
random_vocab_yy,kl,6,7,YY,0.000981,
random_vocab_yy,kl,6,7,YY+1,0.007344,
random_vocab_yy,kl,6,7,END,-0.001864,
random_vocab_yy,kl,6,8,NOUN,0.000000,
random_vocab_yy,kl,6,8,XX1,0.000000,
random_vocab_yy,kl,6,8,YY,-0.010168,
random_vocab_yy,kl,6,8,YY+1,0.013562,
random_vocab_yy,kl,6,8,END,0.018532,
random_vocab_yy,kl,6,9,NOUN,0.000000,year head -> MLP 8
random_vocab_yy,kl,6,9,XX1,0.000000,year head -> MLP 8
random_vocab_yy,kl,6,9,YY,0.000061,year head -> MLP 8
random_vocab_yy,kl,6,9,YY+1,0.000200,year head -> MLP 8
random_vocab_yy,kl,6,9,END,0.402711,year head -> MLP 8
random_vocab_yy,kl,6,10,NOUN,0.000000,
random_vocab_yy,kl,6,10,XX1,0.000000,
random_vocab_yy,kl,6,10,YY,-0.002378,
random_vocab_yy,kl,6,10,YY+1,0.000516,
random_vocab_yy,kl,6,10,END,0.007230,
random_vocab_yy,kl,6,11,NOUN,0.000000,
random_vocab_yy,kl,6,11,XX1,0.000000,
random_vocab_yy,kl,6,11,YY,-0.006621,
random_vocab_yy,kl,6,11,YY+1,-0.006585,
random_vocab_yy,kl,6,11,END,0.025293,
random_vocab_yy,kl,7,0,NOUN,0.000000,
random_vocab_yy,kl,7,0,XX1,0.000000,
random_vocab_yy,kl,7,0,YY,0.006043,
random_vocab_yy,kl,7,0,YY+1,0.001666,
random_vocab_yy,kl,7,0,END,-0.008292,
random_vocab_yy,kl,7,1,NOUN,0.000000,
random_vocab_yy,kl,7,1,XX1,0.000000,
random_vocab_yy,kl,7,1,YY,0.002230,
random_vocab_yy,kl,7,1,YY+1,0.000283,
random_vocab_yy,kl,7,1,END,-0.000852,
random_vocab_yy,kl,7,2,NOUN,0.000000,
random_vocab_yy,kl,7,2,XX1,0.000000,
random_vocab_yy,kl,7,2,YY,0.000057,
random_vocab_yy,kl,7,2,YY+1,0.000024,
random_vocab_yy,kl,7,2,END,0.015693,
random_vocab_yy,kl,7,3,NOUN,0.000000,
random_vocab_yy,kl,7,3,XX1,0.000000,
random_vocab_yy,kl,7,3,YY,-0.006630,
random_vocab_yy,kl,7,3,YY+1,-0.000405,
random_vocab_yy,kl,7,3,END,-0.020222,
random_vocab_yy,kl,7,4,NOUN,0.000000,
random_vocab_yy,kl,7,4,XX1,0.000000,
random_vocab_yy,kl,7,4,YY,-0.000195,
random_vocab_yy,kl,7,4,YY+1,0.000402,
random_vocab_yy,kl,7,4,END,0.000437,
random_vocab_yy,kl,7,5,NOUN,0.000000,
random_vocab_yy,kl,7,5,XX1,0.000000,
random_vocab_yy,kl,7,5,YY,0.000150,
random_vocab_yy,kl,7,5,YY+1,0.001643,
random_vocab_yy,kl,7,5,END,0.032025,
random_vocab_yy,kl,7,6,NOUN,0.000000,
random_vocab_yy,kl,7,6,XX1,0.000000,
random_vocab_yy,kl,7,6,YY,-0.005086,
random_vocab_yy,kl,7,6,YY+1,-0.004793,
random_vocab_yy,kl,7,6,END,-0.098324,
random_vocab_yy,kl,7,7,NOUN,0.000000,
random_vocab_yy,kl,7,7,XX1,0.000000,
random_vocab_yy,kl,7,7,YY,-0.000843,
random_vocab_yy,kl,7,7,YY+1,0.002896,
random_vocab_yy,kl,7,7,END,0.081811,
random_vocab_yy,kl,7,8,NOUN,0.000000,
random_vocab_yy,kl,7,8,XX1,0.000000,
random_vocab_yy,kl,7,8,YY,-0.000333,
random_vocab_yy,kl,7,8,YY+1,0.002157,
random_vocab_yy,kl,7,8,END,0.002587,
random_vocab_yy,kl,7,9,NOUN,0.000000,
random_vocab_yy,kl,7,9,XX1,0.000000,
random_vocab_yy,kl,7,9,YY,-0.000158,
random_vocab_yy,kl,7,9,YY+1,-0.001154,
random_vocab_yy,kl,7,9,END,0.001014,
random_vocab_yy,kl,7,10,NOUN,0.000000,year head -> MLP 8
random_vocab_yy,kl,7,10,XX1,0.000000,year head -> MLP 8
random_vocab_yy,kl,7,10,YY,0.000026,year head -> MLP 8
random_vocab_yy,kl,7,10,YY+1,-0.000362,year head -> MLP 8
random_vocab_yy,kl,7,10,END,0.197529,year head -> MLP 8
random_vocab_yy,kl,7,11,NOUN,0.000000,
random_vocab_yy,kl,7,11,XX1,0.000000,
random_vocab_yy,kl,7,11,YY,-0.000321,
random_vocab_yy,kl,7,11,YY+1,-0.000104,
random_vocab_yy,kl,7,11,END,0.164154,
random_vocab_yy,kl,8,0,NOUN,0.000000,
random_vocab_yy,kl,8,0,XX1,0.000000,
random_vocab_yy,kl,8,0,YY,-0.000825,
random_vocab_yy,kl,8,0,YY+1,-0.000080,
random_vocab_yy,kl,8,0,END,-0.030533,
random_vocab_yy,kl,8,1,NOUN,0.000000,
random_vocab_yy,kl,8,1,XX1,0.000000,
random_vocab_yy,kl,8,1,YY,0.000650,
random_vocab_yy,kl,8,1,YY+1,0.000147,
random_vocab_yy,kl,8,1,END,0.101786,
random_vocab_yy,kl,8,2,NOUN,0.000000,
random_vocab_yy,kl,8,2,XX1,0.000000,
random_vocab_yy,kl,8,2,YY,-0.001597,
random_vocab_yy,kl,8,2,YY+1,0.000522,
random_vocab_yy,kl,8,2,END,-0.002090,
random_vocab_yy,kl,8,3,NOUN,0.000000,
random_vocab_yy,kl,8,3,XX1,0.000000,
random_vocab_yy,kl,8,3,YY,-0.000215,
random_vocab_yy,kl,8,3,YY+1,-0.000014,
random_vocab_yy,kl,8,3,END,0.002737,
random_vocab_yy,kl,8,4,NOUN,0.000000,
random_vocab_yy,kl,8,4,XX1,0.000000,
random_vocab_yy,kl,8,4,YY,0.001180,
random_vocab_yy,kl,8,4,YY+1,0.000224,
random_vocab_yy,kl,8,4,END,0.009164,
random_vocab_yy,kl,8,5,NOUN,0.000000,
random_vocab_yy,kl,8,5,XX1,0.000000,
random_vocab_yy,kl,8,5,YY,0.001058,
random_vocab_yy,kl,8,5,YY+1,-0.000140,
random_vocab_yy,kl,8,5,END,0.012162,
random_vocab_yy,kl,8,6,NOUN,0.000000,
random_vocab_yy,kl,8,6,XX1,0.000000,
random_vocab_yy,kl,8,6,YY,0.000363,
random_vocab_yy,kl,8,6,YY+1,0.002644,
random_vocab_yy,kl,8,6,END,0.299508,
random_vocab_yy,kl,8,7,NOUN,0.000000,
random_vocab_yy,kl,8,7,XX1,0.000000,
random_vocab_yy,kl,8,7,YY,-0.001370,
random_vocab_yy,kl,8,7,YY+1,-0.000419,
random_vocab_yy,kl,8,7,END,0.097775,
random_vocab_yy,kl,8,8,NOUN,0.000000,year head -> MLP 8
random_vocab_yy,kl,8,8,XX1,0.000000,year head -> MLP 8
random_vocab_yy,kl,8,8,YY,0.000854,year head -> MLP 8
random_vocab_yy,kl,8,8,YY+1,0.006127,year head -> MLP 8
random_vocab_yy,kl,8,8,END,0.123596,year head -> MLP 8
random_vocab_yy,kl,8,9,NOUN,0.000000,
random_vocab_yy,kl,8,9,XX1,0.000000,
random_vocab_yy,kl,8,9,YY,-0.000087,
random_vocab_yy,kl,8,9,YY+1,0.000455,
random_vocab_yy,kl,8,9,END,0.008187,
random_vocab_yy,kl,8,10,NOUN,0.000000,
random_vocab_yy,kl,8,10,XX1,0.000000,
random_vocab_yy,kl,8,10,YY,-0.006570,
random_vocab_yy,kl,8,10,YY+1,-0.004520,
random_vocab_yy,kl,8,10,END,-0.102000,
random_vocab_yy,kl,8,11,NOUN,0.000000,year head -> MLP 8
random_vocab_yy,kl,8,11,XX1,0.000000,year head -> MLP 8
random_vocab_yy,kl,8,11,YY,0.000775,year head -> MLP 8
random_vocab_yy,kl,8,11,YY+1,-0.000137,year head -> MLP 8
random_vocab_yy,kl,8,11,END,0.046591,year head -> MLP 8
random_vocab_yy,kl,9,0,NOUN,0.000000,
random_vocab_yy,kl,9,0,XX1,0.000000,
random_vocab_yy,kl,9,0,YY,0.000362,
random_vocab_yy,kl,9,0,YY+1,-0.000011,
random_vocab_yy,kl,9,0,END,-0.004947,
random_vocab_yy,kl,9,1,NOUN,0.000000,year head -> MLP 9
random_vocab_yy,kl,9,1,XX1,0.000000,year head -> MLP 9
random_vocab_yy,kl,9,1,YY,0.000204,year head -> MLP 9
random_vocab_yy,kl,9,1,YY+1,0.000540,year head -> MLP 9
random_vocab_yy,kl,9,1,END,0.216687,year head -> MLP 9
random_vocab_yy,kl,9,2,NOUN,0.000000,
random_vocab_yy,kl,9,2,XX1,0.000000,
random_vocab_yy,kl,9,2,YY,0.000242,
random_vocab_yy,kl,9,2,YY+1,0.000073,
random_vocab_yy,kl,9,2,END,0.003671,
random_vocab_yy,kl,9,3,NOUN,0.000000,
random_vocab_yy,kl,9,3,XX1,0.000000,
random_vocab_yy,kl,9,3,YY,-0.002936,
random_vocab_yy,kl,9,3,YY+1,0.000198,
random_vocab_yy,kl,9,3,END,0.005845,
random_vocab_yy,kl,9,4,NOUN,0.000000,
random_vocab_yy,kl,9,4,XX1,0.000000,
random_vocab_yy,kl,9,4,YY,-0.000372,
random_vocab_yy,kl,9,4,YY+1,-0.000028,
random_vocab_yy,kl,9,4,END,0.006921,
random_vocab_yy,kl,9,5,NOUN,0.000000,
random_vocab_yy,kl,9,5,XX1,0.000000,
random_vocab_yy,kl,9,5,YY,-0.003445,
random_vocab_yy,kl,9,5,YY+1,-0.000390,
random_vocab_yy,kl,9,5,END,-0.050697,
random_vocab_yy,kl,9,6,NOUN,0.000000,
random_vocab_yy,kl,9,6,XX1,0.000000,
random_vocab_yy,kl,9,6,YY,0.000226,
random_vocab_yy,kl,9,6,YY+1,0.000856,
random_vocab_yy,kl,9,6,END,0.011975,
random_vocab_yy,kl,9,7,NOUN,0.000000,
random_vocab_yy,kl,9,7,XX1,0.000000,
random_vocab_yy,kl,9,7,YY,0.001267,
random_vocab_yy,kl,9,7,YY+1,0.000197,
random_vocab_yy,kl,9,7,END,0.000105,
random_vocab_yy,kl,9,8,NOUN,0.000000,
random_vocab_yy,kl,9,8,XX1,0.000000,
random_vocab_yy,kl,9,8,YY,-0.000185,
random_vocab_yy,kl,9,8,YY+1,0.000198,
random_vocab_yy,kl,9,8,END,0.001052,
random_vocab_yy,kl,9,9,NOUN,0.000000,
random_vocab_yy,kl,9,9,XX1,0.000000,
random_vocab_yy,kl,9,9,YY,0.000068,
random_vocab_yy,kl,9,9,YY+1,-0.000362,
random_vocab_yy,kl,9,9,END,0.005853,
random_vocab_yy,kl,9,10,NOUN,0.000000,
random_vocab_yy,kl,9,10,XX1,0.000000,
random_vocab_yy,kl,9,10,YY,0.005381,
random_vocab_yy,kl,9,10,YY+1,-0.000012,
random_vocab_yy,kl,9,10,END,-0.002905,
random_vocab_yy,kl,9,11,NOUN,0.000000,
random_vocab_yy,kl,9,11,XX1,0.000000,
random_vocab_yy,kl,9,11,YY,0.000093,
random_vocab_yy,kl,9,11,YY+1,0.000049,
random_vocab_yy,kl,9,11,END,0.005839,
random_vocab_yy,kl,10,0,NOUN,0.000000,
random_vocab_yy,kl,10,0,XX1,0.000000,
random_vocab_yy,kl,10,0,YY,0.000101,
random_vocab_yy,kl,10,0,YY+1,0.000318,
random_vocab_yy,kl,10,0,END,0.004292,
random_vocab_yy,kl,10,1,NOUN,0.000000,
random_vocab_yy,kl,10,1,XX1,0.000000,
random_vocab_yy,kl,10,1,YY,0.000048,
random_vocab_yy,kl,10,1,YY+1,-0.000304,
random_vocab_yy,kl,10,1,END,0.009617,
random_vocab_yy,kl,10,2,NOUN,0.000000,
random_vocab_yy,kl,10,2,XX1,0.000000,
random_vocab_yy,kl,10,2,YY,0.000093,
random_vocab_yy,kl,10,2,YY+1,0.000391,
random_vocab_yy,kl,10,2,END,0.070971,
random_vocab_yy,kl,10,3,NOUN,0.000000,
random_vocab_yy,kl,10,3,XX1,0.000000,
random_vocab_yy,kl,10,3,YY,0.000359,
random_vocab_yy,kl,10,3,YY+1,0.000353,
random_vocab_yy,kl,10,3,END,0.005368,
random_vocab_yy,kl,10,4,NOUN,0.000000,
random_vocab_yy,kl,10,4,XX1,0.000000,
random_vocab_yy,kl,10,4,YY,0.000134,
random_vocab_yy,kl,10,4,YY+1,0.000146,
random_vocab_yy,kl,10,4,END,0.047322,
random_vocab_yy,kl,10,5,NOUN,0.000000,
random_vocab_yy,kl,10,5,XX1,0.000000,
random_vocab_yy,kl,10,5,YY,-0.000741,
random_vocab_yy,kl,10,5,YY+1,-0.000008,
random_vocab_yy,kl,10,5,END,0.004136,
random_vocab_yy,kl,10,6,NOUN,0.000000,
random_vocab_yy,kl,10,6,XX1,0.000000,
random_vocab_yy,kl,10,6,YY,0.000042,
random_vocab_yy,kl,10,6,YY+1,0.000173,
random_vocab_yy,kl,10,6,END,0.001991,
random_vocab_yy,kl,10,7,NOUN,0.000000,
random_vocab_yy,kl,10,7,XX1,0.000000,
random_vocab_yy,kl,10,7,YY,-0.000431,
random_vocab_yy,kl,10,7,YY+1,-0.000529,
random_vocab_yy,kl,10,7,END,-0.130697,
random_vocab_yy,kl,10,8,NOUN,0.000000,
random_vocab_yy,kl,10,8,XX1,0.000000,
random_vocab_yy,kl,10,8,YY,-0.000051,
random_vocab_yy,kl,10,8,YY+1,-0.000012,
random_vocab_yy,kl,10,8,END,0.004459,
random_vocab_yy,kl,10,9,NOUN,0.000000,
random_vocab_yy,kl,10,9,XX1,0.000000,
random_vocab_yy,kl,10,9,YY,-0.000254,
random_vocab_yy,kl,10,9,YY+1,-0.000161,
random_vocab_yy,kl,10,9,END,-0.012832,
random_vocab_yy,kl,10,10,NOUN,0.000000,
random_vocab_yy,kl,10,10,XX1,0.000000,
random_vocab_yy,kl,10,10,YY,0.000245,
random_vocab_yy,kl,10,10,YY+1,0.000303,
random_vocab_yy,kl,10,10,END,0.003066,
random_vocab_yy,kl,10,11,NOUN,0.000000,
random_vocab_yy,kl,10,11,XX1,0.000000,
random_vocab_yy,kl,10,11,YY,-0.000189,
random_vocab_yy,kl,10,11,YY+1,0.000187,
random_vocab_yy,kl,10,11,END,0.011732,
random_vocab_yy,kl,11,0,NOUN,0.000000,
random_vocab_yy,kl,11,0,XX1,0.000000,
random_vocab_yy,kl,11,0,YY,0.000000,
random_vocab_yy,kl,11,0,YY+1,0.000000,
random_vocab_yy,kl,11,0,END,0.000518,
random_vocab_yy,kl,11,1,NOUN,0.000000,
random_vocab_yy,kl,11,1,XX1,0.000000,
random_vocab_yy,kl,11,1,YY,0.000000,
random_vocab_yy,kl,11,1,YY+1,0.000000,
random_vocab_yy,kl,11,1,END,0.003876,
random_vocab_yy,kl,11,2,NOUN,0.000000,
random_vocab_yy,kl,11,2,XX1,0.000000,
random_vocab_yy,kl,11,2,YY,0.000000,
random_vocab_yy,kl,11,2,YY+1,0.000000,
random_vocab_yy,kl,11,2,END,0.004995,
random_vocab_yy,kl,11,3,NOUN,0.000000,
random_vocab_yy,kl,11,3,XX1,0.000000,
random_vocab_yy,kl,11,3,YY,0.000000,
random_vocab_yy,kl,11,3,YY+1,0.000000,
random_vocab_yy,kl,11,3,END,0.006976,
random_vocab_yy,kl,11,4,NOUN,0.000000,
random_vocab_yy,kl,11,4,XX1,0.000000,
random_vocab_yy,kl,11,4,YY,0.000000,
random_vocab_yy,kl,11,4,YY+1,0.000000,
random_vocab_yy,kl,11,4,END,0.004131,
random_vocab_yy,kl,11,5,NOUN,0.000000,
random_vocab_yy,kl,11,5,XX1,0.000000,
random_vocab_yy,kl,11,5,YY,0.000000,
random_vocab_yy,kl,11,5,YY+1,0.000000,
random_vocab_yy,kl,11,5,END,0.001679,
random_vocab_yy,kl,11,6,NOUN,0.000000,
random_vocab_yy,kl,11,6,XX1,0.000000,
random_vocab_yy,kl,11,6,YY,0.000000,
random_vocab_yy,kl,11,6,YY+1,0.000000,
random_vocab_yy,kl,11,6,END,0.005994,
random_vocab_yy,kl,11,7,NOUN,0.000000,
random_vocab_yy,kl,11,7,XX1,0.000000,
random_vocab_yy,kl,11,7,YY,0.000000,
random_vocab_yy,kl,11,7,YY+1,0.000000,
random_vocab_yy,kl,11,7,END,0.003081,
random_vocab_yy,kl,11,8,NOUN,0.000000,
random_vocab_yy,kl,11,8,XX1,0.000000,
random_vocab_yy,kl,11,8,YY,0.000000,
random_vocab_yy,kl,11,8,YY+1,0.000000,
random_vocab_yy,kl,11,8,END,0.037400,
random_vocab_yy,kl,11,9,NOUN,0.000000,
random_vocab_yy,kl,11,9,XX1,0.000000,
random_vocab_yy,kl,11,9,YY,0.000000,
random_vocab_yy,kl,11,9,YY+1,0.000000,
random_vocab_yy,kl,11,9,END,0.006875,
random_vocab_yy,kl,11,10,NOUN,0.000000,
random_vocab_yy,kl,11,10,XX1,0.000000,
random_vocab_yy,kl,11,10,YY,0.000000,
random_vocab_yy,kl,11,10,YY+1,0.000000,
random_vocab_yy,kl,11,10,END,-0.022575,
random_vocab_yy,kl,11,11,NOUN,0.000000,
random_vocab_yy,kl,11,11,XX1,0.000000,
random_vocab_yy,kl,11,11,YY,0.000000,
random_vocab_yy,kl,11,11,YY+1,0.000000,
random_vocab_yy,kl,11,11,END,-0.001877,
random_vocab_yy,tv,0,0,NOUN,0.000000,
random_vocab_yy,tv,0,0,XX1,0.000000,
random_vocab_yy,tv,0,0,YY,-0.000133,
random_vocab_yy,tv,0,0,YY+1,0.000032,
random_vocab_yy,tv,0,0,END,0.000198,
random_vocab_yy,tv,0,1,NOUN,0.000000,
random_vocab_yy,tv,0,1,XX1,0.000000,
random_vocab_yy,tv,0,1,YY,0.006709,
random_vocab_yy,tv,0,1,YY+1,-0.000000,
random_vocab_yy,tv,0,1,END,-0.000001,
random_vocab_yy,tv,0,2,NOUN,0.000000,
random_vocab_yy,tv,0,2,XX1,0.000000,
random_vocab_yy,tv,0,2,YY,-0.000173,
random_vocab_yy,tv,0,2,YY+1,0.000014,
random_vocab_yy,tv,0,2,END,-0.000408,
random_vocab_yy,tv,0,3,NOUN,0.000000,
random_vocab_yy,tv,0,3,XX1,0.000000,
random_vocab_yy,tv,0,3,YY,-0.000199,
random_vocab_yy,tv,0,3,YY+1,0.000063,
random_vocab_yy,tv,0,3,END,0.000001,
random_vocab_yy,tv,0,4,NOUN,0.000000,
random_vocab_yy,tv,0,4,XX1,0.000000,
random_vocab_yy,tv,0,4,YY,0.000546,
random_vocab_yy,tv,0,4,YY+1,-0.000119,
random_vocab_yy,tv,0,4,END,0.000026,
random_vocab_yy,tv,0,5,NOUN,0.000000,
random_vocab_yy,tv,0,5,XX1,0.000000,
random_vocab_yy,tv,0,5,YY,0.001306,
random_vocab_yy,tv,0,5,YY+1,0.000004,
random_vocab_yy,tv,0,5,END,0.000000,
random_vocab_yy,tv,0,6,NOUN,0.000000,
random_vocab_yy,tv,0,6,XX1,0.000000,
random_vocab_yy,tv,0,6,YY,0.000287,
random_vocab_yy,tv,0,6,YY+1,-0.000289,
random_vocab_yy,tv,0,6,END,-0.000354,
random_vocab_yy,tv,0,7,NOUN,0.000000,
random_vocab_yy,tv,0,7,XX1,0.000000,
random_vocab_yy,tv,0,7,YY,-0.000239,
random_vocab_yy,tv,0,7,YY+1,0.000200,
random_vocab_yy,tv,0,7,END,0.000242,
random_vocab_yy,tv,0,8,NOUN,0.000000,
random_vocab_yy,tv,0,8,XX1,0.000000,
random_vocab_yy,tv,0,8,YY,-0.000574,
random_vocab_yy,tv,0,8,YY+1,-0.000017,
random_vocab_yy,tv,0,8,END,-0.000189,
random_vocab_yy,tv,0,9,NOUN,0.000000,
random_vocab_yy,tv,0,9,XX1,0.000000,
random_vocab_yy,tv,0,9,YY,0.000882,
random_vocab_yy,tv,0,9,YY+1,-0.000021,
random_vocab_yy,tv,0,9,END,0.000478,
random_vocab_yy,tv,0,10,NOUN,0.000000,
random_vocab_yy,tv,0,10,XX1,0.000000,
random_vocab_yy,tv,0,10,YY,-0.001266,
random_vocab_yy,tv,0,10,YY+1,-0.000027,
random_vocab_yy,tv,0,10,END,0.000187,
random_vocab_yy,tv,0,11,NOUN,0.000000,
random_vocab_yy,tv,0,11,XX1,0.000000,
random_vocab_yy,tv,0,11,YY,0.000414,
random_vocab_yy,tv,0,11,YY+1,0.000005,
random_vocab_yy,tv,0,11,END,-0.000194,
random_vocab_yy,tv,1,0,NOUN,0.000000,
random_vocab_yy,tv,1,0,XX1,0.000000,
random_vocab_yy,tv,1,0,YY,0.000938,
random_vocab_yy,tv,1,0,YY+1,0.000010,
random_vocab_yy,tv,1,0,END,0.000009,
random_vocab_yy,tv,1,1,NOUN,0.000000,
random_vocab_yy,tv,1,1,XX1,0.000000,
random_vocab_yy,tv,1,1,YY,-0.000376,
random_vocab_yy,tv,1,1,YY+1,0.000059,
random_vocab_yy,tv,1,1,END,-0.000153,
random_vocab_yy,tv,1,2,NOUN,0.000000,
random_vocab_yy,tv,1,2,XX1,0.000000,
random_vocab_yy,tv,1,2,YY,-0.000040,
random_vocab_yy,tv,1,2,YY+1,0.000070,
random_vocab_yy,tv,1,2,END,-0.000123,
random_vocab_yy,tv,1,3,NOUN,0.000000,
random_vocab_yy,tv,1,3,XX1,0.000000,
random_vocab_yy,tv,1,3,YY,0.001285,
random_vocab_yy,tv,1,3,YY+1,0.000123,
random_vocab_yy,tv,1,3,END,-0.000070,
random_vocab_yy,tv,1,4,NOUN,0.000000,
random_vocab_yy,tv,1,4,XX1,0.000000,
random_vocab_yy,tv,1,4,YY,0.000050,
random_vocab_yy,tv,1,4,YY+1,0.000379,
random_vocab_yy,tv,1,4,END,0.000201,
random_vocab_yy,tv,1,5,NOUN,0.000000,
random_vocab_yy,tv,1,5,XX1,0.000000,
random_vocab_yy,tv,1,5,YY,0.000841,
random_vocab_yy,tv,1,5,YY+1,0.000053,
random_vocab_yy,tv,1,5,END,0.000087,
random_vocab_yy,tv,1,6,NOUN,0.000000,
random_vocab_yy,tv,1,6,XX1,0.000000,
random_vocab_yy,tv,1,6,YY,-0.000051,
random_vocab_yy,tv,1,6,YY+1,0.000062,
random_vocab_yy,tv,1,6,END,0.000383,
random_vocab_yy,tv,1,7,NOUN,0.000000,
random_vocab_yy,tv,1,7,XX1,0.000000,
random_vocab_yy,tv,1,7,YY,-0.001019,
random_vocab_yy,tv,1,7,YY+1,-0.000101,
random_vocab_yy,tv,1,7,END,0.000771,
random_vocab_yy,tv,1,8,NOUN,0.000000,
random_vocab_yy,tv,1,8,XX1,0.000000,
random_vocab_yy,tv,1,8,YY,0.000209,
random_vocab_yy,tv,1,8,YY+1,0.000164,
random_vocab_yy,tv,1,8,END,0.000047,
random_vocab_yy,tv,1,9,NOUN,0.000000,
random_vocab_yy,tv,1,9,XX1,0.000000,
random_vocab_yy,tv,1,9,YY,-0.000082,
random_vocab_yy,tv,1,9,YY+1,0.000009,
random_vocab_yy,tv,1,9,END,-0.000063,
random_vocab_yy,tv,1,10,NOUN,0.000000,
random_vocab_yy,tv,1,10,XX1,0.000000,
random_vocab_yy,tv,1,10,YY,0.000236,
random_vocab_yy,tv,1,10,YY+1,0.000717,
random_vocab_yy,tv,1,10,END,0.000046,
random_vocab_yy,tv,1,11,NOUN,0.000000,
random_vocab_yy,tv,1,11,XX1,0.000000,
random_vocab_yy,tv,1,11,YY,0.001442,
random_vocab_yy,tv,1,11,YY+1,0.000178,
random_vocab_yy,tv,1,11,END,0.000060,
random_vocab_yy,tv,2,0,NOUN,0.000000,
random_vocab_yy,tv,2,0,XX1,0.000000,
random_vocab_yy,tv,2,0,YY,0.000659,
random_vocab_yy,tv,2,0,YY+1,0.000223,
random_vocab_yy,tv,2,0,END,-0.000268,
random_vocab_yy,tv,2,1,NOUN,0.000000,
random_vocab_yy,tv,2,1,XX1,0.000000,
random_vocab_yy,tv,2,1,YY,-0.000006,
random_vocab_yy,tv,2,1,YY+1,0.000771,
random_vocab_yy,tv,2,1,END,0.003066,
random_vocab_yy,tv,2,2,NOUN,0.000000,
random_vocab_yy,tv,2,2,XX1,0.000000,
random_vocab_yy,tv,2,2,YY,-0.001328,
random_vocab_yy,tv,2,2,YY+1,0.000909,
random_vocab_yy,tv,2,2,END,0.000046,
random_vocab_yy,tv,2,3,NOUN,0.000000,
random_vocab_yy,tv,2,3,XX1,0.000000,
random_vocab_yy,tv,2,3,YY,0.000231,
random_vocab_yy,tv,2,3,YY+1,-0.000012,
random_vocab_yy,tv,2,3,END,-0.000421,
random_vocab_yy,tv,2,4,NOUN,0.000000,
random_vocab_yy,tv,2,4,XX1,0.000000,
random_vocab_yy,tv,2,4,YY,0.000416,
random_vocab_yy,tv,2,4,YY+1,0.000301,
random_vocab_yy,tv,2,4,END,0.000383,
random_vocab_yy,tv,2,5,NOUN,0.000000,
random_vocab_yy,tv,2,5,XX1,0.000000,
random_vocab_yy,tv,2,5,YY,0.000787,
random_vocab_yy,tv,2,5,YY+1,-0.000070,
random_vocab_yy,tv,2,5,END,-0.000618,
random_vocab_yy,tv,2,6,NOUN,0.000000,
random_vocab_yy,tv,2,6,XX1,0.000000,
random_vocab_yy,tv,2,6,YY,-0.000492,
random_vocab_yy,tv,2,6,YY+1,-0.000178,
random_vocab_yy,tv,2,6,END,-0.000243,
random_vocab_yy,tv,2,7,NOUN,0.000000,
random_vocab_yy,tv,2,7,XX1,0.000000,
random_vocab_yy,tv,2,7,YY,0.000387,
random_vocab_yy,tv,2,7,YY+1,0.000274,
random_vocab_yy,tv,2,7,END,-0.000492,
random_vocab_yy,tv,2,8,NOUN,0.000000,
random_vocab_yy,tv,2,8,XX1,0.000000,
random_vocab_yy,tv,2,8,YY,0.001107,
random_vocab_yy,tv,2,8,YY+1,-0.000310,
random_vocab_yy,tv,2,8,END,-0.000498,
random_vocab_yy,tv,2,9,NOUN,0.000000,
random_vocab_yy,tv,2,9,XX1,0.000000,
random_vocab_yy,tv,2,9,YY,0.001004,
random_vocab_yy,tv,2,9,YY+1,0.003542,
random_vocab_yy,tv,2,9,END,0.000388,
random_vocab_yy,tv,2,10,NOUN,0.000000,
random_vocab_yy,tv,2,10,XX1,0.000000,
random_vocab_yy,tv,2,10,YY,0.001296,
random_vocab_yy,tv,2,10,YY+1,-0.000533,
random_vocab_yy,tv,2,10,END,0.000950,
random_vocab_yy,tv,2,11,NOUN,0.000000,
random_vocab_yy,tv,2,11,XX1,0.000000,
random_vocab_yy,tv,2,11,YY,0.000704,
random_vocab_yy,tv,2,11,YY+1,-0.000461,
random_vocab_yy,tv,2,11,END,0.000456,
random_vocab_yy,tv,3,0,NOUN,0.000000,
random_vocab_yy,tv,3,0,XX1,0.000000,
random_vocab_yy,tv,3,0,YY,0.000119,
random_vocab_yy,tv,3,0,YY+1,0.000009,
random_vocab_yy,tv,3,0,END,-0.000162,
random_vocab_yy,tv,3,1,NOUN,0.000000,
random_vocab_yy,tv,3,1,XX1,0.000000,
random_vocab_yy,tv,3,1,YY,-0.000002,
random_vocab_yy,tv,3,1,YY+1,-0.000198,
random_vocab_yy,tv,3,1,END,-0.000160,
random_vocab_yy,tv,3,2,NOUN,0.000000,
random_vocab_yy,tv,3,2,XX1,0.000000,
random_vocab_yy,tv,3,2,YY,-0.000361,
random_vocab_yy,tv,3,2,YY+1,0.000297,
random_vocab_yy,tv,3,2,END,0.000543,
random_vocab_yy,tv,3,3,NOUN,0.000000,
random_vocab_yy,tv,3,3,XX1,0.000000,
random_vocab_yy,tv,3,3,YY,0.002248,
random_vocab_yy,tv,3,3,YY+1,0.001551,
random_vocab_yy,tv,3,3,END,0.002642,
random_vocab_yy,tv,3,4,NOUN,0.000000,
random_vocab_yy,tv,3,4,XX1,0.000000,
random_vocab_yy,tv,3,4,YY,-0.000929,
random_vocab_yy,tv,3,4,YY+1,0.000024,
random_vocab_yy,tv,3,4,END,-0.000303,
random_vocab_yy,tv,3,5,NOUN,0.000000,
random_vocab_yy,tv,3,5,XX1,0.000000,
random_vocab_yy,tv,3,5,YY,0.000140,
random_vocab_yy,tv,3,5,YY+1,0.000120,
random_vocab_yy,tv,3,5,END,0.000430,
random_vocab_yy,tv,3,6,NOUN,0.000000,
random_vocab_yy,tv,3,6,XX1,0.000000,
random_vocab_yy,tv,3,6,YY,-0.000028,
random_vocab_yy,tv,3,6,YY+1,0.001157,
random_vocab_yy,tv,3,6,END,-0.000233,
random_vocab_yy,tv,3,7,NOUN,0.000000,
random_vocab_yy,tv,3,7,XX1,0.000000,
random_vocab_yy,tv,3,7,YY,0.003006,
random_vocab_yy,tv,3,7,YY+1,0.007588,
random_vocab_yy,tv,3,7,END,-0.000484,
random_vocab_yy,tv,3,8,NOUN,0.000000,
random_vocab_yy,tv,3,8,XX1,0.000000,
random_vocab_yy,tv,3,8,YY,-0.000068,
random_vocab_yy,tv,3,8,YY+1,-0.000352,
random_vocab_yy,tv,3,8,END,-0.000881,
random_vocab_yy,tv,3,9,NOUN,0.000000,
random_vocab_yy,tv,3,9,XX1,0.000000,
random_vocab_yy,tv,3,9,YY,-0.000488,
random_vocab_yy,tv,3,9,YY+1,-0.000170,
random_vocab_yy,tv,3,9,END,0.000067,
random_vocab_yy,tv,3,10,NOUN,0.000000,
random_vocab_yy,tv,3,10,XX1,0.000000,
random_vocab_yy,tv,3,10,YY,0.001276,
random_vocab_yy,tv,3,10,YY+1,-0.000619,
random_vocab_yy,tv,3,10,END,-0.000228,
random_vocab_yy,tv,3,11,NOUN,0.000000,
random_vocab_yy,tv,3,11,XX1,0.000000,
random_vocab_yy,tv,3,11,YY,-0.000597,
random_vocab_yy,tv,3,11,YY+1,0.000060,
random_vocab_yy,tv,3,11,END,0.000154,
random_vocab_yy,tv,4,0,NOUN,0.000000,
random_vocab_yy,tv,4,0,XX1,0.000000,
random_vocab_yy,tv,4,0,YY,0.000671,
random_vocab_yy,tv,4,0,YY+1,-0.000193,
random_vocab_yy,tv,4,0,END,0.001180,
random_vocab_yy,tv,4,1,NOUN,0.000000,
random_vocab_yy,tv,4,1,XX1,0.000000,
random_vocab_yy,tv,4,1,YY,0.002069,
random_vocab_yy,tv,4,1,YY+1,-0.000149,
random_vocab_yy,tv,4,1,END,-0.000779,
random_vocab_yy,tv,4,2,NOUN,0.000000,
random_vocab_yy,tv,4,2,XX1,0.000000,
random_vocab_yy,tv,4,2,YY,-0.000300,
random_vocab_yy,tv,4,2,YY+1,-0.000067,
random_vocab_yy,tv,4,2,END,0.000051,
random_vocab_yy,tv,4,3,NOUN,0.000000,
random_vocab_yy,tv,4,3,XX1,0.000000,
random_vocab_yy,tv,4,3,YY,-0.000444,
random_vocab_yy,tv,4,3,YY+1,0.002404,
random_vocab_yy,tv,4,3,END,-0.000374,
random_vocab_yy,tv,4,4,NOUN,0.000000,
random_vocab_yy,tv,4,4,XX1,0.000000,
random_vocab_yy,tv,4,4,YY,0.000854,
random_vocab_yy,tv,4,4,YY+1,-0.000858,
random_vocab_yy,tv,4,4,END,-0.000175,
random_vocab_yy,tv,4,5,NOUN,0.000000,
random_vocab_yy,tv,4,5,XX1,0.000000,
random_vocab_yy,tv,4,5,YY,-0.000616,
random_vocab_yy,tv,4,5,YY+1,0.000366,
random_vocab_yy,tv,4,5,END,-0.000415,
random_vocab_yy,tv,4,6,NOUN,0.000000,
random_vocab_yy,tv,4,6,XX1,0.000000,
random_vocab_yy,tv,4,6,YY,0.002116,
random_vocab_yy,tv,4,6,YY+1,0.000325,
random_vocab_yy,tv,4,6,END,0.000633,
random_vocab_yy,tv,4,7,NOUN,0.000000,
random_vocab_yy,tv,4,7,XX1,0.000000,
random_vocab_yy,tv,4,7,YY,0.000685,
random_vocab_yy,tv,4,7,YY+1,-0.002700,
random_vocab_yy,tv,4,7,END,0.000213,
random_vocab_yy,tv,4,8,NOUN,0.000000,
random_vocab_yy,tv,4,8,XX1,0.000000,
random_vocab_yy,tv,4,8,YY,0.000753,
random_vocab_yy,tv,4,8,YY+1,0.000045,
random_vocab_yy,tv,4,8,END,0.002586,
random_vocab_yy,tv,4,9,NOUN,0.000000,
random_vocab_yy,tv,4,9,XX1,0.000000,
random_vocab_yy,tv,4,9,YY,0.000116,
random_vocab_yy,tv,4,9,YY+1,-0.000446,
random_vocab_yy,tv,4,9,END,-0.000075,
random_vocab_yy,tv,4,10,NOUN,0.000000,
random_vocab_yy,tv,4,10,XX1,0.000000,
random_vocab_yy,tv,4,10,YY,-0.001782,
random_vocab_yy,tv,4,10,YY+1,-0.000059,
random_vocab_yy,tv,4,10,END,-0.000238,
random_vocab_yy,tv,4,11,NOUN,0.000000,
random_vocab_yy,tv,4,11,XX1,0.000000,
random_vocab_yy,tv,4,11,YY,0.000001,
random_vocab_yy,tv,4,11,YY+1,0.019198,
random_vocab_yy,tv,4,11,END,0.000537,
random_vocab_yy,tv,5,0,NOUN,0.000000,
random_vocab_yy,tv,5,0,XX1,0.000000,
random_vocab_yy,tv,5,0,YY,-0.000332,
random_vocab_yy,tv,5,0,YY+1,-0.000121,
random_vocab_yy,tv,5,0,END,0.077223,
random_vocab_yy,tv,5,1,NOUN,0.000000,year head -> MLP 8
random_vocab_yy,tv,5,1,XX1,0.000000,year head -> MLP 8
random_vocab_yy,tv,5,1,YY,-0.000002,year head -> MLP 8
random_vocab_yy,tv,5,1,YY+1,-0.000006,year head -> MLP 8
random_vocab_yy,tv,5,1,END,0.024400,year head -> MLP 8
random_vocab_yy,tv,5,2,NOUN,0.000000,
random_vocab_yy,tv,5,2,XX1,0.000000,
random_vocab_yy,tv,5,2,YY,-0.000915,
random_vocab_yy,tv,5,2,YY+1,0.002135,
random_vocab_yy,tv,5,2,END,0.000674,
random_vocab_yy,tv,5,3,NOUN,0.000000,
random_vocab_yy,tv,5,3,XX1,0.000000,
random_vocab_yy,tv,5,3,YY,-0.000982,
random_vocab_yy,tv,5,3,YY+1,-0.000066,
random_vocab_yy,tv,5,3,END,0.000460,
random_vocab_yy,tv,5,4,NOUN,0.000000,
random_vocab_yy,tv,5,4,XX1,0.000000,
random_vocab_yy,tv,5,4,YY,-0.001968,
random_vocab_yy,tv,5,4,YY+1,0.000785,
random_vocab_yy,tv,5,4,END,0.000069,
random_vocab_yy,tv,5,5,NOUN,0.000000,year head -> MLP 8
random_vocab_yy,tv,5,5,XX1,0.000000,year head -> MLP 8
random_vocab_yy,tv,5,5,YY,-0.000002,year head -> MLP 8
random_vocab_yy,tv,5,5,YY+1,0.000022,year head -> MLP 8
random_vocab_yy,tv,5,5,END,0.042190,year head -> MLP 8
random_vocab_yy,tv,5,6,NOUN,0.000000,
random_vocab_yy,tv,5,6,XX1,0.000000,
random_vocab_yy,tv,5,6,YY,0.000164,
random_vocab_yy,tv,5,6,YY+1,0.004665,
random_vocab_yy,tv,5,6,END,0.000509,
random_vocab_yy,tv,5,7,NOUN,0.000000,
random_vocab_yy,tv,5,7,XX1,0.000000,
random_vocab_yy,tv,5,7,YY,0.000243,
random_vocab_yy,tv,5,7,YY+1,0.000190,
random_vocab_yy,tv,5,7,END,-0.000039,
random_vocab_yy,tv,5,8,NOUN,0.000000,
random_vocab_yy,tv,5,8,XX1,0.000000,
random_vocab_yy,tv,5,8,YY,-0.000082,
random_vocab_yy,tv,5,8,YY+1,-0.000066,
random_vocab_yy,tv,5,8,END,-0.000491,
random_vocab_yy,tv,5,9,NOUN,0.000000,
random_vocab_yy,tv,5,9,XX1,0.000000,
random_vocab_yy,tv,5,9,YY,0.000481,
random_vocab_yy,tv,5,9,YY+1,-0.000241,
random_vocab_yy,tv,5,9,END,-0.005383,
random_vocab_yy,tv,5,10,NOUN,0.000000,
random_vocab_yy,tv,5,10,XX1,0.000000,
random_vocab_yy,tv,5,10,YY,0.000365,
random_vocab_yy,tv,5,10,YY+1,0.000453,
random_vocab_yy,tv,5,10,END,0.001403,
random_vocab_yy,tv,5,11,NOUN,0.000000,
random_vocab_yy,tv,5,11,XX1,0.000000,
random_vocab_yy,tv,5,11,YY,0.000019,
random_vocab_yy,tv,5,11,YY+1,-0.001064,
random_vocab_yy,tv,5,11,END,-0.001020,
random_vocab_yy,tv,6,0,NOUN,0.000000,
random_vocab_yy,tv,6,0,XX1,0.000000,
random_vocab_yy,tv,6,0,YY,-0.000679,
random_vocab_yy,tv,6,0,YY+1,0.000782,
random_vocab_yy,tv,6,0,END,0.002463,
random_vocab_yy,tv,6,1,NOUN,0.000000,
random_vocab_yy,tv,6,1,XX1,0.000000,
random_vocab_yy,tv,6,1,YY,-0.000141,
random_vocab_yy,tv,6,1,YY+1,0.000012,
random_vocab_yy,tv,6,1,END,0.010079,
random_vocab_yy,tv,6,2,NOUN,0.000000,
random_vocab_yy,tv,6,2,XX1,0.000000,
random_vocab_yy,tv,6,2,YY,-0.000176,
random_vocab_yy,tv,6,2,YY+1,0.000020,
random_vocab_yy,tv,6,2,END,0.000469,
random_vocab_yy,tv,6,3,NOUN,0.000000,
random_vocab_yy,tv,6,3,XX1,0.000000,
random_vocab_yy,tv,6,3,YY,-0.000375,
random_vocab_yy,tv,6,3,YY+1,0.000000,
random_vocab_yy,tv,6,3,END,0.001249,
random_vocab_yy,tv,6,4,NOUN,0.000000,
random_vocab_yy,tv,6,4,XX1,0.000000,
random_vocab_yy,tv,6,4,YY,0.005087,
random_vocab_yy,tv,6,4,YY+1,0.000965,
random_vocab_yy,tv,6,4,END,0.002785,
random_vocab_yy,tv,6,5,NOUN,0.000000,
random_vocab_yy,tv,6,5,XX1,0.000000,
random_vocab_yy,tv,6,5,YY,0.000510,
random_vocab_yy,tv,6,5,YY+1,0.000075,
random_vocab_yy,tv,6,5,END,-0.002577,
random_vocab_yy,tv,6,6,NOUN,0.000000,
random_vocab_yy,tv,6,6,XX1,0.000000,
random_vocab_yy,tv,6,6,YY,0.000087,
random_vocab_yy,tv,6,6,YY+1,-0.001107,
random_vocab_yy,tv,6,6,END,-0.006660,
random_vocab_yy,tv,6,7,NOUN,0.000000,
random_vocab_yy,tv,6,7,XX1,0.000000,
random_vocab_yy,tv,6,7,YY,0.000073,
random_vocab_yy,tv,6,7,YY+1,0.000892,
random_vocab_yy,tv,6,7,END,-0.000119,
random_vocab_yy,tv,6,8,NOUN,0.000000,
random_vocab_yy,tv,6,8,XX1,0.000000,
random_vocab_yy,tv,6,8,YY,-0.001575,
random_vocab_yy,tv,6,8,YY+1,0.002318,
random_vocab_yy,tv,6,8,END,0.002024,
random_vocab_yy,tv,6,9,NOUN,0.000000,year head -> MLP 8
random_vocab_yy,tv,6,9,XX1,0.000000,year head -> MLP 8
random_vocab_yy,tv,6,9,YY,0.000001,year head -> MLP 8
random_vocab_yy,tv,6,9,YY+1,0.000017,year head -> MLP 8
random_vocab_yy,tv,6,9,END,0.096742,year head -> MLP 8
random_vocab_yy,tv,6,10,NOUN,0.000000,
random_vocab_yy,tv,6,10,XX1,0.000000,
random_vocab_yy,tv,6,10,YY,-0.000286,
random_vocab_yy,tv,6,10,YY+1,0.000074,
random_vocab_yy,tv,6,10,END,0.001306,
random_vocab_yy,tv,6,11,NOUN,0.000000,
random_vocab_yy,tv,6,11,XX1,0.000000,
random_vocab_yy,tv,6,11,YY,-0.001081,
random_vocab_yy,tv,6,11,YY+1,-0.000725,
random_vocab_yy,tv,6,11,END,0.002743,
random_vocab_yy,tv,7,0,NOUN,0.000000,
random_vocab_yy,tv,7,0,XX1,0.000000,
random_vocab_yy,tv,7,0,YY,0.000744,
random_vocab_yy,tv,7,0,YY+1,0.000176,
random_vocab_yy,tv,7,0,END,-0.001350,
random_vocab_yy,tv,7,1,NOUN,0.000000,
random_vocab_yy,tv,7,1,XX1,0.000000,
random_vocab_yy,tv,7,1,YY,0.000195,
random_vocab_yy,tv,7,1,YY+1,0.000031,
random_vocab_yy,tv,7,1,END,-0.000294,
random_vocab_yy,tv,7,2,NOUN,0.000000,
random_vocab_yy,tv,7,2,XX1,0.000000,
random_vocab_yy,tv,7,2,YY,0.000005,
random_vocab_yy,tv,7,2,YY+1,0.000000,
random_vocab_yy,tv,7,2,END,0.001731,
random_vocab_yy,tv,7,3,NOUN,0.000000,
random_vocab_yy,tv,7,3,XX1,0.000000,
random_vocab_yy,tv,7,3,YY,-0.000676,
random_vocab_yy,tv,7,3,YY+1,0.000025,
random_vocab_yy,tv,7,3,END,-0.001794,
random_vocab_yy,tv,7,4,NOUN,0.000000,
random_vocab_yy,tv,7,4,XX1,0.000000,
random_vocab_yy,tv,7,4,YY,-0.000053,
random_vocab_yy,tv,7,4,YY+1,0.000043,
random_vocab_yy,tv,7,4,END,0.000302,
random_vocab_yy,tv,7,5,NOUN,0.000000,
random_vocab_yy,tv,7,5,XX1,0.000000,
random_vocab_yy,tv,7,5,YY,0.000040,
random_vocab_yy,tv,7,5,YY+1,0.000212,
random_vocab_yy,tv,7,5,END,0.004186,
random_vocab_yy,tv,7,6,NOUN,0.000000,
random_vocab_yy,tv,7,6,XX1,0.000000,
random_vocab_yy,tv,7,6,YY,-0.000499,
random_vocab_yy,tv,7,6,YY+1,-0.000541,
random_vocab_yy,tv,7,6,END,-0.009036,
random_vocab_yy,tv,7,7,NOUN,0.000000,
random_vocab_yy,tv,7,7,XX1,0.000000,
random_vocab_yy,tv,7,7,YY,-0.000084,
random_vocab_yy,tv,7,7,YY+1,0.000414,
random_vocab_yy,tv,7,7,END,0.014287,
random_vocab_yy,tv,7,8,NOUN,0.000000,
random_vocab_yy,tv,7,8,XX1,0.000000,
random_vocab_yy,tv,7,8,YY,-0.000193,
random_vocab_yy,tv,7,8,YY+1,0.000169,
random_vocab_yy,tv,7,8,END,0.000458,
random_vocab_yy,tv,7,9,NOUN,0.000000,
random_vocab_yy,tv,7,9,XX1,0.000000,
random_vocab_yy,tv,7,9,YY,-0.000042,
random_vocab_yy,tv,7,9,YY+1,-0.000150,
random_vocab_yy,tv,7,9,END,0.000103,
random_vocab_yy,tv,7,10,NOUN,0.000000,year head -> MLP 8
random_vocab_yy,tv,7,10,XX1,0.000000,year head -> MLP 8
random_vocab_yy,tv,7,10,YY,0.000004,year head -> MLP 8
random_vocab_yy,tv,7,10,YY+1,-0.000066,year head -> MLP 8
random_vocab_yy,tv,7,10,END,0.028525,year head -> MLP 8
random_vocab_yy,tv,7,11,NOUN,0.000000,
random_vocab_yy,tv,7,11,XX1,0.000000,
random_vocab_yy,tv,7,11,YY,-0.000024,
random_vocab_yy,tv,7,11,YY+1,-0.000012,
random_vocab_yy,tv,7,11,END,0.025167,
random_vocab_yy,tv,8,0,NOUN,0.000000,
random_vocab_yy,tv,8,0,XX1,0.000000,
random_vocab_yy,tv,8,0,YY,-0.000097,
random_vocab_yy,tv,8,0,YY+1,-0.000005,
random_vocab_yy,tv,8,0,END,-0.002810,
random_vocab_yy,tv,8,1,NOUN,0.000000,
random_vocab_yy,tv,8,1,XX1,0.000000,
random_vocab_yy,tv,8,1,YY,0.000067,
random_vocab_yy,tv,8,1,YY+1,0.000019,
random_vocab_yy,tv,8,1,END,0.012203,
random_vocab_yy,tv,8,2,NOUN,0.000000,
random_vocab_yy,tv,8,2,XX1,0.000000,
random_vocab_yy,tv,8,2,YY,-0.000139,
random_vocab_yy,tv,8,2,YY+1,0.000089,
random_vocab_yy,tv,8,2,END,0.000547,
random_vocab_yy,tv,8,3,NOUN,0.000000,
random_vocab_yy,tv,8,3,XX1,0.000000,
random_vocab_yy,tv,8,3,YY,-0.000063,
random_vocab_yy,tv,8,3,YY+1,-0.000017,
random_vocab_yy,tv,8,3,END,0.000214,
random_vocab_yy,tv,8,4,NOUN,0.000000,
random_vocab_yy,tv,8,4,XX1,0.000000,
random_vocab_yy,tv,8,4,YY,0.000133,
random_vocab_yy,tv,8,4,YY+1,0.000019,
random_vocab_yy,tv,8,4,END,0.001151,
random_vocab_yy,tv,8,5,NOUN,0.000000,
random_vocab_yy,tv,8,5,XX1,0.000000,
random_vocab_yy,tv,8,5,YY,0.000103,
random_vocab_yy,tv,8,5,YY+1,-0.000029,
random_vocab_yy,tv,8,5,END,0.002790,
random_vocab_yy,tv,8,6,NOUN,0.000000,
random_vocab_yy,tv,8,6,XX1,0.000000,
random_vocab_yy,tv,8,6,YY,0.000048,
random_vocab_yy,tv,8,6,YY+1,0.000248,
random_vocab_yy,tv,8,6,END,0.060882,
random_vocab_yy,tv,8,7,NOUN,0.000000,
random_vocab_yy,tv,8,7,XX1,0.000000,
random_vocab_yy,tv,8,7,YY,-0.000132,
random_vocab_yy,tv,8,7,YY+1,-0.000050,
random_vocab_yy,tv,8,7,END,0.015492,
random_vocab_yy,tv,8,8,NOUN,0.000000,year head -> MLP 8
random_vocab_yy,tv,8,8,XX1,0.000000,year head -> MLP 8
random_vocab_yy,tv,8,8,YY,0.000051,year head -> MLP 8
random_vocab_yy,tv,8,8,YY+1,0.000735,year head -> MLP 8
random_vocab_yy,tv,8,8,END,0.017810,year head -> MLP 8
random_vocab_yy,tv,8,9,NOUN,0.000000,
random_vocab_yy,tv,8,9,XX1,0.000000,
random_vocab_yy,tv,8,9,YY,0.000024,
random_vocab_yy,tv,8,9,YY+1,0.000055,
random_vocab_yy,tv,8,9,END,0.000901,
random_vocab_yy,tv,8,10,NOUN,0.000000,
random_vocab_yy,tv,8,10,XX1,0.000000,
random_vocab_yy,tv,8,10,YY,-0.000540,
random_vocab_yy,tv,8,10,YY+1,-0.000455,
random_vocab_yy,tv,8,10,END,-0.009137,
random_vocab_yy,tv,8,11,NOUN,0.000000,year head -> MLP 8
random_vocab_yy,tv,8,11,XX1,0.000000,year head -> MLP 8
random_vocab_yy,tv,8,11,YY,0.000011,year head -> MLP 8
random_vocab_yy,tv,8,11,YY+1,-0.000023,year head -> MLP 8
random_vocab_yy,tv,8,11,END,0.005123,year head -> MLP 8
random_vocab_yy,tv,9,0,NOUN,0.000000,
random_vocab_yy,tv,9,0,XX1,0.000000,
random_vocab_yy,tv,9,0,YY,0.000031,
random_vocab_yy,tv,9,0,YY+1,0.000000,
random_vocab_yy,tv,9,0,END,-0.000559,
random_vocab_yy,tv,9,1,NOUN,0.000000,year head -> MLP 9
random_vocab_yy,tv,9,1,XX1,0.000000,year head -> MLP 9
random_vocab_yy,tv,9,1,YY,0.000015,year head -> MLP 9
random_vocab_yy,tv,9,1,YY+1,0.000062,year head -> MLP 9
random_vocab_yy,tv,9,1,END,0.033132,year head -> MLP 9
random_vocab_yy,tv,9,2,NOUN,0.000000,
random_vocab_yy,tv,9,2,XX1,0.000000,
random_vocab_yy,tv,9,2,YY,0.000036,
random_vocab_yy,tv,9,2,YY+1,-0.000006,
random_vocab_yy,tv,9,2,END,0.000318,
random_vocab_yy,tv,9,3,NOUN,0.000000,
random_vocab_yy,tv,9,3,XX1,0.000000,
random_vocab_yy,tv,9,3,YY,-0.000164,
random_vocab_yy,tv,9,3,YY+1,0.000033,
random_vocab_yy,tv,9,3,END,0.000810,
random_vocab_yy,tv,9,4,NOUN,0.000000,
random_vocab_yy,tv,9,4,XX1,0.000000,
random_vocab_yy,tv,9,4,YY,-0.000040,
random_vocab_yy,tv,9,4,YY+1,0.000023,
random_vocab_yy,tv,9,4,END,0.000846,
random_vocab_yy,tv,9,5,NOUN,0.000000,
random_vocab_yy,tv,9,5,XX1,0.000000,
random_vocab_yy,tv,9,5,YY,-0.000221,
random_vocab_yy,tv,9,5,YY+1,-0.000046,
random_vocab_yy,tv,9,5,END,-0.005934,
random_vocab_yy,tv,9,6,NOUN,0.000000,
random_vocab_yy,tv,9,6,XX1,0.000000,
random_vocab_yy,tv,9,6,YY,0.000016,
random_vocab_yy,tv,9,6,YY+1,0.000081,
random_vocab_yy,tv,9,6,END,0.000873,
random_vocab_yy,tv,9,7,NOUN,0.000000,
random_vocab_yy,tv,9,7,XX1,0.000000,
random_vocab_yy,tv,9,7,YY,0.000120,
random_vocab_yy,tv,9,7,YY+1,0.000028,
random_vocab_yy,tv,9,7,END,0.000575,
random_vocab_yy,tv,9,8,NOUN,0.000000,
random_vocab_yy,tv,9,8,XX1,0.000000,
random_vocab_yy,tv,9,8,YY,-0.000041,
random_vocab_yy,tv,9,8,YY+1,0.000024,
random_vocab_yy,tv,9,8,END,0.000174,
random_vocab_yy,tv,9,9,NOUN,0.000000,
random_vocab_yy,tv,9,9,XX1,0.000000,
random_vocab_yy,tv,9,9,YY,-0.000001,
random_vocab_yy,tv,9,9,YY+1,-0.000029,
random_vocab_yy,tv,9,9,END,0.000529,
random_vocab_yy,tv,9,10,NOUN,0.000000,
random_vocab_yy,tv,9,10,XX1,0.000000,
random_vocab_yy,tv,9,10,YY,0.000622,
random_vocab_yy,tv,9,10,YY+1,-0.000012,
random_vocab_yy,tv,9,10,END,-0.000179,
random_vocab_yy,tv,9,11,NOUN,0.000000,
random_vocab_yy,tv,9,11,XX1,0.000000,
random_vocab_yy,tv,9,11,YY,0.000033,
random_vocab_yy,tv,9,11,YY+1,0.000008,
random_vocab_yy,tv,9,11,END,0.000683,
random_vocab_yy,tv,10,0,NOUN,0.000000,
random_vocab_yy,tv,10,0,XX1,0.000000,
random_vocab_yy,tv,10,0,YY,0.000006,
random_vocab_yy,tv,10,0,YY+1,0.000023,
random_vocab_yy,tv,10,0,END,0.000974,
random_vocab_yy,tv,10,1,NOUN,0.000000,
random_vocab_yy,tv,10,1,XX1,0.000000,
random_vocab_yy,tv,10,1,YY,0.000013,
random_vocab_yy,tv,10,1,YY+1,-0.000032,
random_vocab_yy,tv,10,1,END,0.000843,
random_vocab_yy,tv,10,2,NOUN,0.000000,
random_vocab_yy,tv,10,2,XX1,0.000000,
random_vocab_yy,tv,10,2,YY,-0.000002,
random_vocab_yy,tv,10,2,YY+1,0.000035,
random_vocab_yy,tv,10,2,END,0.008668,
random_vocab_yy,tv,10,3,NOUN,0.000000,
random_vocab_yy,tv,10,3,XX1,0.000000,
random_vocab_yy,tv,10,3,YY,0.000040,
random_vocab_yy,tv,10,3,YY+1,0.000046,
random_vocab_yy,tv,10,3,END,0.000402,
random_vocab_yy,tv,10,4,NOUN,0.000000,
random_vocab_yy,tv,10,4,XX1,0.000000,
random_vocab_yy,tv,10,4,YY,0.000032,
random_vocab_yy,tv,10,4,YY+1,0.000015,
random_vocab_yy,tv,10,4,END,0.007986,
random_vocab_yy,tv,10,5,NOUN,0.000000,
random_vocab_yy,tv,10,5,XX1,0.000000,
random_vocab_yy,tv,10,5,YY,-0.000040,
random_vocab_yy,tv,10,5,YY+1,0.000000,
random_vocab_yy,tv,10,5,END,0.000722,
random_vocab_yy,tv,10,6,NOUN,0.000000,
random_vocab_yy,tv,10,6,XX1,0.000000,
random_vocab_yy,tv,10,6,YY,0.000004,
random_vocab_yy,tv,10,6,YY+1,0.000002,
random_vocab_yy,tv,10,6,END,0.000060,
random_vocab_yy,tv,10,7,NOUN,0.000000,
random_vocab_yy,tv,10,7,XX1,0.000000,
random_vocab_yy,tv,10,7,YY,-0.000034,
random_vocab_yy,tv,10,7,YY+1,-0.000038,
random_vocab_yy,tv,10,7,END,-0.009765,
random_vocab_yy,tv,10,8,NOUN,0.000000,
random_vocab_yy,tv,10,8,XX1,0.000000,
random_vocab_yy,tv,10,8,YY,-0.000008,
random_vocab_yy,tv,10,8,YY+1,0.000000,
random_vocab_yy,tv,10,8,END,0.000605,
random_vocab_yy,tv,10,9,NOUN,0.000000,
random_vocab_yy,tv,10,9,XX1,0.000000,
random_vocab_yy,tv,10,9,YY,-0.000033,
random_vocab_yy,tv,10,9,YY+1,-0.000026,
random_vocab_yy,tv,10,9,END,-0.001506,
random_vocab_yy,tv,10,10,NOUN,0.000000,
random_vocab_yy,tv,10,10,XX1,0.000000,
random_vocab_yy,tv,10,10,YY,0.000044,
random_vocab_yy,tv,10,10,YY+1,0.000048,
random_vocab_yy,tv,10,10,END,0.000167,
random_vocab_yy,tv,10,11,NOUN,0.000000,
random_vocab_yy,tv,10,11,XX1,0.000000,
random_vocab_yy,tv,10,11,YY,-0.000013,
random_vocab_yy,tv,10,11,YY+1,0.000009,
random_vocab_yy,tv,10,11,END,0.001662,
random_vocab_yy,tv,11,0,NOUN,0.000000,
random_vocab_yy,tv,11,0,XX1,0.000000,
random_vocab_yy,tv,11,0,YY,0.000000,
random_vocab_yy,tv,11,0,YY+1,0.000000,
random_vocab_yy,tv,11,0,END,-0.000583,
random_vocab_yy,tv,11,1,NOUN,0.000000,
random_vocab_yy,tv,11,1,XX1,0.000000,
random_vocab_yy,tv,11,1,YY,0.000000,
random_vocab_yy,tv,11,1,YY+1,0.000000,
random_vocab_yy,tv,11,1,END,0.000534,
random_vocab_yy,tv,11,2,NOUN,0.000000,
random_vocab_yy,tv,11,2,XX1,0.000000,
random_vocab_yy,tv,11,2,YY,0.000000,
random_vocab_yy,tv,11,2,YY+1,0.000000,
random_vocab_yy,tv,11,2,END,0.000449,
random_vocab_yy,tv,11,3,NOUN,0.000000,
random_vocab_yy,tv,11,3,XX1,0.000000,
random_vocab_yy,tv,11,3,YY,0.000000,
random_vocab_yy,tv,11,3,YY+1,0.000000,
random_vocab_yy,tv,11,3,END,0.000689,
random_vocab_yy,tv,11,4,NOUN,0.000000,
random_vocab_yy,tv,11,4,XX1,0.000000,
random_vocab_yy,tv,11,4,YY,0.000000,
random_vocab_yy,tv,11,4,YY+1,0.000000,
random_vocab_yy,tv,11,4,END,0.000336,
random_vocab_yy,tv,11,5,NOUN,0.000000,
random_vocab_yy,tv,11,5,XX1,0.000000,
random_vocab_yy,tv,11,5,YY,0.000000,
random_vocab_yy,tv,11,5,YY+1,0.000000,
random_vocab_yy,tv,11,5,END,0.000257,
random_vocab_yy,tv,11,6,NOUN,0.000000,
random_vocab_yy,tv,11,6,XX1,0.000000,
random_vocab_yy,tv,11,6,YY,0.000000,
random_vocab_yy,tv,11,6,YY+1,0.000000,
random_vocab_yy,tv,11,6,END,0.000652,
random_vocab_yy,tv,11,7,NOUN,0.000000,
random_vocab_yy,tv,11,7,XX1,0.000000,
random_vocab_yy,tv,11,7,YY,0.000000,
random_vocab_yy,tv,11,7,YY+1,0.000000,
random_vocab_yy,tv,11,7,END,0.000087,
random_vocab_yy,tv,11,8,NOUN,0.000000,
random_vocab_yy,tv,11,8,XX1,0.000000,
random_vocab_yy,tv,11,8,YY,0.000000,
random_vocab_yy,tv,11,8,YY+1,0.000000,
random_vocab_yy,tv,11,8,END,0.004183,
random_vocab_yy,tv,11,9,NOUN,0.000000,
random_vocab_yy,tv,11,9,XX1,0.000000,
random_vocab_yy,tv,11,9,YY,0.000000,
random_vocab_yy,tv,11,9,YY+1,0.000000,
random_vocab_yy,tv,11,9,END,0.000823,
random_vocab_yy,tv,11,10,NOUN,0.000000,
random_vocab_yy,tv,11,10,XX1,0.000000,
random_vocab_yy,tv,11,10,YY,0.000000,
random_vocab_yy,tv,11,10,YY+1,0.000000,
random_vocab_yy,tv,11,10,END,-0.001985,
random_vocab_yy,tv,11,11,NOUN,0.000000,
random_vocab_yy,tv,11,11,XX1,0.000000,
random_vocab_yy,tv,11,11,YY,0.000000,
random_vocab_yy,tv,11,11,YY+1,0.000000,
random_vocab_yy,tv,11,11,END,-0.000083,
random_vocab_any,logit_diff,0,0,NOUN,0.000197,
random_vocab_any,logit_diff,0,0,XX1,0.000624,
random_vocab_any,logit_diff,0,0,YY,0.002569,
random_vocab_any,logit_diff,0,0,YY+1,0.000260,
random_vocab_any,logit_diff,0,0,END,0.001671,
random_vocab_any,logit_diff,0,1,NOUN,0.000339,
random_vocab_any,logit_diff,0,1,XX1,-0.000344,
random_vocab_any,logit_diff,0,1,YY,-0.001048,
random_vocab_any,logit_diff,0,1,YY+1,-0.013789,
random_vocab_any,logit_diff,0,1,END,0.002788,
random_vocab_any,logit_diff,0,2,NOUN,0.000006,
random_vocab_any,logit_diff,0,2,XX1,-0.000444,
random_vocab_any,logit_diff,0,2,YY,-0.000367,
random_vocab_any,logit_diff,0,2,YY+1,-0.001139,
random_vocab_any,logit_diff,0,2,END,-0.000835,
random_vocab_any,logit_diff,0,3,NOUN,-0.000283,
random_vocab_any,logit_diff,0,3,XX1,-0.000486,
random_vocab_any,logit_diff,0,3,YY,-0.000465,
random_vocab_any,logit_diff,0,3,YY+1,0.002363,
random_vocab_any,logit_diff,0,3,END,0.000222,
random_vocab_any,logit_diff,0,4,NOUN,-0.000428,
random_vocab_any,logit_diff,0,4,XX1,0.001160,
random_vocab_any,logit_diff,0,4,YY,0.000189,
random_vocab_any,logit_diff,0,4,YY+1,-0.002587,
random_vocab_any,logit_diff,0,4,END,-0.000144,
random_vocab_any,logit_diff,0,5,NOUN,0.000106,
random_vocab_any,logit_diff,0,5,XX1,-0.000152,
random_vocab_any,logit_diff,0,5,YY,0.000349,
random_vocab_any,logit_diff,0,5,YY+1,0.000978,
random_vocab_any,logit_diff,0,5,END,-0.000306,
random_vocab_any,logit_diff,0,6,NOUN,0.000332,
random_vocab_any,logit_diff,0,6,XX1,-0.000592,
random_vocab_any,logit_diff,0,6,YY,0.000390,
random_vocab_any,logit_diff,0,6,YY+1,-0.003124,
random_vocab_any,logit_diff,0,6,END,-0.001081,
random_vocab_any,logit_diff,0,7,NOUN,0.000899,
random_vocab_any,logit_diff,0,7,XX1,0.000188,
random_vocab_any,logit_diff,0,7,YY,-0.001549,
random_vocab_any,logit_diff,0,7,YY+1,0.000067,
random_vocab_any,logit_diff,0,7,END,-0.001160,
random_vocab_any,logit_diff,0,8,NOUN,0.000473,
random_vocab_any,logit_diff,0,8,XX1,0.000999,
random_vocab_any,logit_diff,0,8,YY,-0.001302,
random_vocab_any,logit_diff,0,8,YY+1,-0.005417,
random_vocab_any,logit_diff,0,8,END,-0.000696,
random_vocab_any,logit_diff,0,9,NOUN,-0.000906,
random_vocab_any,logit_diff,0,9,XX1,0.003301,
random_vocab_any,logit_diff,0,9,YY,0.004514,
random_vocab_any,logit_diff,0,9,YY+1,0.001008,
random_vocab_any,logit_diff,0,9,END,0.013882,
random_vocab_any,logit_diff,0,10,NOUN,0.000707,
random_vocab_any,logit_diff,0,10,XX1,-0.002951,
random_vocab_any,logit_diff,0,10,YY,0.001242,
random_vocab_any,logit_diff,0,10,YY+1,0.002727,
random_vocab_any,logit_diff,0,10,END,-0.006512,
random_vocab_any,logit_diff,0,11,NOUN,-0.000196,
random_vocab_any,logit_diff,0,11,XX1,-0.000656,
random_vocab_any,logit_diff,0,11,YY,-0.000426,
random_vocab_any,logit_diff,0,11,YY+1,0.000130,
random_vocab_any,logit_diff,0,11,END,0.000241,
random_vocab_any,logit_diff,1,0,NOUN,0.000704,
random_vocab_any,logit_diff,1,0,XX1,0.001499,
random_vocab_any,logit_diff,1,0,YY,-0.001134,
random_vocab_any,logit_diff,1,0,YY+1,0.000701,
random_vocab_any,logit_diff,1,0,END,-0.000295,
random_vocab_any,logit_diff,1,1,NOUN,0.000975,
random_vocab_any,logit_diff,1,1,XX1,0.000279,
random_vocab_any,logit_diff,1,1,YY,0.003250,
random_vocab_any,logit_diff,1,1,YY+1,0.000967,
random_vocab_any,logit_diff,1,1,END,-0.000006,
random_vocab_any,logit_diff,1,2,NOUN,-0.000045,
random_vocab_any,logit_diff,1,2,XX1,-0.000218,
random_vocab_any,logit_diff,1,2,YY,-0.000926,
random_vocab_any,logit_diff,1,2,YY+1,0.000282,
random_vocab_any,logit_diff,1,2,END,0.001258,
random_vocab_any,logit_diff,1,3,NOUN,-0.000314,
random_vocab_any,logit_diff,1,3,XX1,0.000263,
random_vocab_any,logit_diff,1,3,YY,-0.000650,
random_vocab_any,logit_diff,1,3,YY+1,0.001831,
random_vocab_any,logit_diff,1,3,END,0.001800,
random_vocab_any,logit_diff,1,4,NOUN,0.000090,
random_vocab_any,logit_diff,1,4,XX1,0.000341,
random_vocab_any,logit_diff,1,4,YY,0.001033,
random_vocab_any,logit_diff,1,4,YY+1,-0.000234,
random_vocab_any,logit_diff,1,4,END,-0.001930,
random_vocab_any,logit_diff,1,5,NOUN,0.000079,
random_vocab_any,logit_diff,1,5,XX1,-0.000234,
random_vocab_any,logit_diff,1,5,YY,0.000750,
random_vocab_any,logit_diff,1,5,YY+1,-0.002081,
random_vocab_any,logit_diff,1,5,END,-0.001334,
random_vocab_any,logit_diff,1,6,NOUN,0.000193,
random_vocab_any,logit_diff,1,6,XX1,0.000122,
random_vocab_any,logit_diff,1,6,YY,0.000373,
random_vocab_any,logit_diff,1,6,YY+1,0.001090,
random_vocab_any,logit_diff,1,6,END,-0.001995,
random_vocab_any,logit_diff,1,7,NOUN,-0.000007,
random_vocab_any,logit_diff,1,7,XX1,-0.000407,
random_vocab_any,logit_diff,1,7,YY,0.002873,
random_vocab_any,logit_diff,1,7,YY+1,-0.000298,
random_vocab_any,logit_diff,1,7,END,-0.001781,
random_vocab_any,logit_diff,1,8,NOUN,0.000253,
random_vocab_any,logit_diff,1,8,XX1,0.000613,
random_vocab_any,logit_diff,1,8,YY,-0.001078,
random_vocab_any,logit_diff,1,8,YY+1,-0.000659,
random_vocab_any,logit_diff,1,8,END,-0.001525,
random_vocab_any,logit_diff,1,9,NOUN,-0.000085,
random_vocab_any,logit_diff,1,9,XX1,0.000287,
random_vocab_any,logit_diff,1,9,YY,-0.000068,
random_vocab_any,logit_diff,1,9,YY+1,0.000426,
random_vocab_any,logit_diff,1,9,END,0.000776,
random_vocab_any,logit_diff,1,10,NOUN,-0.000040,
random_vocab_any,logit_diff,1,10,XX1,-0.000497,
random_vocab_any,logit_diff,1,10,YY,0.000493,
random_vocab_any,logit_diff,1,10,YY+1,0.000371,
random_vocab_any,logit_diff,1,10,END,-0.002393,
random_vocab_any,logit_diff,1,11,NOUN,-0.000373,
random_vocab_any,logit_diff,1,11,XX1,-0.000636,
random_vocab_any,logit_diff,1,11,YY,-0.003581,
random_vocab_any,logit_diff,1,11,YY+1,0.002673,
random_vocab_any,logit_diff,1,11,END,0.001936,
random_vocab_any,logit_diff,2,0,NOUN,-0.000070,
random_vocab_any,logit_diff,2,0,XX1,-0.000624,
random_vocab_any,logit_diff,2,0,YY,0.001775,
random_vocab_any,logit_diff,2,0,YY+1,-0.000140,
random_vocab_any,logit_diff,2,0,END,-0.002430,
random_vocab_any,logit_diff,2,1,NOUN,0.000391,
random_vocab_any,logit_diff,2,1,XX1,0.000101,
random_vocab_any,logit_diff,2,1,YY,0.004236,
random_vocab_any,logit_diff,2,1,YY+1,0.000319,
random_vocab_any,logit_diff,2,1,END,-0.003619,
random_vocab_any,logit_diff,2,2,NOUN,-0.000187,
random_vocab_any,logit_diff,2,2,XX1,0.000544,
random_vocab_any,logit_diff,2,2,YY,0.001443,
random_vocab_any,logit_diff,2,2,YY+1,0.003838,
random_vocab_any,logit_diff,2,2,END,0.003617,
random_vocab_any,logit_diff,2,3,NOUN,0.001231,
random_vocab_any,logit_diff,2,3,XX1,0.001223,
random_vocab_any,logit_diff,2,3,YY,0.005170,
random_vocab_any,logit_diff,2,3,YY+1,0.002258,
random_vocab_any,logit_diff,2,3,END,0.000779,
random_vocab_any,logit_diff,2,4,NOUN,-0.000131,
random_vocab_any,logit_diff,2,4,XX1,-0.001318,
random_vocab_any,logit_diff,2,4,YY,-0.003587,
random_vocab_any,logit_diff,2,4,YY+1,-0.000571,
random_vocab_any,logit_diff,2,4,END,-0.001130,
random_vocab_any,logit_diff,2,5,NOUN,0.000194,
random_vocab_any,logit_diff,2,5,XX1,0.000561,
random_vocab_any,logit_diff,2,5,YY,0.002233,
random_vocab_any,logit_diff,2,5,YY+1,0.001475,
random_vocab_any,logit_diff,2,5,END,-0.000250,
random_vocab_any,logit_diff,2,6,NOUN,0.000119,
random_vocab_any,logit_diff,2,6,XX1,-0.000160,
random_vocab_any,logit_diff,2,6,YY,-0.000061,
random_vocab_any,logit_diff,2,6,YY+1,-0.000760,
random_vocab_any,logit_diff,2,6,END,-0.002638,
random_vocab_any,logit_diff,2,7,NOUN,-0.000144,
random_vocab_any,logit_diff,2,7,XX1,-0.000259,
random_vocab_any,logit_diff,2,7,YY,-0.001331,
random_vocab_any,logit_diff,2,7,YY+1,-0.000149,
random_vocab_any,logit_diff,2,7,END,-0.001180,
random_vocab_any,logit_diff,2,8,NOUN,0.000395,
random_vocab_any,logit_diff,2,8,XX1,-0.000111,
random_vocab_any,logit_diff,2,8,YY,-0.000325,
random_vocab_any,logit_diff,2,8,YY+1,0.002914,
random_vocab_any,logit_diff,2,8,END,0.002403,
random_vocab_any,logit_diff,2,9,NOUN,0.000166,
random_vocab_any,logit_diff,2,9,XX1,-0.000791,
random_vocab_any,logit_diff,2,9,YY,0.008608,
random_vocab_any,logit_diff,2,9,YY+1,-0.001265,
random_vocab_any,logit_diff,2,9,END,0.004339,
random_vocab_any,logit_diff,2,10,NOUN,0.000098,
random_vocab_any,logit_diff,2,10,XX1,-0.001625,
random_vocab_any,logit_diff,2,10,YY,-0.000364,
random_vocab_any,logit_diff,2,10,YY+1,0.001620,
random_vocab_any,logit_diff,2,10,END,-0.001241,
random_vocab_any,logit_diff,2,11,NOUN,0.000020,
random_vocab_any,logit_diff,2,11,XX1,0.000785,
random_vocab_any,logit_diff,2,11,YY,-0.001315,
random_vocab_any,logit_diff,2,11,YY+1,0.001701,
random_vocab_any,logit_diff,2,11,END,-0.000997,
random_vocab_any,logit_diff,3,0,NOUN,0.000151,
random_vocab_any,logit_diff,3,0,XX1,-0.000137,
random_vocab_any,logit_diff,3,0,YY,0.000199,
random_vocab_any,logit_diff,3,0,YY+1,-0.000119,
random_vocab_any,logit_diff,3,0,END,-0.001470,
random_vocab_any,logit_diff,3,1,NOUN,0.000336,
random_vocab_any,logit_diff,3,1,XX1,0.000091,
random_vocab_any,logit_diff,3,1,YY,0.000047,
random_vocab_any,logit_diff,3,1,YY+1,0.000004,
random_vocab_any,logit_diff,3,1,END,0.006322,
random_vocab_any,logit_diff,3,2,NOUN,0.000798,
random_vocab_any,logit_diff,3,2,XX1,0.000975,
random_vocab_any,logit_diff,3,2,YY,0.002367,
random_vocab_any,logit_diff,3,2,YY+1,0.004012,
random_vocab_any,logit_diff,3,2,END,0.012955,
random_vocab_any,logit_diff,3,3,NOUN,-0.000175,
random_vocab_any,logit_diff,3,3,XX1,0.002009,
random_vocab_any,logit_diff,3,3,YY,-0.000847,
random_vocab_any,logit_diff,3,3,YY+1,0.002139,
random_vocab_any,logit_diff,3,3,END,0.002667,
random_vocab_any,logit_diff,3,4,NOUN,-0.000001,
random_vocab_any,logit_diff,3,4,XX1,-0.000157,
random_vocab_any,logit_diff,3,4,YY,0.000322,
random_vocab_any,logit_diff,3,4,YY+1,-0.000628,
random_vocab_any,logit_diff,3,4,END,-0.004572,
random_vocab_any,logit_diff,3,5,NOUN,0.000098,
random_vocab_any,logit_diff,3,5,XX1,-0.000245,
random_vocab_any,logit_diff,3,5,YY,0.001371,
random_vocab_any,logit_diff,3,5,YY+1,-0.000296,
random_vocab_any,logit_diff,3,5,END,0.002509,
random_vocab_any,logit_diff,3,6,NOUN,-0.000039,
random_vocab_any,logit_diff,3,6,XX1,0.001180,
random_vocab_any,logit_diff,3,6,YY,0.002024,
random_vocab_any,logit_diff,3,6,YY+1,-0.002265,
random_vocab_any,logit_diff,3,6,END,0.004689,
random_vocab_any,logit_diff,3,7,NOUN,0.000091,
random_vocab_any,logit_diff,3,7,XX1,0.003415,
random_vocab_any,logit_diff,3,7,YY,0.005774,
random_vocab_any,logit_diff,3,7,YY+1,-0.003004,
random_vocab_any,logit_diff,3,7,END,0.010380,
random_vocab_any,logit_diff,3,8,NOUN,-0.000248,
random_vocab_any,logit_diff,3,8,XX1,0.001091,
random_vocab_any,logit_diff,3,8,YY,0.001498,
random_vocab_any,logit_diff,3,8,YY+1,0.001608,
random_vocab_any,logit_diff,3,8,END,-0.003826,
random_vocab_any,logit_diff,3,9,NOUN,0.000223,
random_vocab_any,logit_diff,3,9,XX1,0.000363,
random_vocab_any,logit_diff,3,9,YY,0.000427,
random_vocab_any,logit_diff,3,9,YY+1,0.001841,
random_vocab_any,logit_diff,3,9,END,0.004444,
random_vocab_any,logit_diff,3,10,NOUN,-0.000291,
random_vocab_any,logit_diff,3,10,XX1,-0.002187,
random_vocab_any,logit_diff,3,10,YY,-0.006723,
random_vocab_any,logit_diff,3,10,YY+1,-0.002508,
random_vocab_any,logit_diff,3,10,END,-0.012188,
random_vocab_any,logit_diff,3,11,NOUN,0.000156,
random_vocab_any,logit_diff,3,11,XX1,0.001291,
random_vocab_any,logit_diff,3,11,YY,0.002948,
random_vocab_any,logit_diff,3,11,YY+1,0.000851,
random_vocab_any,logit_diff,3,11,END,-0.003274,
random_vocab_any,logit_diff,4,0,NOUN,0.000065,
random_vocab_any,logit_diff,4,0,XX1,-0.000479,
random_vocab_any,logit_diff,4,0,YY,0.000464,
random_vocab_any,logit_diff,4,0,YY+1,-0.000354,
random_vocab_any,logit_diff,4,0,END,0.007463,
random_vocab_any,logit_diff,4,1,NOUN,0.000051,
random_vocab_any,logit_diff,4,1,XX1,-0.002680,
random_vocab_any,logit_diff,4,1,YY,0.001652,
random_vocab_any,logit_diff,4,1,YY+1,0.001903,
random_vocab_any,logit_diff,4,1,END,0.012153,
random_vocab_any,logit_diff,4,2,NOUN,0.000185,
random_vocab_any,logit_diff,4,2,XX1,0.000151,
random_vocab_any,logit_diff,4,2,YY,0.001493,
random_vocab_any,logit_diff,4,2,YY+1,0.001356,
random_vocab_any,logit_diff,4,2,END,0.002741,
random_vocab_any,logit_diff,4,3,NOUN,0.000088,
random_vocab_any,logit_diff,4,3,XX1,0.001867,
random_vocab_any,logit_diff,4,3,YY,0.002693,
random_vocab_any,logit_diff,4,3,YY+1,-0.000973,
random_vocab_any,logit_diff,4,3,END,0.017249,
random_vocab_any,logit_diff,4,4,NOUN,-0.000022,
random_vocab_any,logit_diff,4,4,XX1,-0.000739,
random_vocab_any,logit_diff,4,4,YY,-0.001469,
random_vocab_any,logit_diff,4,4,YY+1,-0.000756,
random_vocab_any,logit_diff,4,4,END,-0.002184,
random_vocab_any,logit_diff,4,5,NOUN,0.000111,
random_vocab_any,logit_diff,4,5,XX1,0.000046,
random_vocab_any,logit_diff,4,5,YY,0.011247,
random_vocab_any,logit_diff,4,5,YY+1,0.000028,
random_vocab_any,logit_diff,4,5,END,0.011221,
random_vocab_any,logit_diff,4,6,NOUN,-0.000401,
random_vocab_any,logit_diff,4,6,XX1,-0.000951,
random_vocab_any,logit_diff,4,6,YY,-0.002677,
random_vocab_any,logit_diff,4,6,YY+1,0.000317,
random_vocab_any,logit_diff,4,6,END,-0.008241,
random_vocab_any,logit_diff,4,7,NOUN,-0.000185,
random_vocab_any,logit_diff,4,7,XX1,-0.000893,
random_vocab_any,logit_diff,4,7,YY,-0.021724,
random_vocab_any,logit_diff,4,7,YY+1,-0.005645,
random_vocab_any,logit_diff,4,7,END,-0.030661,
random_vocab_any,logit_diff,4,8,NOUN,-0.000025,
random_vocab_any,logit_diff,4,8,XX1,0.000393,
random_vocab_any,logit_diff,4,8,YY,0.002835,
random_vocab_any,logit_diff,4,8,YY+1,-0.001256,
random_vocab_any,logit_diff,4,8,END,-0.008484,
random_vocab_any,logit_diff,4,9,NOUN,-0.000036,
random_vocab_any,logit_diff,4,9,XX1,0.000699,
random_vocab_any,logit_diff,4,9,YY,0.003388,
random_vocab_any,logit_diff,4,9,YY+1,0.005822,
random_vocab_any,logit_diff,4,9,END,0.001377,
random_vocab_any,logit_diff,4,10,NOUN,0.000009,
random_vocab_any,logit_diff,4,10,XX1,0.000350,
random_vocab_any,logit_diff,4,10,YY,0.001008,
random_vocab_any,logit_diff,4,10,YY+1,0.000058,
random_vocab_any,logit_diff,4,10,END,0.000021,
random_vocab_any,logit_diff,4,11,NOUN,0.000260,
random_vocab_any,logit_diff,4,11,XX1,-0.001646,
random_vocab_any,logit_diff,4,11,YY,0.015508,
random_vocab_any,logit_diff,4,11,YY+1,-0.010450,
random_vocab_any,logit_diff,4,11,END,0.061294,
random_vocab_any,logit_diff,5,0,NOUN,0.000038,
random_vocab_any,logit_diff,5,0,XX1,0.000583,
random_vocab_any,logit_diff,5,0,YY,0.001010,
random_vocab_any,logit_diff,5,0,YY+1,0.001525,
random_vocab_any,logit_diff,5,0,END,-0.000466,
random_vocab_any,logit_diff,5,1,NOUN,0.000001,year head -> MLP 8
random_vocab_any,logit_diff,5,1,XX1,-0.000002,year head -> MLP 8
random_vocab_any,logit_diff,5,1,YY,-0.000006,year head -> MLP 8
random_vocab_any,logit_diff,5,1,YY+1,0.000030,year head -> MLP 8
random_vocab_any,logit_diff,5,1,END,0.009288,year head -> MLP 8
random_vocab_any,logit_diff,5,2,NOUN,0.000022,
random_vocab_any,logit_diff,5,2,XX1,-0.000537,
random_vocab_any,logit_diff,5,2,YY,0.003883,
random_vocab_any,logit_diff,5,2,YY+1,0.001616,
random_vocab_any,logit_diff,5,2,END,0.011780,
random_vocab_any,logit_diff,5,3,NOUN,0.000014,
random_vocab_any,logit_diff,5,3,XX1,-0.001236,
random_vocab_any,logit_diff,5,3,YY,-0.001233,
random_vocab_any,logit_diff,5,3,YY+1,-0.002612,
random_vocab_any,logit_diff,5,3,END,0.016699,
random_vocab_any,logit_diff,5,4,NOUN,0.000013,
random_vocab_any,logit_diff,5,4,XX1,-0.000359,
random_vocab_any,logit_diff,5,4,YY,0.002097,
random_vocab_any,logit_diff,5,4,YY+1,-0.001011,
random_vocab_any,logit_diff,5,4,END,-0.008121,
random_vocab_any,logit_diff,5,5,NOUN,0.000003,year head -> MLP 8
random_vocab_any,logit_diff,5,5,XX1,-0.000052,year head -> MLP 8
random_vocab_any,logit_diff,5,5,YY,-0.000014,year head -> MLP 8
random_vocab_any,logit_diff,5,5,YY+1,0.000406,year head -> MLP 8
random_vocab_any,logit_diff,5,5,END,0.007443,year head -> MLP 8
random_vocab_any,logit_diff,5,6,NOUN,0.000141,
random_vocab_any,logit_diff,5,6,XX1,-0.001290,
random_vocab_any,logit_diff,5,6,YY,0.001265,
random_vocab_any,logit_diff,5,6,YY+1,-0.001906,
random_vocab_any,logit_diff,5,6,END,0.022981,
random_vocab_any,logit_diff,5,7,NOUN,0.000015,
random_vocab_any,logit_diff,5,7,XX1,0.000000,
random_vocab_any,logit_diff,5,7,YY,0.002141,
random_vocab_any,logit_diff,5,7,YY+1,0.000508,
random_vocab_any,logit_diff,5,7,END,0.007925,
random_vocab_any,logit_diff,5,8,NOUN,0.000028,
random_vocab_any,logit_diff,5,8,XX1,0.001173,
random_vocab_any,logit_diff,5,8,YY,0.000696,
random_vocab_any,logit_diff,5,8,YY+1,-0.000464,
random_vocab_any,logit_diff,5,8,END,0.009891,
random_vocab_any,logit_diff,5,9,NOUN,-0.000046,
random_vocab_any,logit_diff,5,9,XX1,0.000601,
random_vocab_any,logit_diff,5,9,YY,0.000080,
random_vocab_any,logit_diff,5,9,YY+1,-0.000661,
random_vocab_any,logit_diff,5,9,END,0.001605,
random_vocab_any,logit_diff,5,10,NOUN,0.000041,
random_vocab_any,logit_diff,5,10,XX1,-0.001125,
random_vocab_any,logit_diff,5,10,YY,-0.000872,
random_vocab_any,logit_diff,5,10,YY+1,0.001579,
random_vocab_any,logit_diff,5,10,END,-0.001216,
random_vocab_any,logit_diff,5,11,NOUN,-0.000105,
random_vocab_any,logit_diff,5,11,XX1,0.000462,
random_vocab_any,logit_diff,5,11,YY,-0.000962,
random_vocab_any,logit_diff,5,11,YY+1,-0.001909,
random_vocab_any,logit_diff,5,11,END,-0.014479,
random_vocab_any,logit_diff,6,0,NOUN,0.000014,
random_vocab_any,logit_diff,6,0,XX1,0.000035,
random_vocab_any,logit_diff,6,0,YY,0.002182,
random_vocab_any,logit_diff,6,0,YY+1,0.000114,
random_vocab_any,logit_diff,6,0,END,-0.002314,
random_vocab_any,logit_diff,6,1,NOUN,0.000003,
random_vocab_any,logit_diff,6,1,XX1,0.000079,
random_vocab_any,logit_diff,6,1,YY,0.000409,
random_vocab_any,logit_diff,6,1,YY+1,0.001402,
random_vocab_any,logit_diff,6,1,END,-0.001755,
random_vocab_any,logit_diff,6,2,NOUN,0.000002,
random_vocab_any,logit_diff,6,2,XX1,0.000268,
random_vocab_any,logit_diff,6,2,YY,-0.000765,
random_vocab_any,logit_diff,6,2,YY+1,-0.000048,
random_vocab_any,logit_diff,6,2,END,0.001776,
random_vocab_any,logit_diff,6,3,NOUN,-0.000005,
random_vocab_any,logit_diff,6,3,XX1,-0.000004,
random_vocab_any,logit_diff,6,3,YY,-0.000249,
random_vocab_any,logit_diff,6,3,YY+1,0.001858,
random_vocab_any,logit_diff,6,3,END,0.002947,
random_vocab_any,logit_diff,6,4,NOUN,0.000011,
random_vocab_any,logit_diff,6,4,XX1,-0.000389,
random_vocab_any,logit_diff,6,4,YY,0.005227,
random_vocab_any,logit_diff,6,4,YY+1,0.000671,
random_vocab_any,logit_diff,6,4,END,-0.003131,
random_vocab_any,logit_diff,6,5,NOUN,0.000045,
random_vocab_any,logit_diff,6,5,XX1,0.000012,
random_vocab_any,logit_diff,6,5,YY,-0.002508,
random_vocab_any,logit_diff,6,5,YY+1,-0.001190,
random_vocab_any,logit_diff,6,5,END,-0.013212,
random_vocab_any,logit_diff,6,6,NOUN,0.000003,
random_vocab_any,logit_diff,6,6,XX1,0.000026,
random_vocab_any,logit_diff,6,6,YY,-0.000158,
random_vocab_any,logit_diff,6,6,YY+1,-0.000875,
random_vocab_any,logit_diff,6,6,END,-0.013092,
random_vocab_any,logit_diff,6,7,NOUN,-0.000045,
random_vocab_any,logit_diff,6,7,XX1,-0.000410,
random_vocab_any,logit_diff,6,7,YY,-0.000423,
random_vocab_any,logit_diff,6,7,YY+1,-0.002255,
random_vocab_any,logit_diff,6,7,END,0.009749,
random_vocab_any,logit_diff,6,8,NOUN,0.000029,
random_vocab_any,logit_diff,6,8,XX1,0.000153,
random_vocab_any,logit_diff,6,8,YY,0.000905,
random_vocab_any,logit_diff,6,8,YY+1,-0.002020,
random_vocab_any,logit_diff,6,8,END,0.033720,
random_vocab_any,logit_diff,6,9,NOUN,0.000008,year head -> MLP 8
random_vocab_any,logit_diff,6,9,XX1,-0.000029,year head -> MLP 8
random_vocab_any,logit_diff,6,9,YY,0.000052,year head -> MLP 8
random_vocab_any,logit_diff,6,9,YY+1,0.000179,year head -> MLP 8
random_vocab_any,logit_diff,6,9,END,-0.006484,year head -> MLP 8
random_vocab_any,logit_diff,6,10,NOUN,-0.000020,
random_vocab_any,logit_diff,6,10,XX1,0.000025,
random_vocab_any,logit_diff,6,10,YY,0.000169,
random_vocab_any,logit_diff,6,10,YY+1,-0.000274,
random_vocab_any,logit_diff,6,10,END,-0.000011,
random_vocab_any,logit_diff,6,11,NOUN,0.000042,
random_vocab_any,logit_diff,6,11,XX1,-0.000077,
random_vocab_any,logit_diff,6,11,YY,0.001438,
random_vocab_any,logit_diff,6,11,YY+1,0.001116,
random_vocab_any,logit_diff,6,11,END,0.032510,
random_vocab_any,logit_diff,7,0,NOUN,0.000014,
random_vocab_any,logit_diff,7,0,XX1,-0.000426,
random_vocab_any,logit_diff,7,0,YY,-0.002998,
random_vocab_any,logit_diff,7,0,YY+1,-0.000057,
random_vocab_any,logit_diff,7,0,END,0.025005,
random_vocab_any,logit_diff,7,1,NOUN,0.000002,
random_vocab_any,logit_diff,7,1,XX1,-0.000014,
random_vocab_any,logit_diff,7,1,YY,0.000050,
random_vocab_any,logit_diff,7,1,YY+1,0.000078,
random_vocab_any,logit_diff,7,1,END,0.002976,
random_vocab_any,logit_diff,7,2,NOUN,-0.000001,
random_vocab_any,logit_diff,7,2,XX1,-0.000009,
random_vocab_any,logit_diff,7,2,YY,0.000002,
random_vocab_any,logit_diff,7,2,YY+1,0.000015,
random_vocab_any,logit_diff,7,2,END,0.000133,
random_vocab_any,logit_diff,7,3,NOUN,0.000009,
random_vocab_any,logit_diff,7,3,XX1,-0.000028,
random_vocab_any,logit_diff,7,3,YY,0.001054,
random_vocab_any,logit_diff,7,3,YY+1,-0.000060,
random_vocab_any,logit_diff,7,3,END,0.006046,
random_vocab_any,logit_diff,7,4,NOUN,0.000013,
random_vocab_any,logit_diff,7,4,XX1,-0.000120,
random_vocab_any,logit_diff,7,4,YY,-0.002572,
random_vocab_any,logit_diff,7,4,YY+1,0.000349,
random_vocab_any,logit_diff,7,4,END,0.000054,
random_vocab_any,logit_diff,7,5,NOUN,-0.000003,
random_vocab_any,logit_diff,7,5,XX1,-0.000189,
random_vocab_any,logit_diff,7,5,YY,0.000304,
random_vocab_any,logit_diff,7,5,YY+1,0.000458,
random_vocab_any,logit_diff,7,5,END,-0.001032,
random_vocab_any,logit_diff,7,6,NOUN,-0.000007,
random_vocab_any,logit_diff,7,6,XX1,0.000007,
random_vocab_any,logit_diff,7,6,YY,-0.001575,
random_vocab_any,logit_diff,7,6,YY+1,0.000533,
random_vocab_any,logit_diff,7,6,END,0.023469,
random_vocab_any,logit_diff,7,7,NOUN,-0.000002,
random_vocab_any,logit_diff,7,7,XX1,0.000027,
random_vocab_any,logit_diff,7,7,YY,0.000070,
random_vocab_any,logit_diff,7,7,YY+1,0.001610,
random_vocab_any,logit_diff,7,7,END,0.000425,
random_vocab_any,logit_diff,7,8,NOUN,0.000001,
random_vocab_any,logit_diff,7,8,XX1,0.000023,
random_vocab_any,logit_diff,7,8,YY,-0.000126,
random_vocab_any,logit_diff,7,8,YY+1,0.000483,
random_vocab_any,logit_diff,7,8,END,0.014816,
random_vocab_any,logit_diff,7,9,NOUN,0.000002,
random_vocab_any,logit_diff,7,9,XX1,-0.000009,
random_vocab_any,logit_diff,7,9,YY,-0.000489,
random_vocab_any,logit_diff,7,9,YY+1,-0.000424,
random_vocab_any,logit_diff,7,9,END,0.001603,
random_vocab_any,logit_diff,7,10,NOUN,-0.000000,year head -> MLP 8
random_vocab_any,logit_diff,7,10,XX1,0.000012,year head -> MLP 8
random_vocab_any,logit_diff,7,10,YY,0.000070,year head -> MLP 8
random_vocab_any,logit_diff,7,10,YY+1,0.000414,year head -> MLP 8
random_vocab_any,logit_diff,7,10,END,0.000825,year head -> MLP 8
random_vocab_any,logit_diff,7,11,NOUN,0.000011,
random_vocab_any,logit_diff,7,11,XX1,0.000019,
random_vocab_any,logit_diff,7,11,YY,0.000969,
random_vocab_any,logit_diff,7,11,YY+1,0.000567,
random_vocab_any,logit_diff,7,11,END,-0.015336,
random_vocab_any,logit_diff,8,0,NOUN,0.000003,
random_vocab_any,logit_diff,8,0,XX1,-0.000057,
random_vocab_any,logit_diff,8,0,YY,-0.001565,
random_vocab_any,logit_diff,8,0,YY+1,-0.000029,
random_vocab_any,logit_diff,8,0,END,-0.000116,
random_vocab_any,logit_diff,8,1,NOUN,-0.000001,
random_vocab_any,logit_diff,8,1,XX1,-0.000028,
random_vocab_any,logit_diff,8,1,YY,-0.000532,
random_vocab_any,logit_diff,8,1,YY+1,-0.000203,
random_vocab_any,logit_diff,8,1,END,-0.007926,
random_vocab_any,logit_diff,8,2,NOUN,0.000008,
random_vocab_any,logit_diff,8,2,XX1,0.000382,
random_vocab_any,logit_diff,8,2,YY,0.002211,
random_vocab_any,logit_diff,8,2,YY+1,0.000134,
random_vocab_any,logit_diff,8,2,END,0.001842,
random_vocab_any,logit_diff,8,3,NOUN,-0.000001,
random_vocab_any,logit_diff,8,3,XX1,0.000008,
random_vocab_any,logit_diff,8,3,YY,0.000264,
random_vocab_any,logit_diff,8,3,YY+1,-0.000418,
random_vocab_any,logit_diff,8,3,END,-0.001097,
random_vocab_any,logit_diff,8,4,NOUN,0.000014,
random_vocab_any,logit_diff,8,4,XX1,0.000029,
random_vocab_any,logit_diff,8,4,YY,0.000930,
random_vocab_any,logit_diff,8,4,YY+1,0.000085,
random_vocab_any,logit_diff,8,4,END,0.002192,
random_vocab_any,logit_diff,8,5,NOUN,0.000006,
random_vocab_any,logit_diff,8,5,XX1,-0.000064,
random_vocab_any,logit_diff,8,5,YY,0.002310,
random_vocab_any,logit_diff,8,5,YY+1,-0.000089,
random_vocab_any,logit_diff,8,5,END,0.087345,
random_vocab_any,logit_diff,8,6,NOUN,0.000010,
random_vocab_any,logit_diff,8,6,XX1,-0.000047,
random_vocab_any,logit_diff,8,6,YY,0.000216,
random_vocab_any,logit_diff,8,6,YY+1,-0.000301,
random_vocab_any,logit_diff,8,6,END,-0.031946,
random_vocab_any,logit_diff,8,7,NOUN,0.000005,
random_vocab_any,logit_diff,8,7,XX1,0.000104,
random_vocab_any,logit_diff,8,7,YY,0.000350,
random_vocab_any,logit_diff,8,7,YY+1,0.000046,
random_vocab_any,logit_diff,8,7,END,0.012436,
random_vocab_any,logit_diff,8,8,NOUN,-0.000006,year head -> MLP 8
random_vocab_any,logit_diff,8,8,XX1,-0.000000,year head -> MLP 8
random_vocab_any,logit_diff,8,8,YY,0.000190,year head -> MLP 8
random_vocab_any,logit_diff,8,8,YY+1,-0.000525,year head -> MLP 8
random_vocab_any,logit_diff,8,8,END,0.000371,year head -> MLP 8
random_vocab_any,logit_diff,8,9,NOUN,-0.000001,
random_vocab_any,logit_diff,8,9,XX1,0.000067,
random_vocab_any,logit_diff,8,9,YY,-0.001240,
random_vocab_any,logit_diff,8,9,YY+1,-0.000143,
random_vocab_any,logit_diff,8,9,END,0.011087,
random_vocab_any,logit_diff,8,10,NOUN,-0.000004,
random_vocab_any,logit_diff,8,10,XX1,0.000102,
random_vocab_any,logit_diff,8,10,YY,0.000088,
random_vocab_any,logit_diff,8,10,YY+1,0.000223,
random_vocab_any,logit_diff,8,10,END,-0.010497,
random_vocab_any,logit_diff,8,11,NOUN,-0.000004,year head -> MLP 8
random_vocab_any,logit_diff,8,11,XX1,-0.000011,year head -> MLP 8
random_vocab_any,logit_diff,8,11,YY,-0.000155,year head -> MLP 8
random_vocab_any,logit_diff,8,11,YY+1,-0.000152,year head -> MLP 8
random_vocab_any,logit_diff,8,11,END,0.007399,year head -> MLP 8
random_vocab_any,logit_diff,9,0,NOUN,0.000003,
random_vocab_any,logit_diff,9,0,XX1,0.000162,
random_vocab_any,logit_diff,9,0,YY,0.000194,
random_vocab_any,logit_diff,9,0,YY+1,-0.000018,
random_vocab_any,logit_diff,9,0,END,-0.002335,
random_vocab_any,logit_diff,9,1,NOUN,0.000001,year head -> MLP 9
random_vocab_any,logit_diff,9,1,XX1,-0.000014,year head -> MLP 9
random_vocab_any,logit_diff,9,1,YY,0.000031,year head -> MLP 9
random_vocab_any,logit_diff,9,1,YY+1,-0.000236,year head -> MLP 9
random_vocab_any,logit_diff,9,1,END,0.040578,year head -> MLP 9
random_vocab_any,logit_diff,9,2,NOUN,-0.000000,
random_vocab_any,logit_diff,9,2,XX1,0.000023,
random_vocab_any,logit_diff,9,2,YY,0.000005,
random_vocab_any,logit_diff,9,2,YY+1,0.000002,
random_vocab_any,logit_diff,9,2,END,0.000461,
random_vocab_any,logit_diff,9,3,NOUN,0.000004,
random_vocab_any,logit_diff,9,3,XX1,-0.000115,
random_vocab_any,logit_diff,9,3,YY,0.000109,
random_vocab_any,logit_diff,9,3,YY+1,0.000022,
random_vocab_any,logit_diff,9,3,END,0.009996,
random_vocab_any,logit_diff,9,4,NOUN,0.000000,
random_vocab_any,logit_diff,9,4,XX1,-0.000142,
random_vocab_any,logit_diff,9,4,YY,-0.000133,
random_vocab_any,logit_diff,9,4,YY+1,0.000126,
random_vocab_any,logit_diff,9,4,END,0.000299,
random_vocab_any,logit_diff,9,5,NOUN,0.000000,
random_vocab_any,logit_diff,9,5,XX1,0.000177,
random_vocab_any,logit_diff,9,5,YY,0.000132,
random_vocab_any,logit_diff,9,5,YY+1,0.000013,
random_vocab_any,logit_diff,9,5,END,0.003363,
random_vocab_any,logit_diff,9,6,NOUN,0.000001,
random_vocab_any,logit_diff,9,6,XX1,0.000057,
random_vocab_any,logit_diff,9,6,YY,0.000068,
random_vocab_any,logit_diff,9,6,YY+1,0.000044,
random_vocab_any,logit_diff,9,6,END,-0.003035,
random_vocab_any,logit_diff,9,7,NOUN,0.000003,
random_vocab_any,logit_diff,9,7,XX1,-0.000057,
random_vocab_any,logit_diff,9,7,YY,0.000156,
random_vocab_any,logit_diff,9,7,YY+1,0.000023,
random_vocab_any,logit_diff,9,7,END,0.000533,
random_vocab_any,logit_diff,9,8,NOUN,-0.000000,
random_vocab_any,logit_diff,9,8,XX1,0.000110,
random_vocab_any,logit_diff,9,8,YY,0.000152,
random_vocab_any,logit_diff,9,8,YY+1,-0.000006,
random_vocab_any,logit_diff,9,8,END,0.003213,
random_vocab_any,logit_diff,9,9,NOUN,0.000000,
random_vocab_any,logit_diff,9,9,XX1,0.000001,
random_vocab_any,logit_diff,9,9,YY,-0.000001,
random_vocab_any,logit_diff,9,9,YY+1,-0.000199,
random_vocab_any,logit_diff,9,9,END,0.013539,
random_vocab_any,logit_diff,9,10,NOUN,-0.000000,
random_vocab_any,logit_diff,9,10,XX1,-0.000026,
random_vocab_any,logit_diff,9,10,YY,0.000188,
random_vocab_any,logit_diff,9,10,YY+1,0.000029,
random_vocab_any,logit_diff,9,10,END,-0.004394,
random_vocab_any,logit_diff,9,11,NOUN,0.000000,
random_vocab_any,logit_diff,9,11,XX1,-0.000008,
random_vocab_any,logit_diff,9,11,YY,0.000135,
random_vocab_any,logit_diff,9,11,YY+1,0.000075,
random_vocab_any,logit_diff,9,11,END,0.000145,
random_vocab_any,logit_diff,10,0,NOUN,-0.000001,
random_vocab_any,logit_diff,10,0,XX1,0.000030,
random_vocab_any,logit_diff,10,0,YY,0.000005,
random_vocab_any,logit_diff,10,0,YY+1,-0.000020,
random_vocab_any,logit_diff,10,0,END,-0.000804,
random_vocab_any,logit_diff,10,1,NOUN,-0.000002,
random_vocab_any,logit_diff,10,1,XX1,-0.000019,
random_vocab_any,logit_diff,10,1,YY,0.000008,
random_vocab_any,logit_diff,10,1,YY+1,0.000032,
random_vocab_any,logit_diff,10,1,END,0.004017,
random_vocab_any,logit_diff,10,2,NOUN,0.000001,
random_vocab_any,logit_diff,10,2,XX1,0.000030,
random_vocab_any,logit_diff,10,2,YY,0.000038,
random_vocab_any,logit_diff,10,2,YY+1,-0.000439,
random_vocab_any,logit_diff,10,2,END,0.004058,
random_vocab_any,logit_diff,10,3,NOUN,0.000001,
random_vocab_any,logit_diff,10,3,XX1,0.000024,
random_vocab_any,logit_diff,10,3,YY,0.000025,
random_vocab_any,logit_diff,10,3,YY+1,-0.000003,
random_vocab_any,logit_diff,10,3,END,0.000105,
random_vocab_any,logit_diff,10,4,NOUN,0.000002,
random_vocab_any,logit_diff,10,4,XX1,-0.000049,
random_vocab_any,logit_diff,10,4,YY,0.000009,
random_vocab_any,logit_diff,10,4,YY+1,-0.000015,
random_vocab_any,logit_diff,10,4,END,0.003612,
random_vocab_any,logit_diff,10,5,NOUN,0.000007,
random_vocab_any,logit_diff,10,5,XX1,-0.000038,
random_vocab_any,logit_diff,10,5,YY,0.000219,
random_vocab_any,logit_diff,10,5,YY+1,-0.000032,
random_vocab_any,logit_diff,10,5,END,-0.000341,
random_vocab_any,logit_diff,10,6,NOUN,0.000001,
random_vocab_any,logit_diff,10,6,XX1,0.000009,
random_vocab_any,logit_diff,10,6,YY,-0.000010,
random_vocab_any,logit_diff,10,6,YY+1,-0.000008,
random_vocab_any,logit_diff,10,6,END,0.001576,
random_vocab_any,logit_diff,10,7,NOUN,0.000004,
random_vocab_any,logit_diff,10,7,XX1,-0.000032,
random_vocab_any,logit_diff,10,7,YY,-0.000001,
random_vocab_any,logit_diff,10,7,YY+1,0.000173,
random_vocab_any,logit_diff,10,7,END,-0.005923,
random_vocab_any,logit_diff,10,8,NOUN,0.000002,
random_vocab_any,logit_diff,10,8,XX1,0.000016,
random_vocab_any,logit_diff,10,8,YY,0.000008,
random_vocab_any,logit_diff,10,8,YY+1,-0.000068,
random_vocab_any,logit_diff,10,8,END,-0.000302,
random_vocab_any,logit_diff,10,9,NOUN,0.000001,
random_vocab_any,logit_diff,10,9,XX1,0.000034,
random_vocab_any,logit_diff,10,9,YY,-0.000007,
random_vocab_any,logit_diff,10,9,YY+1,-0.000016,
random_vocab_any,logit_diff,10,9,END,0.000643,
random_vocab_any,logit_diff,10,10,NOUN,0.000001,
random_vocab_any,logit_diff,10,10,XX1,-0.000015,
random_vocab_any,logit_diff,10,10,YY,-0.000022,
random_vocab_any,logit_diff,10,10,YY+1,-0.000019,
random_vocab_any,logit_diff,10,10,END,0.003674,
random_vocab_any,logit_diff,10,11,NOUN,-0.000002,
random_vocab_any,logit_diff,10,11,XX1,-0.000081,
random_vocab_any,logit_diff,10,11,YY,-0.000077,
random_vocab_any,logit_diff,10,11,YY+1,-0.000023,
random_vocab_any,logit_diff,10,11,END,-0.002067,
random_vocab_any,logit_diff,11,0,NOUN,0.000000,
random_vocab_any,logit_diff,11,0,XX1,0.000000,
random_vocab_any,logit_diff,11,0,YY,0.000000,
random_vocab_any,logit_diff,11,0,YY+1,0.000000,
random_vocab_any,logit_diff,11,0,END,-0.002711,
random_vocab_any,logit_diff,11,1,NOUN,0.000000,
random_vocab_any,logit_diff,11,1,XX1,0.000000,
random_vocab_any,logit_diff,11,1,YY,0.000000,
random_vocab_any,logit_diff,11,1,YY+1,0.000000,
random_vocab_any,logit_diff,11,1,END,-0.000452,
random_vocab_any,logit_diff,11,2,NOUN,0.000000,
random_vocab_any,logit_diff,11,2,XX1,0.000000,
random_vocab_any,logit_diff,11,2,YY,0.000000,
random_vocab_any,logit_diff,11,2,YY+1,0.000000,
random_vocab_any,logit_diff,11,2,END,0.000840,
random_vocab_any,logit_diff,11,3,NOUN,0.000000,
random_vocab_any,logit_diff,11,3,XX1,0.000000,
random_vocab_any,logit_diff,11,3,YY,0.000000,
random_vocab_any,logit_diff,11,3,YY+1,0.000000,
random_vocab_any,logit_diff,11,3,END,-0.000238,
random_vocab_any,logit_diff,11,4,NOUN,0.000000,
random_vocab_any,logit_diff,11,4,XX1,0.000000,
random_vocab_any,logit_diff,11,4,YY,0.000000,
random_vocab_any,logit_diff,11,4,YY+1,0.000000,
random_vocab_any,logit_diff,11,4,END,-0.000465,
random_vocab_any,logit_diff,11,5,NOUN,0.000000,
random_vocab_any,logit_diff,11,5,XX1,0.000000,
random_vocab_any,logit_diff,11,5,YY,0.000000,
random_vocab_any,logit_diff,11,5,YY+1,0.000000,
random_vocab_any,logit_diff,11,5,END,-0.000832,
random_vocab_any,logit_diff,11,6,NOUN,0.000000,
random_vocab_any,logit_diff,11,6,XX1,0.000000,
random_vocab_any,logit_diff,11,6,YY,0.000000,
random_vocab_any,logit_diff,11,6,YY+1,0.000000,
random_vocab_any,logit_diff,11,6,END,0.000812,
random_vocab_any,logit_diff,11,7,NOUN,0.000000,
random_vocab_any,logit_diff,11,7,XX1,0.000000,
random_vocab_any,logit_diff,11,7,YY,0.000000,
random_vocab_any,logit_diff,11,7,YY+1,0.000000,
random_vocab_any,logit_diff,11,7,END,-0.000488,
random_vocab_any,logit_diff,11,8,NOUN,0.000000,
random_vocab_any,logit_diff,11,8,XX1,0.000000,
random_vocab_any,logit_diff,11,8,YY,0.000000,
random_vocab_any,logit_diff,11,8,YY+1,0.000000,
random_vocab_any,logit_diff,11,8,END,0.002137,
random_vocab_any,logit_diff,11,9,NOUN,0.000000,
random_vocab_any,logit_diff,11,9,XX1,0.000000,
random_vocab_any,logit_diff,11,9,YY,0.000000,
random_vocab_any,logit_diff,11,9,YY+1,0.000000,
random_vocab_any,logit_diff,11,9,END,0.000756,
random_vocab_any,logit_diff,11,10,NOUN,0.000000,
random_vocab_any,logit_diff,11,10,XX1,0.000000,
random_vocab_any,logit_diff,11,10,YY,0.000000,
random_vocab_any,logit_diff,11,10,YY+1,0.000000,
random_vocab_any,logit_diff,11,10,END,0.002545,
random_vocab_any,logit_diff,11,11,NOUN,0.000000,
random_vocab_any,logit_diff,11,11,XX1,0.000000,
random_vocab_any,logit_diff,11,11,YY,0.000000,
random_vocab_any,logit_diff,11,11,YY+1,0.000000,
random_vocab_any,logit_diff,11,11,END,-0.000638,
random_vocab_any,kl,0,0,NOUN,0.000053,
random_vocab_any,kl,0,0,XX1,-0.000033,
random_vocab_any,kl,0,0,YY,0.000502,
random_vocab_any,kl,0,0,YY+1,-0.000068,
random_vocab_any,kl,0,0,END,0.002297,
random_vocab_any,kl,0,1,NOUN,0.000027,
random_vocab_any,kl,0,1,XX1,0.000941,
random_vocab_any,kl,0,1,YY,0.011504,
random_vocab_any,kl,0,1,YY+1,-0.003402,
random_vocab_any,kl,0,1,END,0.009184,
random_vocab_any,kl,0,2,NOUN,-0.000011,
random_vocab_any,kl,0,2,XX1,0.000463,
random_vocab_any,kl,0,2,YY,-0.000688,
random_vocab_any,kl,0,2,YY+1,-0.000088,
random_vocab_any,kl,0,2,END,-0.000734,
random_vocab_any,kl,0,3,NOUN,0.000042,
random_vocab_any,kl,0,3,XX1,0.001259,
random_vocab_any,kl,0,3,YY,-0.001366,
random_vocab_any,kl,0,3,YY+1,-0.000166,
random_vocab_any,kl,0,3,END,-0.004581,
random_vocab_any,kl,0,4,NOUN,0.000005,
random_vocab_any,kl,0,4,XX1,-0.000589,
random_vocab_any,kl,0,4,YY,-0.002802,
random_vocab_any,kl,0,4,YY+1,-0.000750,
random_vocab_any,kl,0,4,END,-0.002627,
random_vocab_any,kl,0,5,NOUN,0.000038,
random_vocab_any,kl,0,5,XX1,0.000369,
random_vocab_any,kl,0,5,YY,0.002201,
random_vocab_any,kl,0,5,YY+1,0.000329,
random_vocab_any,kl,0,5,END,0.003627,
random_vocab_any,kl,0,6,NOUN,0.000016,
random_vocab_any,kl,0,6,XX1,0.000257,
random_vocab_any,kl,0,6,YY,-0.000460,
random_vocab_any,kl,0,6,YY+1,-0.002039,
random_vocab_any,kl,0,6,END,-0.000337,
random_vocab_any,kl,0,7,NOUN,0.000144,
random_vocab_any,kl,0,7,XX1,-0.000741,
random_vocab_any,kl,0,7,YY,0.003891,
random_vocab_any,kl,0,7,YY+1,-0.000537,
random_vocab_any,kl,0,7,END,0.004087,
random_vocab_any,kl,0,8,NOUN,0.000015,
random_vocab_any,kl,0,8,XX1,0.000099,
random_vocab_any,kl,0,8,YY,0.001406,
random_vocab_any,kl,0,8,YY+1,-0.001494,
random_vocab_any,kl,0,8,END,-0.002293,
random_vocab_any,kl,0,9,NOUN,-0.000083,
random_vocab_any,kl,0,9,XX1,0.000386,
random_vocab_any,kl,0,9,YY,0.000382,
random_vocab_any,kl,0,9,YY+1,0.000495,
random_vocab_any,kl,0,9,END,-0.001135,
random_vocab_any,kl,0,10,NOUN,0.000052,
random_vocab_any,kl,0,10,XX1,-0.001312,
random_vocab_any,kl,0,10,YY,-0.001496,
random_vocab_any,kl,0,10,YY+1,-0.000176,
random_vocab_any,kl,0,10,END,0.001128,
random_vocab_any,kl,0,11,NOUN,0.000008,
random_vocab_any,kl,0,11,XX1,0.000137,
random_vocab_any,kl,0,11,YY,0.000557,
random_vocab_any,kl,0,11,YY+1,0.000134,
random_vocab_any,kl,0,11,END,-0.000313,
random_vocab_any,kl,1,0,NOUN,0.000072,
random_vocab_any,kl,1,0,XX1,-0.000373,
random_vocab_any,kl,1,0,YY,0.008892,
random_vocab_any,kl,1,0,YY+1,-0.000445,
random_vocab_any,kl,1,0,END,0.000336,
random_vocab_any,kl,1,1,NOUN,0.000087,
random_vocab_any,kl,1,1,XX1,-0.000493,
random_vocab_any,kl,1,1,YY,-0.000722,
random_vocab_any,kl,1,1,YY+1,-0.000140,
random_vocab_any,kl,1,1,END,0.000379,
random_vocab_any,kl,1,2,NOUN,-0.000002,
random_vocab_any,kl,1,2,XX1,-0.000102,
random_vocab_any,kl,1,2,YY,0.000289,
random_vocab_any,kl,1,2,YY+1,0.000132,
random_vocab_any,kl,1,2,END,-0.000056,
random_vocab_any,kl,1,3,NOUN,0.000014,
random_vocab_any,kl,1,3,XX1,0.000080,
random_vocab_any,kl,1,3,YY,0.000509,
random_vocab_any,kl,1,3,YY+1,0.000191,
random_vocab_any,kl,1,3,END,-0.000029,
random_vocab_any,kl,1,4,NOUN,-0.000000,
random_vocab_any,kl,1,4,XX1,0.000082,
random_vocab_any,kl,1,4,YY,-0.000471,
random_vocab_any,kl,1,4,YY+1,0.000657,
random_vocab_any,kl,1,4,END,-0.000128,
random_vocab_any,kl,1,5,NOUN,-0.000020,
random_vocab_any,kl,1,5,XX1,0.000046,
random_vocab_any,kl,1,5,YY,0.000499,
random_vocab_any,kl,1,5,YY+1,-0.000828,
random_vocab_any,kl,1,5,END,0.004797,
random_vocab_any,kl,1,6,NOUN,0.000017,
random_vocab_any,kl,1,6,XX1,0.000117,
random_vocab_any,kl,1,6,YY,0.000290,
random_vocab_any,kl,1,6,YY+1,0.000184,
random_vocab_any,kl,1,6,END,0.004036,
random_vocab_any,kl,1,7,NOUN,0.000026,
random_vocab_any,kl,1,7,XX1,-0.000125,
random_vocab_any,kl,1,7,YY,-0.001778,
random_vocab_any,kl,1,7,YY+1,-0.000652,
random_vocab_any,kl,1,7,END,0.003475,
random_vocab_any,kl,1,8,NOUN,0.000001,
random_vocab_any,kl,1,8,XX1,-0.000006,
random_vocab_any,kl,1,8,YY,0.000220,
random_vocab_any,kl,1,8,YY+1,0.000177,
random_vocab_any,kl,1,8,END,-0.000344,
random_vocab_any,kl,1,9,NOUN,0.000000,
random_vocab_any,kl,1,9,XX1,-0.000021,
random_vocab_any,kl,1,9,YY,0.000182,
random_vocab_any,kl,1,9,YY+1,0.000183,
random_vocab_any,kl,1,9,END,0.001583,
random_vocab_any,kl,1,10,NOUN,-0.000004,
random_vocab_any,kl,1,10,XX1,-0.000012,
random_vocab_any,kl,1,10,YY,0.000490,
random_vocab_any,kl,1,10,YY+1,0.001596,
random_vocab_any,kl,1,10,END,0.000083,
random_vocab_any,kl,1,11,NOUN,-0.000012,
random_vocab_any,kl,1,11,XX1,0.001005,
random_vocab_any,kl,1,11,YY,0.001205,
random_vocab_any,kl,1,11,YY+1,0.001281,
random_vocab_any,kl,1,11,END,-0.000517,
random_vocab_any,kl,2,0,NOUN,0.000034,
random_vocab_any,kl,2,0,XX1,0.000395,
random_vocab_any,kl,2,0,YY,0.000372,
random_vocab_any,kl,2,0,YY+1,0.000324,
random_vocab_any,kl,2,0,END,-0.002229,
random_vocab_any,kl,2,1,NOUN,0.000026,
random_vocab_any,kl,2,1,XX1,0.000137,
random_vocab_any,kl,2,1,YY,-0.000720,
random_vocab_any,kl,2,1,YY+1,0.002271,
random_vocab_any,kl,2,1,END,0.016339,
random_vocab_any,kl,2,2,NOUN,0.000008,
random_vocab_any,kl,2,2,XX1,-0.000107,
random_vocab_any,kl,2,2,YY,0.006321,
random_vocab_any,kl,2,2,YY+1,0.003456,
random_vocab_any,kl,2,2,END,0.000160,
random_vocab_any,kl,2,3,NOUN,0.000100,
random_vocab_any,kl,2,3,XX1,-0.000042,
random_vocab_any,kl,2,3,YY,-0.000484,
random_vocab_any,kl,2,3,YY+1,-0.000808,
random_vocab_any,kl,2,3,END,-0.000749,
random_vocab_any,kl,2,4,NOUN,-0.000021,
random_vocab_any,kl,2,4,XX1,0.000364,
random_vocab_any,kl,2,4,YY,0.005631,
random_vocab_any,kl,2,4,YY+1,0.002037,
random_vocab_any,kl,2,4,END,0.003323,
random_vocab_any,kl,2,5,NOUN,0.000042,
random_vocab_any,kl,2,5,XX1,0.000293,
random_vocab_any,kl,2,5,YY,0.000587,
random_vocab_any,kl,2,5,YY+1,0.000398,
random_vocab_any,kl,2,5,END,0.001307,
random_vocab_any,kl,2,6,NOUN,0.000019,
random_vocab_any,kl,2,6,XX1,-0.000128,
random_vocab_any,kl,2,6,YY,-0.001241,
random_vocab_any,kl,2,6,YY+1,-0.000243,
random_vocab_any,kl,2,6,END,-0.000076,
random_vocab_any,kl,2,7,NOUN,-0.000020,
random_vocab_any,kl,2,7,XX1,0.000099,
random_vocab_any,kl,2,7,YY,0.001516,
random_vocab_any,kl,2,7,YY+1,0.000836,
random_vocab_any,kl,2,7,END,-0.002210,
random_vocab_any,kl,2,8,NOUN,0.000043,
random_vocab_any,kl,2,8,XX1,0.000119,
random_vocab_any,kl,2,8,YY,0.001726,
random_vocab_any,kl,2,8,YY+1,0.000102,
random_vocab_any,kl,2,8,END,-0.001195,
random_vocab_any,kl,2,9,NOUN,0.000019,
random_vocab_any,kl,2,9,XX1,-0.000030,
random_vocab_any,kl,2,9,YY,0.001656,
random_vocab_any,kl,2,9,YY+1,0.008667,
random_vocab_any,kl,2,9,END,0.001133,
random_vocab_any,kl,2,10,NOUN,-0.000017,
random_vocab_any,kl,2,10,XX1,0.000372,
random_vocab_any,kl,2,10,YY,0.001809,
random_vocab_any,kl,2,10,YY+1,-0.001746,
random_vocab_any,kl,2,10,END,0.006215,
random_vocab_any,kl,2,11,NOUN,-0.000013,
random_vocab_any,kl,2,11,XX1,0.000103,
random_vocab_any,kl,2,11,YY,-0.000847,
random_vocab_any,kl,2,11,YY+1,-0.000547,
random_vocab_any,kl,2,11,END,0.000706,
random_vocab_any,kl,3,0,NOUN,0.000001,
random_vocab_any,kl,3,0,XX1,0.000216,
random_vocab_any,kl,3,0,YY,0.000377,
random_vocab_any,kl,3,0,YY+1,-0.000071,
random_vocab_any,kl,3,0,END,0.006539,
random_vocab_any,kl,3,1,NOUN,0.000012,
random_vocab_any,kl,3,1,XX1,0.000201,
random_vocab_any,kl,3,1,YY,0.000067,
random_vocab_any,kl,3,1,YY+1,-0.000502,
random_vocab_any,kl,3,1,END,0.001681,
random_vocab_any,kl,3,2,NOUN,0.000098,
random_vocab_any,kl,3,2,XX1,-0.000042,
random_vocab_any,kl,3,2,YY,0.000293,
random_vocab_any,kl,3,2,YY+1,0.003576,
random_vocab_any,kl,3,2,END,0.006728,
random_vocab_any,kl,3,3,NOUN,0.000008,
random_vocab_any,kl,3,3,XX1,0.001119,
random_vocab_any,kl,3,3,YY,0.013168,
random_vocab_any,kl,3,3,YY+1,0.005510,
random_vocab_any,kl,3,3,END,0.013362,
random_vocab_any,kl,3,4,NOUN,-0.000000,
random_vocab_any,kl,3,4,XX1,-0.000129,
random_vocab_any,kl,3,4,YY,-0.001883,
random_vocab_any,kl,3,4,YY+1,-0.000015,
random_vocab_any,kl,3,4,END,-0.005524,
random_vocab_any,kl,3,5,NOUN,-0.000000,
random_vocab_any,kl,3,5,XX1,-0.000055,
random_vocab_any,kl,3,5,YY,0.000885,
random_vocab_any,kl,3,5,YY+1,0.000159,
random_vocab_any,kl,3,5,END,0.000034,
random_vocab_any,kl,3,6,NOUN,0.000021,
random_vocab_any,kl,3,6,XX1,-0.000210,
random_vocab_any,kl,3,6,YY,0.000687,
random_vocab_any,kl,3,6,YY+1,0.006332,
random_vocab_any,kl,3,6,END,0.000562,
random_vocab_any,kl,3,7,NOUN,0.000001,
random_vocab_any,kl,3,7,XX1,-0.000099,
random_vocab_any,kl,3,7,YY,0.005719,
random_vocab_any,kl,3,7,YY+1,0.018501,
random_vocab_any,kl,3,7,END,-0.000595,
random_vocab_any,kl,3,8,NOUN,-0.000032,
random_vocab_any,kl,3,8,XX1,0.000604,
random_vocab_any,kl,3,8,YY,-0.001152,
random_vocab_any,kl,3,8,YY+1,-0.001009,
random_vocab_any,kl,3,8,END,0.001028,
random_vocab_any,kl,3,9,NOUN,0.000028,
random_vocab_any,kl,3,9,XX1,0.000229,
random_vocab_any,kl,3,9,YY,-0.000343,
random_vocab_any,kl,3,9,YY+1,-0.000813,
random_vocab_any,kl,3,9,END,0.001552,
random_vocab_any,kl,3,10,NOUN,-0.000047,
random_vocab_any,kl,3,10,XX1,0.000359,
random_vocab_any,kl,3,10,YY,-0.000496,
random_vocab_any,kl,3,10,YY+1,-0.001986,
random_vocab_any,kl,3,10,END,-0.004369,
random_vocab_any,kl,3,11,NOUN,0.000013,
random_vocab_any,kl,3,11,XX1,0.000042,
random_vocab_any,kl,3,11,YY,-0.000792,
random_vocab_any,kl,3,11,YY+1,0.000751,
random_vocab_any,kl,3,11,END,-0.000133,
random_vocab_any,kl,4,0,NOUN,0.000020,
random_vocab_any,kl,4,0,XX1,-0.000122,
random_vocab_any,kl,4,0,YY,-0.000273,
random_vocab_any,kl,4,0,YY+1,-0.000869,
random_vocab_any,kl,4,0,END,0.004329,
random_vocab_any,kl,4,1,NOUN,0.000013,
random_vocab_any,kl,4,1,XX1,0.001760,
random_vocab_any,kl,4,1,YY,0.002997,
random_vocab_any,kl,4,1,YY+1,0.000757,
random_vocab_any,kl,4,1,END,-0.001264,
random_vocab_any,kl,4,2,NOUN,0.000011,
random_vocab_any,kl,4,2,XX1,-0.000006,
random_vocab_any,kl,4,2,YY,-0.001399,
random_vocab_any,kl,4,2,YY+1,-0.000160,
random_vocab_any,kl,4,2,END,-0.000202,
random_vocab_any,kl,4,3,NOUN,0.000018,
random_vocab_any,kl,4,3,XX1,0.001329,
random_vocab_any,kl,4,3,YY,0.001644,
random_vocab_any,kl,4,3,YY+1,0.004336,
random_vocab_any,kl,4,3,END,0.000702,
random_vocab_any,kl,4,4,NOUN,-0.000009,
random_vocab_any,kl,4,4,XX1,0.000338,
random_vocab_any,kl,4,4,YY,0.001762,
random_vocab_any,kl,4,4,YY+1,-0.002754,
random_vocab_any,kl,4,4,END,0.000488,
random_vocab_any,kl,4,5,NOUN,0.000014,
random_vocab_any,kl,4,5,XX1,-0.001354,
random_vocab_any,kl,4,5,YY,-0.000833,
random_vocab_any,kl,4,5,YY+1,0.000443,
random_vocab_any,kl,4,5,END,0.008640,
random_vocab_any,kl,4,6,NOUN,-0.000027,
random_vocab_any,kl,4,6,XX1,-0.000726,
random_vocab_any,kl,4,6,YY,0.002430,
random_vocab_any,kl,4,6,YY+1,0.000512,
random_vocab_any,kl,4,6,END,-0.002039,
random_vocab_any,kl,4,7,NOUN,-0.000018,
random_vocab_any,kl,4,7,XX1,-0.002027,
random_vocab_any,kl,4,7,YY,-0.002149,
random_vocab_any,kl,4,7,YY+1,-0.004365,
random_vocab_any,kl,4,7,END,-0.013769,
random_vocab_any,kl,4,8,NOUN,-0.000000,
random_vocab_any,kl,4,8,XX1,-0.000024,
random_vocab_any,kl,4,8,YY,0.000885,
random_vocab_any,kl,4,8,YY+1,0.000594,
random_vocab_any,kl,4,8,END,0.015013,
random_vocab_any,kl,4,9,NOUN,0.000003,
random_vocab_any,kl,4,9,XX1,0.000036,
random_vocab_any,kl,4,9,YY,0.000304,
random_vocab_any,kl,4,9,YY+1,-0.000937,
random_vocab_any,kl,4,9,END,0.001642,
random_vocab_any,kl,4,10,NOUN,0.000002,
random_vocab_any,kl,4,10,XX1,-0.000204,
random_vocab_any,kl,4,10,YY,-0.004920,
random_vocab_any,kl,4,10,YY+1,-0.000628,
random_vocab_any,kl,4,10,END,0.002512,
random_vocab_any,kl,4,11,NOUN,0.000071,
random_vocab_any,kl,4,11,XX1,0.000678,
random_vocab_any,kl,4,11,YY,0.010172,
random_vocab_any,kl,4,11,YY+1,0.043017,
random_vocab_any,kl,4,11,END,0.010872,
random_vocab_any,kl,5,0,NOUN,0.000001,
random_vocab_any,kl,5,0,XX1,0.000031,
random_vocab_any,kl,5,0,YY,-0.000239,
random_vocab_any,kl,5,0,YY+1,0.000426,
random_vocab_any,kl,5,0,END,0.166486,
random_vocab_any,kl,5,1,NOUN,0.000001,year head -> MLP 8
random_vocab_any,kl,5,1,XX1,-0.000006,year head -> MLP 8
random_vocab_any,kl,5,1,YY,0.000000,year head -> MLP 8
random_vocab_any,kl,5,1,YY+1,-0.000023,year head -> MLP 8
random_vocab_any,kl,5,1,END,0.062101,year head -> MLP 8
random_vocab_any,kl,5,2,NOUN,0.000004,
random_vocab_any,kl,5,2,XX1,0.000857,
random_vocab_any,kl,5,2,YY,-0.000166,
random_vocab_any,kl,5,2,YY+1,0.005481,
random_vocab_any,kl,5,2,END,0.007772,
random_vocab_any,kl,5,3,NOUN,0.000017,
random_vocab_any,kl,5,3,XX1,0.000043,
random_vocab_any,kl,5,3,YY,-0.001378,
random_vocab_any,kl,5,3,YY+1,-0.000422,
random_vocab_any,kl,5,3,END,0.001615,
random_vocab_any,kl,5,4,NOUN,0.000014,
random_vocab_any,kl,5,4,XX1,-0.000596,
random_vocab_any,kl,5,4,YY,-0.003646,
random_vocab_any,kl,5,4,YY+1,0.002075,
random_vocab_any,kl,5,4,END,0.007518,
random_vocab_any,kl,5,5,NOUN,-0.000001,year head -> MLP 8
random_vocab_any,kl,5,5,XX1,0.000027,year head -> MLP 8
random_vocab_any,kl,5,5,YY,0.000043,year head -> MLP 8
random_vocab_any,kl,5,5,YY+1,0.000042,year head -> MLP 8
random_vocab_any,kl,5,5,END,0.154373,year head -> MLP 8
random_vocab_any,kl,5,6,NOUN,0.000012,
random_vocab_any,kl,5,6,XX1,-0.000187,
random_vocab_any,kl,5,6,YY,0.004196,
random_vocab_any,kl,5,6,YY+1,0.017522,
random_vocab_any,kl,5,6,END,0.003293,
random_vocab_any,kl,5,7,NOUN,-0.000001,
random_vocab_any,kl,5,7,XX1,0.001080,
random_vocab_any,kl,5,7,YY,0.002409,
random_vocab_any,kl,5,7,YY+1,0.000632,
random_vocab_any,kl,5,7,END,0.016768,
random_vocab_any,kl,5,8,NOUN,0.000002,
random_vocab_any,kl,5,8,XX1,0.000035,
random_vocab_any,kl,5,8,YY,-0.000751,
random_vocab_any,kl,5,8,YY+1,-0.001501,
random_vocab_any,kl,5,8,END,0.000882,
random_vocab_any,kl,5,9,NOUN,-0.000003,
random_vocab_any,kl,5,9,XX1,-0.000151,
random_vocab_any,kl,5,9,YY,-0.000009,
random_vocab_any,kl,5,9,YY+1,-0.001360,
random_vocab_any,kl,5,9,END,-0.048854,
random_vocab_any,kl,5,10,NOUN,0.000008,
random_vocab_any,kl,5,10,XX1,-0.000016,
random_vocab_any,kl,5,10,YY,0.001249,
random_vocab_any,kl,5,10,YY+1,0.001751,
random_vocab_any,kl,5,10,END,0.004312,
random_vocab_any,kl,5,11,NOUN,-0.000009,
random_vocab_any,kl,5,11,XX1,-0.000033,
random_vocab_any,kl,5,11,YY,-0.002505,
random_vocab_any,kl,5,11,YY+1,-0.003764,
random_vocab_any,kl,5,11,END,-0.005981,
random_vocab_any,kl,6,0,NOUN,0.000000,
random_vocab_any,kl,6,0,XX1,-0.000234,
random_vocab_any,kl,6,0,YY,0.001617,
random_vocab_any,kl,6,0,YY+1,0.001833,
random_vocab_any,kl,6,0,END,0.019218,
random_vocab_any,kl,6,1,NOUN,0.000001,
random_vocab_any,kl,6,1,XX1,-0.000051,
random_vocab_any,kl,6,1,YY,-0.000120,
random_vocab_any,kl,6,1,YY+1,0.003144,
random_vocab_any,kl,6,1,END,0.040722,
random_vocab_any,kl,6,2,NOUN,0.000000,
random_vocab_any,kl,6,2,XX1,0.000034,
random_vocab_any,kl,6,2,YY,-0.000003,
random_vocab_any,kl,6,2,YY+1,0.000061,
random_vocab_any,kl,6,2,END,-0.000531,
random_vocab_any,kl,6,3,NOUN,0.000001,
random_vocab_any,kl,6,3,XX1,0.000046,
random_vocab_any,kl,6,3,YY,-0.000610,
random_vocab_any,kl,6,3,YY+1,0.000345,
random_vocab_any,kl,6,3,END,0.004387,
random_vocab_any,kl,6,4,NOUN,0.000001,
random_vocab_any,kl,6,4,XX1,-0.000056,
random_vocab_any,kl,6,4,YY,0.014838,
random_vocab_any,kl,6,4,YY+1,0.002629,
random_vocab_any,kl,6,4,END,0.012566,
random_vocab_any,kl,6,5,NOUN,0.000000,
random_vocab_any,kl,6,5,XX1,0.000532,
random_vocab_any,kl,6,5,YY,-0.002286,
random_vocab_any,kl,6,5,YY+1,-0.000271,
random_vocab_any,kl,6,5,END,-0.017883,
random_vocab_any,kl,6,6,NOUN,-0.000001,
random_vocab_any,kl,6,6,XX1,0.000204,
random_vocab_any,kl,6,6,YY,-0.001862,
random_vocab_any,kl,6,6,YY+1,-0.003617,
random_vocab_any,kl,6,6,END,-0.043731,
random_vocab_any,kl,6,7,NOUN,0.000001,
random_vocab_any,kl,6,7,XX1,0.000149,
random_vocab_any,kl,6,7,YY,0.001330,
random_vocab_any,kl,6,7,YY+1,0.002566,
random_vocab_any,kl,6,7,END,0.004541,
random_vocab_any,kl,6,8,NOUN,0.000003,
random_vocab_any,kl,6,8,XX1,-0.000254,
random_vocab_any,kl,6,8,YY,-0.001135,
random_vocab_any,kl,6,8,YY+1,0.006817,
random_vocab_any,kl,6,8,END,0.008777,
random_vocab_any,kl,6,9,NOUN,0.000001,year head -> MLP 8
random_vocab_any,kl,6,9,XX1,-0.000003,year head -> MLP 8
random_vocab_any,kl,6,9,YY,0.000038,year head -> MLP 8
random_vocab_any,kl,6,9,YY+1,0.000111,year head -> MLP 8
random_vocab_any,kl,6,9,END,0.217492,year head -> MLP 8
random_vocab_any,kl,6,10,NOUN,0.000001,
random_vocab_any,kl,6,10,XX1,-0.000105,
random_vocab_any,kl,6,10,YY,-0.000185,
random_vocab_any,kl,6,10,YY+1,0.000022,
random_vocab_any,kl,6,10,END,0.004081,
random_vocab_any,kl,6,11,NOUN,0.000003,
random_vocab_any,kl,6,11,XX1,0.000146,
random_vocab_any,kl,6,11,YY,0.001192,
random_vocab_any,kl,6,11,YY+1,-0.001288,
random_vocab_any,kl,6,11,END,0.022451,
random_vocab_any,kl,7,0,NOUN,0.000003,
random_vocab_any,kl,7,0,XX1,-0.000075,
random_vocab_any,kl,7,0,YY,0.003041,
random_vocab_any,kl,7,0,YY+1,0.000701,
random_vocab_any,kl,7,0,END,-0.029425,
random_vocab_any,kl,7,1,NOUN,-0.000000,
random_vocab_any,kl,7,1,XX1,0.000000,
random_vocab_any,kl,7,1,YY,0.000907,
random_vocab_any,kl,7,1,YY+1,0.000222,
random_vocab_any,kl,7,1,END,0.000043,
random_vocab_any,kl,7,2,NOUN,0.000000,
random_vocab_any,kl,7,2,XX1,0.000006,
random_vocab_any,kl,7,2,YY,0.000028,
random_vocab_any,kl,7,2,YY+1,0.000005,
random_vocab_any,kl,7,2,END,0.007363,
random_vocab_any,kl,7,3,NOUN,0.000000,
random_vocab_any,kl,7,3,XX1,0.000020,
random_vocab_any,kl,7,3,YY,-0.001625,
random_vocab_any,kl,7,3,YY+1,-0.000317,
random_vocab_any,kl,7,3,END,-0.012014,
random_vocab_any,kl,7,4,NOUN,0.000001,
random_vocab_any,kl,7,4,XX1,0.000061,
random_vocab_any,kl,7,4,YY,0.004054,
random_vocab_any,kl,7,4,YY+1,0.000173,
random_vocab_any,kl,7,4,END,-0.002295,
random_vocab_any,kl,7,5,NOUN,0.000000,
random_vocab_any,kl,7,5,XX1,0.000050,
random_vocab_any,kl,7,5,YY,0.000112,
random_vocab_any,kl,7,5,YY+1,0.000625,
random_vocab_any,kl,7,5,END,0.013142,
random_vocab_any,kl,7,6,NOUN,0.000001,
random_vocab_any,kl,7,6,XX1,0.000027,
random_vocab_any,kl,7,6,YY,-0.001684,
random_vocab_any,kl,7,6,YY+1,-0.001760,
random_vocab_any,kl,7,6,END,-0.068549,
random_vocab_any,kl,7,7,NOUN,0.000000,
random_vocab_any,kl,7,7,XX1,-0.000043,
random_vocab_any,kl,7,7,YY,-0.000102,
random_vocab_any,kl,7,7,YY+1,0.002944,
random_vocab_any,kl,7,7,END,0.043318,
random_vocab_any,kl,7,8,NOUN,0.000000,
random_vocab_any,kl,7,8,XX1,-0.000082,
random_vocab_any,kl,7,8,YY,0.000004,
random_vocab_any,kl,7,8,YY+1,0.001177,
random_vocab_any,kl,7,8,END,0.003300,
random_vocab_any,kl,7,9,NOUN,0.000000,
random_vocab_any,kl,7,9,XX1,0.000188,
random_vocab_any,kl,7,9,YY,-0.000620,
random_vocab_any,kl,7,9,YY+1,-0.000363,
random_vocab_any,kl,7,9,END,0.001092,
random_vocab_any,kl,7,10,NOUN,0.000000,year head -> MLP 8
random_vocab_any,kl,7,10,XX1,-0.000003,year head -> MLP 8
random_vocab_any,kl,7,10,YY,-0.000013,year head -> MLP 8
random_vocab_any,kl,7,10,YY+1,-0.000428,year head -> MLP 8
random_vocab_any,kl,7,10,END,0.122712,year head -> MLP 8
random_vocab_any,kl,7,11,NOUN,-0.000000,
random_vocab_any,kl,7,11,XX1,-0.000022,
random_vocab_any,kl,7,11,YY,0.000069,
random_vocab_any,kl,7,11,YY+1,0.000332,
random_vocab_any,kl,7,11,END,0.084686,
random_vocab_any,kl,8,0,NOUN,0.000000,
random_vocab_any,kl,8,0,XX1,-0.000071,
random_vocab_any,kl,8,0,YY,-0.000528,
random_vocab_any,kl,8,0,YY+1,-0.000105,
random_vocab_any,kl,8,0,END,-0.021417,
random_vocab_any,kl,8,1,NOUN,-0.000000,
random_vocab_any,kl,8,1,XX1,0.000005,
random_vocab_any,kl,8,1,YY,0.000023,
random_vocab_any,kl,8,1,YY+1,0.000180,
random_vocab_any,kl,8,1,END,0.034405,
random_vocab_any,kl,8,2,NOUN,-0.000001,
random_vocab_any,kl,8,2,XX1,-0.000053,
random_vocab_any,kl,8,2,YY,-0.000411,
random_vocab_any,kl,8,2,YY+1,0.000317,
random_vocab_any,kl,8,2,END,-0.003753,
random_vocab_any,kl,8,3,NOUN,-0.000000,
random_vocab_any,kl,8,3,XX1,0.000003,
random_vocab_any,kl,8,3,YY,-0.000084,
random_vocab_any,kl,8,3,YY+1,0.000555,
random_vocab_any,kl,8,3,END,0.001682,
random_vocab_any,kl,8,4,NOUN,0.000000,
random_vocab_any,kl,8,4,XX1,-0.000193,
random_vocab_any,kl,8,4,YY,0.000749,
random_vocab_any,kl,8,4,YY+1,0.000168,
random_vocab_any,kl,8,4,END,0.016804,
random_vocab_any,kl,8,5,NOUN,0.000001,
random_vocab_any,kl,8,5,XX1,0.000016,
random_vocab_any,kl,8,5,YY,0.000630,
random_vocab_any,kl,8,5,YY+1,0.000036,
random_vocab_any,kl,8,5,END,0.022653,
random_vocab_any,kl,8,6,NOUN,0.000000,
random_vocab_any,kl,8,6,XX1,-0.000099,
random_vocab_any,kl,8,6,YY,0.000109,
random_vocab_any,kl,8,6,YY+1,0.001553,
random_vocab_any,kl,8,6,END,0.130022,
random_vocab_any,kl,8,7,NOUN,0.000001,
random_vocab_any,kl,8,7,XX1,0.000040,
random_vocab_any,kl,8,7,YY,0.000544,
random_vocab_any,kl,8,7,YY+1,-0.000105,
random_vocab_any,kl,8,7,END,0.029165,
random_vocab_any,kl,8,8,NOUN,0.000000,year head -> MLP 8
random_vocab_any,kl,8,8,XX1,-0.000001,year head -> MLP 8
random_vocab_any,kl,8,8,YY,0.000299,year head -> MLP 8
random_vocab_any,kl,8,8,YY+1,0.003234,year head -> MLP 8
random_vocab_any,kl,8,8,END,0.050823,year head -> MLP 8
random_vocab_any,kl,8,9,NOUN,0.000000,
random_vocab_any,kl,8,9,XX1,-0.000009,
random_vocab_any,kl,8,9,YY,0.000154,
random_vocab_any,kl,8,9,YY+1,0.000446,
random_vocab_any,kl,8,9,END,0.001154,
random_vocab_any,kl,8,10,NOUN,-0.000000,
random_vocab_any,kl,8,10,XX1,0.000084,
random_vocab_any,kl,8,10,YY,-0.001926,
random_vocab_any,kl,8,10,YY+1,-0.002317,
random_vocab_any,kl,8,10,END,-0.054979,
random_vocab_any,kl,8,11,NOUN,-0.000000,year head -> MLP 8
random_vocab_any,kl,8,11,XX1,0.000014,year head -> MLP 8
random_vocab_any,kl,8,11,YY,0.000170,year head -> MLP 8
random_vocab_any,kl,8,11,YY+1,-0.000120,year head -> MLP 8
random_vocab_any,kl,8,11,END,0.033646,year head -> MLP 8
random_vocab_any,kl,9,0,NOUN,-0.000000,
random_vocab_any,kl,9,0,XX1,-0.000003,
random_vocab_any,kl,9,0,YY,0.000054,
random_vocab_any,kl,9,0,YY+1,0.000038,
random_vocab_any,kl,9,0,END,-0.001606,
random_vocab_any,kl,9,1,NOUN,0.000000,year head -> MLP 9
random_vocab_any,kl,9,1,XX1,0.000000,year head -> MLP 9
random_vocab_any,kl,9,1,YY,0.000016,year head -> MLP 9
random_vocab_any,kl,9,1,YY+1,0.000126,year head -> MLP 9
random_vocab_any,kl,9,1,END,0.172438,year head -> MLP 9
random_vocab_any,kl,9,2,NOUN,0.000000,
random_vocab_any,kl,9,2,XX1,-0.000007,
random_vocab_any,kl,9,2,YY,0.000128,
random_vocab_any,kl,9,2,YY+1,0.000015,
random_vocab_any,kl,9,2,END,0.003779,
random_vocab_any,kl,9,3,NOUN,0.000000,
random_vocab_any,kl,9,3,XX1,0.000025,
random_vocab_any,kl,9,3,YY,-0.000567,
random_vocab_any,kl,9,3,YY+1,0.000116,
random_vocab_any,kl,9,3,END,-0.014606,
random_vocab_any,kl,9,4,NOUN,0.000000,
random_vocab_any,kl,9,4,XX1,0.000002,
random_vocab_any,kl,9,4,YY,-0.000005,
random_vocab_any,kl,9,4,YY+1,-0.000088,
random_vocab_any,kl,9,4,END,0.000594,
random_vocab_any,kl,9,5,NOUN,-0.000000,
random_vocab_any,kl,9,5,XX1,0.000340,
random_vocab_any,kl,9,5,YY,-0.001467,
random_vocab_any,kl,9,5,YY+1,-0.000195,
random_vocab_any,kl,9,5,END,-0.033271,
random_vocab_any,kl,9,6,NOUN,0.000000,
random_vocab_any,kl,9,6,XX1,-0.000002,
random_vocab_any,kl,9,6,YY,0.000060,
random_vocab_any,kl,9,6,YY+1,0.000237,
random_vocab_any,kl,9,6,END,0.007967,
random_vocab_any,kl,9,7,NOUN,0.000000,
random_vocab_any,kl,9,7,XX1,-0.000067,
random_vocab_any,kl,9,7,YY,0.000139,
random_vocab_any,kl,9,7,YY+1,0.000242,
random_vocab_any,kl,9,7,END,0.008720,
random_vocab_any,kl,9,8,NOUN,0.000000,
random_vocab_any,kl,9,8,XX1,-0.000018,
random_vocab_any,kl,9,8,YY,-0.000126,
random_vocab_any,kl,9,8,YY+1,0.000105,
random_vocab_any,kl,9,8,END,0.000001,
random_vocab_any,kl,9,9,NOUN,0.000000,
random_vocab_any,kl,9,9,XX1,0.000030,
random_vocab_any,kl,9,9,YY,0.000014,
random_vocab_any,kl,9,9,YY+1,-0.000275,
random_vocab_any,kl,9,9,END,0.005667,
random_vocab_any,kl,9,10,NOUN,0.000000,
random_vocab_any,kl,9,10,XX1,0.000144,
random_vocab_any,kl,9,10,YY,0.002317,
random_vocab_any,kl,9,10,YY+1,0.000006,
random_vocab_any,kl,9,10,END,0.000528,
random_vocab_any,kl,9,11,NOUN,0.000000,
random_vocab_any,kl,9,11,XX1,0.000002,
random_vocab_any,kl,9,11,YY,0.000038,
random_vocab_any,kl,9,11,YY+1,0.000017,
random_vocab_any,kl,9,11,END,-0.000556,
random_vocab_any,kl,10,0,NOUN,0.000000,
random_vocab_any,kl,10,0,XX1,-0.000017,
random_vocab_any,kl,10,0,YY,-0.000008,
random_vocab_any,kl,10,0,YY+1,0.000131,
random_vocab_any,kl,10,0,END,0.001578,
random_vocab_any,kl,10,1,NOUN,-0.000000,
random_vocab_any,kl,10,1,XX1,-0.000003,
random_vocab_any,kl,10,1,YY,-0.000021,
random_vocab_any,kl,10,1,YY+1,-0.000039,
random_vocab_any,kl,10,1,END,0.001593,
random_vocab_any,kl,10,2,NOUN,0.000000,
random_vocab_any,kl,10,2,XX1,0.000024,
random_vocab_any,kl,10,2,YY,0.000034,
random_vocab_any,kl,10,2,YY+1,-0.000017,
random_vocab_any,kl,10,2,END,0.032636,
random_vocab_any,kl,10,3,NOUN,-0.000000,
random_vocab_any,kl,10,3,XX1,0.000013,
random_vocab_any,kl,10,3,YY,0.000090,
random_vocab_any,kl,10,3,YY+1,0.000216,
random_vocab_any,kl,10,3,END,0.001440,
random_vocab_any,kl,10,4,NOUN,0.000000,
random_vocab_any,kl,10,4,XX1,-0.000004,
random_vocab_any,kl,10,4,YY,0.000034,
random_vocab_any,kl,10,4,YY+1,0.000140,
random_vocab_any,kl,10,4,END,0.028316,
random_vocab_any,kl,10,5,NOUN,0.000000,
random_vocab_any,kl,10,5,XX1,-0.000049,
random_vocab_any,kl,10,5,YY,-0.000183,
random_vocab_any,kl,10,5,YY+1,-0.000002,
random_vocab_any,kl,10,5,END,0.001117,
random_vocab_any,kl,10,6,NOUN,0.000000,
random_vocab_any,kl,10,6,XX1,0.000007,
random_vocab_any,kl,10,6,YY,0.000035,
random_vocab_any,kl,10,6,YY+1,0.000187,
random_vocab_any,kl,10,6,END,0.002711,
random_vocab_any,kl,10,7,NOUN,-0.000000,
random_vocab_any,kl,10,7,XX1,-0.000006,
random_vocab_any,kl,10,7,YY,-0.000018,
random_vocab_any,kl,10,7,YY+1,-0.000306,
random_vocab_any,kl,10,7,END,-0.074390,
random_vocab_any,kl,10,8,NOUN,0.000000,
random_vocab_any,kl,10,8,XX1,-0.000001,
random_vocab_any,kl,10,8,YY,0.000001,
random_vocab_any,kl,10,8,YY+1,0.000001,
random_vocab_any,kl,10,8,END,0.001121,
random_vocab_any,kl,10,9,NOUN,0.000000,
random_vocab_any,kl,10,9,XX1,0.000092,
random_vocab_any,kl,10,9,YY,0.000121,
random_vocab_any,kl,10,9,YY+1,-0.000105,
random_vocab_any,kl,10,9,END,-0.007951,
random_vocab_any,kl,10,10,NOUN,0.000000,
random_vocab_any,kl,10,10,XX1,-0.000002,
random_vocab_any,kl,10,10,YY,0.000097,
random_vocab_any,kl,10,10,YY+1,0.000146,
random_vocab_any,kl,10,10,END,0.001218,
random_vocab_any,kl,10,11,NOUN,-0.000000,
random_vocab_any,kl,10,11,XX1,-0.000075,
random_vocab_any,kl,10,11,YY,-0.000097,
random_vocab_any,kl,10,11,YY+1,0.000117,
random_vocab_any,kl,10,11,END,0.004910,
random_vocab_any,kl,11,0,NOUN,0.000000,
random_vocab_any,kl,11,0,XX1,0.000000,
random_vocab_any,kl,11,0,YY,0.000000,
random_vocab_any,kl,11,0,YY+1,0.000000,
random_vocab_any,kl,11,0,END,-0.000842,
random_vocab_any,kl,11,1,NOUN,0.000000,
random_vocab_any,kl,11,1,XX1,0.000000,
random_vocab_any,kl,11,1,YY,0.000000,
random_vocab_any,kl,11,1,YY+1,0.000000,
random_vocab_any,kl,11,1,END,0.003424,
random_vocab_any,kl,11,2,NOUN,0.000000,
random_vocab_any,kl,11,2,XX1,0.000000,
random_vocab_any,kl,11,2,YY,0.000000,
random_vocab_any,kl,11,2,YY+1,0.000000,
random_vocab_any,kl,11,2,END,0.000297,
random_vocab_any,kl,11,3,NOUN,0.000000,
random_vocab_any,kl,11,3,XX1,0.000000,
random_vocab_any,kl,11,3,YY,0.000000,
random_vocab_any,kl,11,3,YY+1,0.000000,
random_vocab_any,kl,11,3,END,0.003732,
random_vocab_any,kl,11,4,NOUN,0.000000,
random_vocab_any,kl,11,4,XX1,0.000000,
random_vocab_any,kl,11,4,YY,0.000000,
random_vocab_any,kl,11,4,YY+1,0.000000,
random_vocab_any,kl,11,4,END,0.001413,
random_vocab_any,kl,11,5,NOUN,0.000000,
random_vocab_any,kl,11,5,XX1,0.000000,
random_vocab_any,kl,11,5,YY,0.000000,
random_vocab_any,kl,11,5,YY+1,0.000000,
random_vocab_any,kl,11,5,END,0.000812,
random_vocab_any,kl,11,6,NOUN,0.000000,
random_vocab_any,kl,11,6,XX1,0.000000,
random_vocab_any,kl,11,6,YY,0.000000,
random_vocab_any,kl,11,6,YY+1,0.000000,
random_vocab_any,kl,11,6,END,0.001202,
random_vocab_any,kl,11,7,NOUN,0.000000,
random_vocab_any,kl,11,7,XX1,0.000000,
random_vocab_any,kl,11,7,YY,0.000000,
random_vocab_any,kl,11,7,YY+1,0.000000,
random_vocab_any,kl,11,7,END,0.001509,
random_vocab_any,kl,11,8,NOUN,0.000000,
random_vocab_any,kl,11,8,XX1,0.000000,
random_vocab_any,kl,11,8,YY,0.000000,
random_vocab_any,kl,11,8,YY+1,0.000000,
random_vocab_any,kl,11,8,END,0.029999,
random_vocab_any,kl,11,9,NOUN,0.000000,
random_vocab_any,kl,11,9,XX1,0.000000,
random_vocab_any,kl,11,9,YY,0.000000,
random_vocab_any,kl,11,9,YY+1,0.000000,
random_vocab_any,kl,11,9,END,0.001540,
random_vocab_any,kl,11,10,NOUN,0.000000,
random_vocab_any,kl,11,10,XX1,0.000000,
random_vocab_any,kl,11,10,YY,0.000000,
random_vocab_any,kl,11,10,YY+1,0.000000,
random_vocab_any,kl,11,10,END,-0.010164,
random_vocab_any,kl,11,11,NOUN,0.000000,
random_vocab_any,kl,11,11,XX1,0.000000,
random_vocab_any,kl,11,11,YY,0.000000,
random_vocab_any,kl,11,11,YY+1,0.000000,
random_vocab_any,kl,11,11,END,-0.004041,
random_vocab_any,tv,0,0,NOUN,0.000426,
random_vocab_any,tv,0,0,XX1,0.000010,
random_vocab_any,tv,0,0,YY,0.000549,
random_vocab_any,tv,0,0,YY+1,0.000365,
random_vocab_any,tv,0,0,END,0.001025,
random_vocab_any,tv,0,1,NOUN,0.000148,
random_vocab_any,tv,0,1,XX1,0.001182,
random_vocab_any,tv,0,1,YY,0.000889,
random_vocab_any,tv,0,1,YY+1,-0.006081,
random_vocab_any,tv,0,1,END,0.000768,
random_vocab_any,tv,0,2,NOUN,-0.000042,
random_vocab_any,tv,0,2,XX1,0.000623,
random_vocab_any,tv,0,2,YY,0.000698,
random_vocab_any,tv,0,2,YY+1,0.000149,
random_vocab_any,tv,0,2,END,-0.000567,
random_vocab_any,tv,0,3,NOUN,0.000371,
random_vocab_any,tv,0,3,XX1,0.000953,
random_vocab_any,tv,0,3,YY,0.000067,
random_vocab_any,tv,0,3,YY+1,-0.000155,
random_vocab_any,tv,0,3,END,-0.000117,
random_vocab_any,tv,0,4,NOUN,0.000062,
random_vocab_any,tv,0,4,XX1,-0.000631,
random_vocab_any,tv,0,4,YY,0.000431,
random_vocab_any,tv,0,4,YY+1,-0.000368,
random_vocab_any,tv,0,4,END,0.000014,
random_vocab_any,tv,0,5,NOUN,0.000356,
random_vocab_any,tv,0,5,XX1,0.000330,
random_vocab_any,tv,0,5,YY,-0.000153,
random_vocab_any,tv,0,5,YY+1,0.000765,
random_vocab_any,tv,0,5,END,-0.000028,
random_vocab_any,tv,0,6,NOUN,0.000065,
random_vocab_any,tv,0,6,XX1,0.000408,
random_vocab_any,tv,0,6,YY,-0.000448,
random_vocab_any,tv,0,6,YY+1,-0.001908,
random_vocab_any,tv,0,6,END,0.000219,
random_vocab_any,tv,0,7,NOUN,0.001125,
random_vocab_any,tv,0,7,XX1,-0.000488,
random_vocab_any,tv,0,7,YY,0.002249,
random_vocab_any,tv,0,7,YY+1,-0.000833,
random_vocab_any,tv,0,7,END,0.001721,
random_vocab_any,tv,0,8,NOUN,0.000121,
random_vocab_any,tv,0,8,XX1,0.000762,
random_vocab_any,tv,0,8,YY,0.002638,
random_vocab_any,tv,0,8,YY+1,-0.002258,
random_vocab_any,tv,0,8,END,-0.000181,
random_vocab_any,tv,0,9,NOUN,-0.000700,
random_vocab_any,tv,0,9,XX1,-0.000538,
random_vocab_any,tv,0,9,YY,0.000640,
random_vocab_any,tv,0,9,YY+1,0.000645,
random_vocab_any,tv,0,9,END,0.004373,
random_vocab_any,tv,0,10,NOUN,0.000489,
random_vocab_any,tv,0,10,XX1,-0.001918,
random_vocab_any,tv,0,10,YY,-0.001204,
random_vocab_any,tv,0,10,YY+1,-0.001419,
random_vocab_any,tv,0,10,END,-0.000329,
random_vocab_any,tv,0,11,NOUN,0.000022,
random_vocab_any,tv,0,11,XX1,0.000081,
random_vocab_any,tv,0,11,YY,0.000150,
random_vocab_any,tv,0,11,YY+1,0.000125,
random_vocab_any,tv,0,11,END,-0.000109,
random_vocab_any,tv,1,0,NOUN,0.000494,
random_vocab_any,tv,1,0,XX1,0.000292,
random_vocab_any,tv,1,0,YY,0.004489,
random_vocab_any,tv,1,0,YY+1,-0.000757,
random_vocab_any,tv,1,0,END,-0.000097,
random_vocab_any,tv,1,1,NOUN,0.000817,
random_vocab_any,tv,1,1,XX1,-0.000675,
random_vocab_any,tv,1,1,YY,0.001762,
random_vocab_any,tv,1,1,YY+1,-0.000080,
random_vocab_any,tv,1,1,END,0.001000,
random_vocab_any,tv,1,2,NOUN,-0.000012,
random_vocab_any,tv,1,2,XX1,-0.000132,
random_vocab_any,tv,1,2,YY,-0.000004,
random_vocab_any,tv,1,2,YY+1,-0.000170,
random_vocab_any,tv,1,2,END,0.000082,
random_vocab_any,tv,1,3,NOUN,0.000033,
random_vocab_any,tv,1,3,XX1,0.000266,
random_vocab_any,tv,1,3,YY,-0.000048,
random_vocab_any,tv,1,3,YY+1,-0.000088,
random_vocab_any,tv,1,3,END,-0.000231,
random_vocab_any,tv,1,4,NOUN,0.000030,
random_vocab_any,tv,1,4,XX1,0.000511,
random_vocab_any,tv,1,4,YY,-0.000377,
random_vocab_any,tv,1,4,YY+1,0.000358,
random_vocab_any,tv,1,4,END,-0.000200,
random_vocab_any,tv,1,5,NOUN,-0.000090,
random_vocab_any,tv,1,5,XX1,-0.000052,
random_vocab_any,tv,1,5,YY,0.001270,
random_vocab_any,tv,1,5,YY+1,-0.001675,
random_vocab_any,tv,1,5,END,0.000850,
random_vocab_any,tv,1,6,NOUN,0.000106,
random_vocab_any,tv,1,6,XX1,0.000196,
random_vocab_any,tv,1,6,YY,0.000325,
random_vocab_any,tv,1,6,YY+1,0.000505,
random_vocab_any,tv,1,6,END,0.000271,
random_vocab_any,tv,1,7,NOUN,0.000065,
random_vocab_any,tv,1,7,XX1,-0.000215,
random_vocab_any,tv,1,7,YY,0.000770,
random_vocab_any,tv,1,7,YY+1,0.000025,
random_vocab_any,tv,1,7,END,0.001786,
random_vocab_any,tv,1,8,NOUN,0.000020,
random_vocab_any,tv,1,8,XX1,0.000170,
random_vocab_any,tv,1,8,YY,-0.000299,
random_vocab_any,tv,1,8,YY+1,-0.000214,
random_vocab_any,tv,1,8,END,-0.000179,
random_vocab_any,tv,1,9,NOUN,0.000007,
random_vocab_any,tv,1,9,XX1,-0.000010,
random_vocab_any,tv,1,9,YY,-0.000130,
random_vocab_any,tv,1,9,YY+1,0.000186,
random_vocab_any,tv,1,9,END,-0.000428,
random_vocab_any,tv,1,10,NOUN,-0.000050,
random_vocab_any,tv,1,10,XX1,-0.000156,
random_vocab_any,tv,1,10,YY,0.000554,
random_vocab_any,tv,1,10,YY+1,0.000660,
random_vocab_any,tv,1,10,END,-0.001013,
random_vocab_any,tv,1,11,NOUN,-0.000047,
random_vocab_any,tv,1,11,XX1,0.000849,
random_vocab_any,tv,1,11,YY,-0.001401,
random_vocab_any,tv,1,11,YY+1,0.001418,
random_vocab_any,tv,1,11,END,0.000113,
random_vocab_any,tv,2,0,NOUN,0.000365,
random_vocab_any,tv,2,0,XX1,0.000434,
random_vocab_any,tv,2,0,YY,0.000485,
random_vocab_any,tv,2,0,YY+1,0.000543,
random_vocab_any,tv,2,0,END,-0.000668,
random_vocab_any,tv,2,1,NOUN,0.000111,
random_vocab_any,tv,2,1,XX1,-0.000151,
random_vocab_any,tv,2,1,YY,0.003369,
random_vocab_any,tv,2,1,YY+1,0.000602,
random_vocab_any,tv,2,1,END,0.004492,
random_vocab_any,tv,2,2,NOUN,0.000218,
random_vocab_any,tv,2,2,XX1,0.000701,
random_vocab_any,tv,2,2,YY,0.006649,
random_vocab_any,tv,2,2,YY+1,0.001336,
random_vocab_any,tv,2,2,END,0.002240,
random_vocab_any,tv,2,3,NOUN,0.000991,
random_vocab_any,tv,2,3,XX1,-0.000546,
random_vocab_any,tv,2,3,YY,0.001264,
random_vocab_any,tv,2,3,YY+1,0.000516,
random_vocab_any,tv,2,3,END,-0.000927,
random_vocab_any,tv,2,4,NOUN,-0.000266,
random_vocab_any,tv,2,4,XX1,0.001446,
random_vocab_any,tv,2,4,YY,0.001388,
random_vocab_any,tv,2,4,YY+1,-0.000294,
random_vocab_any,tv,2,4,END,0.002197,
random_vocab_any,tv,2,5,NOUN,0.000306,
random_vocab_any,tv,2,5,XX1,-0.000620,
random_vocab_any,tv,2,5,YY,0.000389,
random_vocab_any,tv,2,5,YY+1,0.000862,
random_vocab_any,tv,2,5,END,-0.002265,
random_vocab_any,tv,2,6,NOUN,0.000187,
random_vocab_any,tv,2,6,XX1,-0.000311,
random_vocab_any,tv,2,6,YY,0.000897,
random_vocab_any,tv,2,6,YY+1,-0.000350,
random_vocab_any,tv,2,6,END,-0.000973,
random_vocab_any,tv,2,7,NOUN,-0.000140,
random_vocab_any,tv,2,7,XX1,0.000030,
random_vocab_any,tv,2,7,YY,0.000030,
random_vocab_any,tv,2,7,YY+1,0.000382,
random_vocab_any,tv,2,7,END,-0.000845,
random_vocab_any,tv,2,8,NOUN,0.000207,
random_vocab_any,tv,2,8,XX1,0.000226,
random_vocab_any,tv,2,8,YY,-0.001235,
random_vocab_any,tv,2,8,YY+1,0.001156,
random_vocab_any,tv,2,8,END,-0.000210,
random_vocab_any,tv,2,9,NOUN,0.000136,
random_vocab_any,tv,2,9,XX1,0.001071,
random_vocab_any,tv,2,9,YY,0.005041,
random_vocab_any,tv,2,9,YY+1,-0.000256,
random_vocab_any,tv,2,9,END,-0.002657,
random_vocab_any,tv,2,10,NOUN,-0.000143,
random_vocab_any,tv,2,10,XX1,-0.000331,
random_vocab_any,tv,2,10,YY,-0.000313,
random_vocab_any,tv,2,10,YY+1,0.000089,
random_vocab_any,tv,2,10,END,0.000293,
random_vocab_any,tv,2,11,NOUN,-0.000112,
random_vocab_any,tv,2,11,XX1,0.000350,
random_vocab_any,tv,2,11,YY,0.000058,
random_vocab_any,tv,2,11,YY+1,0.000426,
random_vocab_any,tv,2,11,END,0.001063,
random_vocab_any,tv,3,0,NOUN,0.000000,
random_vocab_any,tv,3,0,XX1,0.000224,
random_vocab_any,tv,3,0,YY,0.000606,
random_vocab_any,tv,3,0,YY+1,-0.000157,
random_vocab_any,tv,3,0,END,0.006327,
random_vocab_any,tv,3,1,NOUN,0.000195,
random_vocab_any,tv,3,1,XX1,0.000523,
random_vocab_any,tv,3,1,YY,0.001537,
random_vocab_any,tv,3,1,YY+1,-0.000026,
random_vocab_any,tv,3,1,END,0.002673,
random_vocab_any,tv,3,2,NOUN,0.000878,
random_vocab_any,tv,3,2,XX1,0.000961,
random_vocab_any,tv,3,2,YY,0.002636,
random_vocab_any,tv,3,2,YY+1,0.002353,
random_vocab_any,tv,3,2,END,0.006157,
random_vocab_any,tv,3,3,NOUN,0.000098,
random_vocab_any,tv,3,3,XX1,0.001906,
random_vocab_any,tv,3,3,YY,0.005745,
random_vocab_any,tv,3,3,YY+1,-0.000118,
random_vocab_any,tv,3,3,END,0.002730,
random_vocab_any,tv,3,4,NOUN,-0.000006,
random_vocab_any,tv,3,4,XX1,-0.000329,
random_vocab_any,tv,3,4,YY,-0.001743,
random_vocab_any,tv,3,4,YY+1,-0.000245,
random_vocab_any,tv,3,4,END,-0.004398,
random_vocab_any,tv,3,5,NOUN,0.000043,
random_vocab_any,tv,3,5,XX1,0.000456,
random_vocab_any,tv,3,5,YY,0.002401,
random_vocab_any,tv,3,5,YY+1,0.000609,
random_vocab_any,tv,3,5,END,0.002880,
random_vocab_any,tv,3,6,NOUN,0.000283,
random_vocab_any,tv,3,6,XX1,0.000633,
random_vocab_any,tv,3,6,YY,0.001545,
random_vocab_any,tv,3,6,YY+1,0.000688,
random_vocab_any,tv,3,6,END,-0.002167,
random_vocab_any,tv,3,7,NOUN,0.000051,
random_vocab_any,tv,3,7,XX1,0.000446,
random_vocab_any,tv,3,7,YY,0.006001,
random_vocab_any,tv,3,7,YY+1,0.002621,
random_vocab_any,tv,3,7,END,0.001496,
random_vocab_any,tv,3,8,NOUN,-0.000384,
random_vocab_any,tv,3,8,XX1,0.000611,
random_vocab_any,tv,3,8,YY,0.000000,
random_vocab_any,tv,3,8,YY+1,-0.000184,
random_vocab_any,tv,3,8,END,-0.006161,
random_vocab_any,tv,3,9,NOUN,0.000213,
random_vocab_any,tv,3,9,XX1,0.001050,
random_vocab_any,tv,3,9,YY,-0.000088,
random_vocab_any,tv,3,9,YY+1,0.001990,
random_vocab_any,tv,3,9,END,0.001932,
random_vocab_any,tv,3,10,NOUN,-0.000357,
random_vocab_any,tv,3,10,XX1,-0.001256,
random_vocab_any,tv,3,10,YY,-0.003101,
random_vocab_any,tv,3,10,YY+1,-0.001597,
random_vocab_any,tv,3,10,END,-0.001542,
random_vocab_any,tv,3,11,NOUN,0.000027,
random_vocab_any,tv,3,11,XX1,0.000287,
random_vocab_any,tv,3,11,YY,0.000419,
random_vocab_any,tv,3,11,YY+1,-0.000101,
random_vocab_any,tv,3,11,END,-0.000950,
random_vocab_any,tv,4,0,NOUN,0.000133,
random_vocab_any,tv,4,0,XX1,-0.000025,
random_vocab_any,tv,4,0,YY,-0.000667,
random_vocab_any,tv,4,0,YY+1,0.000188,
random_vocab_any,tv,4,0,END,0.002475,
random_vocab_any,tv,4,1,NOUN,0.000069,
random_vocab_any,tv,4,1,XX1,0.003293,
random_vocab_any,tv,4,1,YY,-0.004056,
random_vocab_any,tv,4,1,YY+1,-0.000323,
random_vocab_any,tv,4,1,END,0.013169,
random_vocab_any,tv,4,2,NOUN,0.000127,
random_vocab_any,tv,4,2,XX1,0.000114,
random_vocab_any,tv,4,2,YY,0.001472,
random_vocab_any,tv,4,2,YY+1,0.000185,
random_vocab_any,tv,4,2,END,0.001408,
random_vocab_any,tv,4,3,NOUN,0.000184,
random_vocab_any,tv,4,3,XX1,0.002902,
random_vocab_any,tv,4,3,YY,0.002612,
random_vocab_any,tv,4,3,YY+1,0.000385,
random_vocab_any,tv,4,3,END,0.004356,
random_vocab_any,tv,4,4,NOUN,-0.000065,
random_vocab_any,tv,4,4,XX1,0.000193,
random_vocab_any,tv,4,4,YY,0.000517,
random_vocab_any,tv,4,4,YY+1,-0.003124,
random_vocab_any,tv,4,4,END,0.000185,
random_vocab_any,tv,4,5,NOUN,0.000066,
random_vocab_any,tv,4,5,XX1,-0.000264,
random_vocab_any,tv,4,5,YY,0.006434,
random_vocab_any,tv,4,5,YY+1,-0.000409,
random_vocab_any,tv,4,5,END,0.004315,
random_vocab_any,tv,4,6,NOUN,-0.000243,
random_vocab_any,tv,4,6,XX1,-0.000654,
random_vocab_any,tv,4,6,YY,0.000984,
random_vocab_any,tv,4,6,YY+1,0.000287,
random_vocab_any,tv,4,6,END,-0.001380,
random_vocab_any,tv,4,7,NOUN,-0.000098,
random_vocab_any,tv,4,7,XX1,-0.005530,
random_vocab_any,tv,4,7,YY,-0.012851,
random_vocab_any,tv,4,7,YY+1,-0.000226,
random_vocab_any,tv,4,7,END,-0.014262,
random_vocab_any,tv,4,8,NOUN,0.000005,
random_vocab_any,tv,4,8,XX1,0.000153,
random_vocab_any,tv,4,8,YY,-0.001031,
random_vocab_any,tv,4,8,YY+1,0.000052,
random_vocab_any,tv,4,8,END,0.000052,
random_vocab_any,tv,4,9,NOUN,0.000003,
random_vocab_any,tv,4,9,XX1,0.000541,
random_vocab_any,tv,4,9,YY,-0.000440,
random_vocab_any,tv,4,9,YY+1,0.003716,
random_vocab_any,tv,4,9,END,0.001522,
random_vocab_any,tv,4,10,NOUN,0.000014,
random_vocab_any,tv,4,10,XX1,-0.000101,
random_vocab_any,tv,4,10,YY,-0.000282,
random_vocab_any,tv,4,10,YY+1,-0.000198,
random_vocab_any,tv,4,10,END,-0.000198,
random_vocab_any,tv,4,11,NOUN,0.000378,
random_vocab_any,tv,4,11,XX1,0.003689,
random_vocab_any,tv,4,11,YY,0.012922,
random_vocab_any,tv,4,11,YY+1,0.006327,
random_vocab_any,tv,4,11,END,0.030042,
random_vocab_any,tv,5,0,NOUN,0.000009,
random_vocab_any,tv,5,0,XX1,0.000111,
random_vocab_any,tv,5,0,YY,0.000308,
random_vocab_any,tv,5,0,YY+1,0.001977,
random_vocab_any,tv,5,0,END,0.031105,
random_vocab_any,tv,5,1,NOUN,0.000008,year head -> MLP 8
random_vocab_any,tv,5,1,XX1,-0.000003,year head -> MLP 8
random_vocab_any,tv,5,1,YY,0.000011,year head -> MLP 8
random_vocab_any,tv,5,1,YY+1,0.000010,year head -> MLP 8
random_vocab_any,tv,5,1,END,0.011593,year head -> MLP 8
random_vocab_any,tv,5,2,NOUN,0.000007,
random_vocab_any,tv,5,2,XX1,0.004524,
random_vocab_any,tv,5,2,YY,0.012244,
random_vocab_any,tv,5,2,YY+1,0.002089,
random_vocab_any,tv,5,2,END,0.012028,
random_vocab_any,tv,5,3,NOUN,0.000111,
random_vocab_any,tv,5,3,XX1,0.000733,
random_vocab_any,tv,5,3,YY,0.005075,
random_vocab_any,tv,5,3,YY+1,-0.001034,
random_vocab_any,tv,5,3,END,0.004949,
random_vocab_any,tv,5,4,NOUN,0.000072,
random_vocab_any,tv,5,4,XX1,-0.000682,
random_vocab_any,tv,5,4,YY,-0.000677,
random_vocab_any,tv,5,4,YY+1,-0.000307,
random_vocab_any,tv,5,4,END,-0.004979,
random_vocab_any,tv,5,5,NOUN,-0.000009,year head -> MLP 8
random_vocab_any,tv,5,5,XX1,0.000152,year head -> MLP 8
random_vocab_any,tv,5,5,YY,0.000259,year head -> MLP 8
random_vocab_any,tv,5,5,YY+1,0.000150,year head -> MLP 8
random_vocab_any,tv,5,5,END,0.027980,year head -> MLP 8
random_vocab_any,tv,5,6,NOUN,0.000091,
random_vocab_any,tv,5,6,XX1,0.000409,
random_vocab_any,tv,5,6,YY,0.005209,
random_vocab_any,tv,5,6,YY+1,0.003520,
random_vocab_any,tv,5,6,END,0.012827,
random_vocab_any,tv,5,7,NOUN,-0.000005,
random_vocab_any,tv,5,7,XX1,0.001319,
random_vocab_any,tv,5,7,YY,0.008101,
random_vocab_any,tv,5,7,YY+1,0.000838,
random_vocab_any,tv,5,7,END,0.009588,
random_vocab_any,tv,5,8,NOUN,0.000022,
random_vocab_any,tv,5,8,XX1,0.000261,
random_vocab_any,tv,5,8,YY,0.000365,
random_vocab_any,tv,5,8,YY+1,0.000198,
random_vocab_any,tv,5,8,END,0.002111,
random_vocab_any,tv,5,9,NOUN,-0.000019,
random_vocab_any,tv,5,9,XX1,-0.000416,
random_vocab_any,tv,5,9,YY,-0.001951,
random_vocab_any,tv,5,9,YY+1,-0.000549,
random_vocab_any,tv,5,9,END,-0.010986,
random_vocab_any,tv,5,10,NOUN,0.000063,
random_vocab_any,tv,5,10,XX1,0.000095,
random_vocab_any,tv,5,10,YY,0.004567,
random_vocab_any,tv,5,10,YY+1,0.000222,
random_vocab_any,tv,5,10,END,0.002753,
random_vocab_any,tv,5,11,NOUN,-0.000088,
random_vocab_any,tv,5,11,XX1,-0.000482,
random_vocab_any,tv,5,11,YY,-0.003992,
random_vocab_any,tv,5,11,YY+1,-0.000706,
random_vocab_any,tv,5,11,END,-0.006408,
random_vocab_any,tv,6,0,NOUN,-0.000001,
random_vocab_any,tv,6,0,XX1,-0.000061,
random_vocab_any,tv,6,0,YY,0.004576,
random_vocab_any,tv,6,0,YY+1,0.000681,
random_vocab_any,tv,6,0,END,0.007509,
random_vocab_any,tv,6,1,NOUN,0.000007,
random_vocab_any,tv,6,1,XX1,0.000080,
random_vocab_any,tv,6,1,YY,0.000245,
random_vocab_any,tv,6,1,YY+1,0.003036,
random_vocab_any,tv,6,1,END,0.006781,
random_vocab_any,tv,6,2,NOUN,-0.000009,
random_vocab_any,tv,6,2,XX1,0.000125,
random_vocab_any,tv,6,2,YY,0.001028,
random_vocab_any,tv,6,2,YY+1,-0.000194,
random_vocab_any,tv,6,2,END,0.002615,
random_vocab_any,tv,6,3,NOUN,-0.000000,
random_vocab_any,tv,6,3,XX1,-0.000012,
random_vocab_any,tv,6,3,YY,0.001268,
random_vocab_any,tv,6,3,YY+1,0.000749,
random_vocab_any,tv,6,3,END,0.001492,
random_vocab_any,tv,6,4,NOUN,0.000025,
random_vocab_any,tv,6,4,XX1,0.000104,
random_vocab_any,tv,6,4,YY,0.011412,
random_vocab_any,tv,6,4,YY+1,0.001992,
random_vocab_any,tv,6,4,END,0.008329,
random_vocab_any,tv,6,5,NOUN,0.000017,
random_vocab_any,tv,6,5,XX1,0.000363,
random_vocab_any,tv,6,5,YY,-0.004364,
random_vocab_any,tv,6,5,YY+1,0.000865,
random_vocab_any,tv,6,5,END,-0.010303,
random_vocab_any,tv,6,6,NOUN,-0.000004,
random_vocab_any,tv,6,6,XX1,-0.000025,
random_vocab_any,tv,6,6,YY,-0.003412,
random_vocab_any,tv,6,6,YY+1,-0.000473,
random_vocab_any,tv,6,6,END,-0.017403,
random_vocab_any,tv,6,7,NOUN,0.000011,
random_vocab_any,tv,6,7,XX1,0.000207,
random_vocab_any,tv,6,7,YY,0.003210,
random_vocab_any,tv,6,7,YY+1,0.000412,
random_vocab_any,tv,6,7,END,0.005544,
random_vocab_any,tv,6,8,NOUN,0.000017,
random_vocab_any,tv,6,8,XX1,-0.000197,
random_vocab_any,tv,6,8,YY,0.007222,
random_vocab_any,tv,6,8,YY+1,0.000997,
random_vocab_any,tv,6,8,END,0.013895,
random_vocab_any,tv,6,9,NOUN,0.000005,year head -> MLP 8
random_vocab_any,tv,6,9,XX1,-0.000016,year head -> MLP 8
random_vocab_any,tv,6,9,YY,0.000085,year head -> MLP 8
random_vocab_any,tv,6,9,YY+1,0.000041,year head -> MLP 8
random_vocab_any,tv,6,9,END,0.041193,year head -> MLP 8
random_vocab_any,tv,6,10,NOUN,-0.000007,
random_vocab_any,tv,6,10,XX1,-0.000073,
random_vocab_any,tv,6,10,YY,0.000823,
random_vocab_any,tv,6,10,YY+1,-0.000366,
random_vocab_any,tv,6,10,END,0.002876,
random_vocab_any,tv,6,11,NOUN,0.000029,
random_vocab_any,tv,6,11,XX1,0.000914,
random_vocab_any,tv,6,11,YY,0.013192,
random_vocab_any,tv,6,11,YY+1,0.000696,
random_vocab_any,tv,6,11,END,0.015230,
random_vocab_any,tv,7,0,NOUN,0.000030,
random_vocab_any,tv,7,0,XX1,0.000072,
random_vocab_any,tv,7,0,YY,0.003539,
random_vocab_any,tv,7,0,YY+1,-0.000332,
random_vocab_any,tv,7,0,END,0.014645,
random_vocab_any,tv,7,1,NOUN,-0.000002,
random_vocab_any,tv,7,1,XX1,0.000027,
random_vocab_any,tv,7,1,YY,0.000280,
random_vocab_any,tv,7,1,YY+1,0.000082,
random_vocab_any,tv,7,1,END,-0.000723,
random_vocab_any,tv,7,2,NOUN,-0.000000,
random_vocab_any,tv,7,2,XX1,0.000009,
random_vocab_any,tv,7,2,YY,0.000060,
random_vocab_any,tv,7,2,YY+1,-0.000004,
random_vocab_any,tv,7,2,END,0.001327,
random_vocab_any,tv,7,3,NOUN,0.000003,
random_vocab_any,tv,7,3,XX1,0.000070,
random_vocab_any,tv,7,3,YY,-0.000745,
random_vocab_any,tv,7,3,YY+1,-0.000138,
random_vocab_any,tv,7,3,END,0.002373,
random_vocab_any,tv,7,4,NOUN,0.000010,
random_vocab_any,tv,7,4,XX1,0.000029,
random_vocab_any,tv,7,4,YY,0.009377,
random_vocab_any,tv,7,4,YY+1,0.000290,
random_vocab_any,tv,7,4,END,0.000274,
random_vocab_any,tv,7,5,NOUN,0.000004,
random_vocab_any,tv,7,5,XX1,0.000110,
random_vocab_any,tv,7,5,YY,-0.000755,
random_vocab_any,tv,7,5,YY+1,0.000224,
random_vocab_any,tv,7,5,END,0.008300,
random_vocab_any,tv,7,6,NOUN,0.000013,
random_vocab_any,tv,7,6,XX1,0.000047,
random_vocab_any,tv,7,6,YY,-0.001710,
random_vocab_any,tv,7,6,YY+1,-0.000117,
random_vocab_any,tv,7,6,END,-0.006115,
random_vocab_any,tv,7,7,NOUN,-0.000001,
random_vocab_any,tv,7,7,XX1,-0.000046,
random_vocab_any,tv,7,7,YY,-0.000038,
random_vocab_any,tv,7,7,YY+1,0.003390,
random_vocab_any,tv,7,7,END,0.015299,
random_vocab_any,tv,7,8,NOUN,-0.000004,
random_vocab_any,tv,7,8,XX1,-0.000214,
random_vocab_any,tv,7,8,YY,0.000708,
random_vocab_any,tv,7,8,YY+1,0.000830,
random_vocab_any,tv,7,8,END,0.003559,
random_vocab_any,tv,7,9,NOUN,-0.000005,
random_vocab_any,tv,7,9,XX1,0.000170,
random_vocab_any,tv,7,9,YY,-0.000865,
random_vocab_any,tv,7,9,YY+1,-0.000230,
random_vocab_any,tv,7,9,END,0.001402,
random_vocab_any,tv,7,10,NOUN,-0.000001,year head -> MLP 8
random_vocab_any,tv,7,10,XX1,-0.000023,year head -> MLP 8
random_vocab_any,tv,7,10,YY,-0.000043,year head -> MLP 8
random_vocab_any,tv,7,10,YY+1,-0.001224,year head -> MLP 8
random_vocab_any,tv,7,10,END,0.024652,year head -> MLP 8
random_vocab_any,tv,7,11,NOUN,-0.000001,
random_vocab_any,tv,7,11,XX1,0.000003,
random_vocab_any,tv,7,11,YY,0.000363,
random_vocab_any,tv,7,11,YY+1,0.001149,
random_vocab_any,tv,7,11,END,0.011148,
random_vocab_any,tv,8,0,NOUN,0.000005,
random_vocab_any,tv,8,0,XX1,-0.000039,
random_vocab_any,tv,8,0,YY,-0.001726,
random_vocab_any,tv,8,0,YY+1,-0.000004,
random_vocab_any,tv,8,0,END,-0.012270,
random_vocab_any,tv,8,1,NOUN,-0.000001,
random_vocab_any,tv,8,1,XX1,-0.000015,
random_vocab_any,tv,8,1,YY,-0.000229,
random_vocab_any,tv,8,1,YY+1,-0.000150,
random_vocab_any,tv,8,1,END,0.006018,
random_vocab_any,tv,8,2,NOUN,-0.000004,
random_vocab_any,tv,8,2,XX1,-0.000145,
random_vocab_any,tv,8,2,YY,-0.000563,
random_vocab_any,tv,8,2,YY+1,0.000164,
random_vocab_any,tv,8,2,END,0.001704,
random_vocab_any,tv,8,3,NOUN,-0.000002,
random_vocab_any,tv,8,3,XX1,-0.000001,
random_vocab_any,tv,8,3,YY,0.000023,
random_vocab_any,tv,8,3,YY+1,0.000176,
random_vocab_any,tv,8,3,END,0.001920,
random_vocab_any,tv,8,4,NOUN,0.000003,
random_vocab_any,tv,8,4,XX1,-0.000216,
random_vocab_any,tv,8,4,YY,0.001501,
random_vocab_any,tv,8,4,YY+1,0.000082,
random_vocab_any,tv,8,4,END,0.001888,
random_vocab_any,tv,8,5,NOUN,0.000008,
random_vocab_any,tv,8,5,XX1,0.000130,
random_vocab_any,tv,8,5,YY,0.001564,
random_vocab_any,tv,8,5,YY+1,0.000029,
random_vocab_any,tv,8,5,END,0.044093,
random_vocab_any,tv,8,6,NOUN,0.000002,
random_vocab_any,tv,8,6,XX1,-0.000152,
random_vocab_any,tv,8,6,YY,0.000275,
random_vocab_any,tv,8,6,YY+1,0.000445,
random_vocab_any,tv,8,6,END,0.027090,
random_vocab_any,tv,8,7,NOUN,0.000011,
random_vocab_any,tv,8,7,XX1,0.000099,
random_vocab_any,tv,8,7,YY,0.003353,
random_vocab_any,tv,8,7,YY+1,0.000002,
random_vocab_any,tv,8,7,END,0.022678,
random_vocab_any,tv,8,8,NOUN,0.000002,year head -> MLP 8
random_vocab_any,tv,8,8,XX1,-0.000026,year head -> MLP 8
random_vocab_any,tv,8,8,YY,0.000115,year head -> MLP 8
random_vocab_any,tv,8,8,YY+1,0.001259,year head -> MLP 8
random_vocab_any,tv,8,8,END,0.021319,year head -> MLP 8
random_vocab_any,tv,8,9,NOUN,0.000004,
random_vocab_any,tv,8,9,XX1,-0.000043,
random_vocab_any,tv,8,9,YY,-0.000425,
random_vocab_any,tv,8,9,YY+1,0.000022,
random_vocab_any,tv,8,9,END,0.001274,
random_vocab_any,tv,8,10,NOUN,-0.000004,
random_vocab_any,tv,8,10,XX1,0.000044,
random_vocab_any,tv,8,10,YY,-0.000863,
random_vocab_any,tv,8,10,YY+1,-0.000655,
random_vocab_any,tv,8,10,END,-0.020317,
random_vocab_any,tv,8,11,NOUN,-0.000001,year head -> MLP 8
random_vocab_any,tv,8,11,XX1,-0.000005,year head -> MLP 8
random_vocab_any,tv,8,11,YY,0.000398,year head -> MLP 8
random_vocab_any,tv,8,11,YY+1,-0.000050,year head -> MLP 8
random_vocab_any,tv,8,11,END,0.021377,year head -> MLP 8
random_vocab_any,tv,9,0,NOUN,-0.000001,
random_vocab_any,tv,9,0,XX1,0.000036,
random_vocab_any,tv,9,0,YY,-0.000227,
random_vocab_any,tv,9,0,YY+1,-0.000001,
random_vocab_any,tv,9,0,END,-0.001136,
random_vocab_any,tv,9,1,NOUN,-0.000000,year head -> MLP 9
random_vocab_any,tv,9,1,XX1,0.000006,year head -> MLP 9
random_vocab_any,tv,9,1,YY,0.000066,year head -> MLP 9
random_vocab_any,tv,9,1,YY+1,-0.000092,year head -> MLP 9
random_vocab_any,tv,9,1,END,0.054271,year head -> MLP 9
random_vocab_any,tv,9,2,NOUN,-0.000001,
random_vocab_any,tv,9,2,XX1,0.000023,
random_vocab_any,tv,9,2,YY,0.000083,
random_vocab_any,tv,9,2,YY+1,0.000004,
random_vocab_any,tv,9,2,END,0.000279,
random_vocab_any,tv,9,3,NOUN,0.000003,
random_vocab_any,tv,9,3,XX1,0.000071,
random_vocab_any,tv,9,3,YY,0.000613,
random_vocab_any,tv,9,3,YY+1,0.000043,
random_vocab_any,tv,9,3,END,0.002873,
random_vocab_any,tv,9,4,NOUN,0.000000,
random_vocab_any,tv,9,4,XX1,-0.000013,
random_vocab_any,tv,9,4,YY,-0.000023,
random_vocab_any,tv,9,4,YY+1,-0.000008,
random_vocab_any,tv,9,4,END,0.001027,
random_vocab_any,tv,9,5,NOUN,-0.000003,
random_vocab_any,tv,9,5,XX1,0.000316,
random_vocab_any,tv,9,5,YY,-0.000180,
random_vocab_any,tv,9,5,YY+1,-0.000009,
random_vocab_any,tv,9,5,END,-0.007648,
random_vocab_any,tv,9,6,NOUN,-0.000000,
random_vocab_any,tv,9,6,XX1,-0.000005,
random_vocab_any,tv,9,6,YY,0.000005,
random_vocab_any,tv,9,6,YY+1,0.000071,
random_vocab_any,tv,9,6,END,-0.000120,
random_vocab_any,tv,9,7,NOUN,-0.000001,
random_vocab_any,tv,9,7,XX1,-0.000057,
random_vocab_any,tv,9,7,YY,0.000200,
random_vocab_any,tv,9,7,YY+1,0.000132,
random_vocab_any,tv,9,7,END,0.000942,
random_vocab_any,tv,9,8,NOUN,-0.000001,
random_vocab_any,tv,9,8,XX1,-0.000022,
random_vocab_any,tv,9,8,YY,0.000177,
random_vocab_any,tv,9,8,YY+1,0.000014,
random_vocab_any,tv,9,8,END,0.000065,
random_vocab_any,tv,9,9,NOUN,-0.000001,
random_vocab_any,tv,9,9,XX1,0.000013,
random_vocab_any,tv,9,9,YY,0.000025,
random_vocab_any,tv,9,9,YY+1,-0.000281,
random_vocab_any,tv,9,9,END,0.010745,
random_vocab_any,tv,9,10,NOUN,0.000001,
random_vocab_any,tv,9,10,XX1,0.000422,
random_vocab_any,tv,9,10,YY,0.002286,
random_vocab_any,tv,9,10,YY+1,-0.000012,
random_vocab_any,tv,9,10,END,-0.000672,
random_vocab_any,tv,9,11,NOUN,0.000000,
random_vocab_any,tv,9,11,XX1,0.000028,
random_vocab_any,tv,9,11,YY,0.000103,
random_vocab_any,tv,9,11,YY+1,0.000020,
random_vocab_any,tv,9,11,END,0.000624,
random_vocab_any,tv,10,0,NOUN,-0.000000,
random_vocab_any,tv,10,0,XX1,-0.000029,
random_vocab_any,tv,10,0,YY,0.000011,
random_vocab_any,tv,10,0,YY+1,0.000023,
random_vocab_any,tv,10,0,END,0.003515,
random_vocab_any,tv,10,1,NOUN,-0.000002,
random_vocab_any,tv,10,1,XX1,0.000007,
random_vocab_any,tv,10,1,YY,0.000010,
random_vocab_any,tv,10,1,YY+1,-0.000004,
random_vocab_any,tv,10,1,END,0.000617,
random_vocab_any,tv,10,2,NOUN,0.000000,
random_vocab_any,tv,10,2,XX1,0.000021,
random_vocab_any,tv,10,2,YY,0.000006,
random_vocab_any,tv,10,2,YY+1,-0.000213,
random_vocab_any,tv,10,2,END,0.010293,
random_vocab_any,tv,10,3,NOUN,-0.000001,
random_vocab_any,tv,10,3,XX1,0.000012,
random_vocab_any,tv,10,3,YY,0.000037,
random_vocab_any,tv,10,3,YY+1,0.000038,
random_vocab_any,tv,10,3,END,0.000176,
random_vocab_any,tv,10,4,NOUN,0.000000,
random_vocab_any,tv,10,4,XX1,0.000049,
random_vocab_any,tv,10,4,YY,0.000015,
random_vocab_any,tv,10,4,YY+1,0.000025,
random_vocab_any,tv,10,4,END,0.009822,
random_vocab_any,tv,10,5,NOUN,0.000001,
random_vocab_any,tv,10,5,XX1,-0.000027,
random_vocab_any,tv,10,5,YY,-0.000002,
random_vocab_any,tv,10,5,YY+1,-0.000007,
random_vocab_any,tv,10,5,END,0.000466,
random_vocab_any,tv,10,6,NOUN,0.000001,
random_vocab_any,tv,10,6,XX1,0.000018,
random_vocab_any,tv,10,6,YY,0.000007,
random_vocab_any,tv,10,6,YY+1,-0.000011,
random_vocab_any,tv,10,6,END,0.000966,
random_vocab_any,tv,10,7,NOUN,-0.000002,
random_vocab_any,tv,10,7,XX1,-0.000025,
random_vocab_any,tv,10,7,YY,0.000002,
random_vocab_any,tv,10,7,YY+1,0.000093,
random_vocab_any,tv,10,7,END,-0.001660,
random_vocab_any,tv,10,8,NOUN,0.000000,
random_vocab_any,tv,10,8,XX1,-0.000005,
random_vocab_any,tv,10,8,YY,0.000008,
random_vocab_any,tv,10,8,YY+1,-0.000015,
random_vocab_any,tv,10,8,END,0.001125,
random_vocab_any,tv,10,9,NOUN,-0.000002,
random_vocab_any,tv,10,9,XX1,0.000080,
random_vocab_any,tv,10,9,YY,0.000081,
random_vocab_any,tv,10,9,YY+1,-0.000046,
random_vocab_any,tv,10,9,END,-0.000740,
random_vocab_any,tv,10,10,NOUN,-0.000000,
random_vocab_any,tv,10,10,XX1,0.000027,
random_vocab_any,tv,10,10,YY,-0.000012,
random_vocab_any,tv,10,10,YY+1,0.000054,
random_vocab_any,tv,10,10,END,0.005570,
random_vocab_any,tv,10,11,NOUN,-0.000001,
random_vocab_any,tv,10,11,XX1,-0.000031,
random_vocab_any,tv,10,11,YY,-0.000029,
random_vocab_any,tv,10,11,YY+1,-0.000018,
random_vocab_any,tv,10,11,END,0.000353,
random_vocab_any,tv,11,0,NOUN,0.000000,
random_vocab_any,tv,11,0,XX1,0.000000,
random_vocab_any,tv,11,0,YY,0.000000,
random_vocab_any,tv,11,0,YY+1,0.000000,
random_vocab_any,tv,11,0,END,-0.003627,
random_vocab_any,tv,11,1,NOUN,0.000000,
random_vocab_any,tv,11,1,XX1,0.000000,
random_vocab_any,tv,11,1,YY,0.000000,
random_vocab_any,tv,11,1,YY+1,0.000000,
random_vocab_any,tv,11,1,END,0.000240,
random_vocab_any,tv,11,2,NOUN,0.000000,
random_vocab_any,tv,11,2,XX1,0.000000,
random_vocab_any,tv,11,2,YY,0.000000,
random_vocab_any,tv,11,2,YY+1,0.000000,
random_vocab_any,tv,11,2,END,0.000924,
random_vocab_any,tv,11,3,NOUN,0.000000,
random_vocab_any,tv,11,3,XX1,0.000000,
random_vocab_any,tv,11,3,YY,0.000000,
random_vocab_any,tv,11,3,YY+1,0.000000,
random_vocab_any,tv,11,3,END,0.000706,
random_vocab_any,tv,11,4,NOUN,0.000000,
random_vocab_any,tv,11,4,XX1,0.000000,
random_vocab_any,tv,11,4,YY,0.000000,
random_vocab_any,tv,11,4,YY+1,0.000000,
random_vocab_any,tv,11,4,END,0.000839,
random_vocab_any,tv,11,5,NOUN,0.000000,
random_vocab_any,tv,11,5,XX1,0.000000,
random_vocab_any,tv,11,5,YY,0.000000,
random_vocab_any,tv,11,5,YY+1,0.000000,
random_vocab_any,tv,11,5,END,0.000014,
random_vocab_any,tv,11,6,NOUN,0.000000,
random_vocab_any,tv,11,6,XX1,0.000000,
random_vocab_any,tv,11,6,YY,0.000000,
random_vocab_any,tv,11,6,YY+1,0.000000,
random_vocab_any,tv,11,6,END,0.000414,
random_vocab_any,tv,11,7,NOUN,0.000000,
random_vocab_any,tv,11,7,XX1,0.000000,
random_vocab_any,tv,11,7,YY,0.000000,
random_vocab_any,tv,11,7,YY+1,0.000000,
random_vocab_any,tv,11,7,END,0.000197,
random_vocab_any,tv,11,8,NOUN,0.000000,
random_vocab_any,tv,11,8,XX1,0.000000,
random_vocab_any,tv,11,8,YY,0.000000,
random_vocab_any,tv,11,8,YY+1,0.000000,
random_vocab_any,tv,11,8,END,0.007542,
random_vocab_any,tv,11,9,NOUN,0.000000,
random_vocab_any,tv,11,9,XX1,0.000000,
random_vocab_any,tv,11,9,YY,0.000000,
random_vocab_any,tv,11,9,YY+1,0.000000,
random_vocab_any,tv,11,9,END,0.000553,
random_vocab_any,tv,11,10,NOUN,0.000000,
random_vocab_any,tv,11,10,XX1,0.000000,
random_vocab_any,tv,11,10,YY,0.000000,
random_vocab_any,tv,11,10,YY+1,0.000000,
random_vocab_any,tv,11,10,END,0.000761,
random_vocab_any,tv,11,11,NOUN,0.000000,
random_vocab_any,tv,11,11,XX1,0.000000,
random_vocab_any,tv,11,11,YY,0.000000,
random_vocab_any,tv,11,11,YY+1,0.000000,
random_vocab_any,tv,11,11,END,-0.000581,
