layer,head,input,position,screen_score,published_class
0,0,q,t0,0.000000,
0,0,q,t1,0.000000,
0,0,q,t2,0.000000,
0,0,q,t3,0.000000,
0,0,q,t4,0.000000,
0,0,q,t5,0.000000,
0,0,q,t6,0.000000,
0,0,q,t7,0.000000,
0,0,q,t8,0.001954,
0,0,q,t9,0.000000,
0,0,q,t10,0.000000,
0,0,q,t11,0.000000,
0,0,q,t12,0.000000,
0,0,k,t0,0.000000,
0,0,k,t1,0.000000,
0,0,k,t2,0.000000,
0,0,k,t3,0.000000,
0,0,k,t4,0.000000,
0,0,k,t5,0.000000,
0,0,k,t6,0.000000,
0,0,k,t7,0.000000,
0,0,k,t8,0.000099,
0,0,k,t9,0.000000,
0,0,k,t10,0.000000,
0,0,k,t11,0.000000,
0,0,k,t12,0.000000,
0,0,v,t0,0.000000,
0,0,v,t1,0.000000,
0,0,v,t2,0.000000,
0,0,v,t3,0.000000,
0,0,v,t4,0.000000,
0,0,v,t5,0.000000,
0,0,v,t6,0.000000,
0,0,v,t7,0.000000,
0,0,v,t8,-0.000716,
0,0,v,t9,0.000000,
0,0,v,t10,0.000000,
0,0,v,t11,0.000000,
0,0,v,t12,0.000000,
0,1,q,t0,0.000000,
0,1,q,t1,0.000000,
0,1,q,t2,0.000000,
0,1,q,t3,0.000000,
0,1,q,t4,0.000000,
0,1,q,t5,0.000000,
0,1,q,t6,0.000000,
0,1,q,t7,0.000000,
0,1,q,t8,0.038132,
0,1,q,t9,0.000000,
0,1,q,t10,0.000000,
0,1,q,t11,0.000000,
0,1,q,t12,0.000000,
0,1,k,t0,0.000000,
0,1,k,t1,0.000000,
0,1,k,t2,0.000000,
0,1,k,t3,0.000000,
0,1,k,t4,0.000000,
0,1,k,t5,0.000000,
0,1,k,t6,0.000000,
0,1,k,t7,0.000000,
0,1,k,t8,0.029018,
0,1,k,t9,0.000000,
0,1,k,t10,0.000000,
0,1,k,t11,0.000000,
0,1,k,t12,0.000000,
0,1,v,t0,0.000000,
0,1,v,t1,0.000000,
0,1,v,t2,0.000000,
0,1,v,t3,0.000000,
0,1,v,t4,0.000000,
0,1,v,t5,0.000000,
0,1,v,t6,0.000000,
0,1,v,t7,0.000000,
0,1,v,t8,0.030627,
0,1,v,t9,0.000000,
0,1,v,t10,0.000000,
0,1,v,t11,0.000000,
0,1,v,t12,0.000000,
0,2,q,t0,0.000000,
0,2,q,t1,0.000000,
0,2,q,t2,0.000000,
0,2,q,t3,0.000000,
0,2,q,t4,0.000000,
0,2,q,t5,0.000000,
0,2,q,t6,0.000000,
0,2,q,t7,0.000000,
0,2,q,t8,-0.000538,
0,2,q,t9,0.000000,
0,2,q,t10,0.000000,
0,2,q,t11,0.000000,
0,2,q,t12,0.000000,
0,2,k,t0,0.000000,
0,2,k,t1,0.000000,
0,2,k,t2,0.000000,
0,2,k,t3,0.000000,
0,2,k,t4,0.000000,
0,2,k,t5,0.000000,
0,2,k,t6,0.000000,
0,2,k,t7,0.000000,
0,2,k,t8,-0.000713,
0,2,k,t9,0.000000,
0,2,k,t10,0.000000,
0,2,k,t11,0.000000,
0,2,k,t12,0.000000,
0,2,v,t0,0.000000,
0,2,v,t1,0.000000,
0,2,v,t2,0.000000,
0,2,v,t3,0.000000,
0,2,v,t4,0.000000,
0,2,v,t5,0.000000,
0,2,v,t6,0.000000,
0,2,v,t7,0.000000,
0,2,v,t8,-0.000081,
0,2,v,t9,0.000000,
0,2,v,t10,0.000000,
0,2,v,t11,0.000000,
0,2,v,t12,0.000000,
0,3,q,t0,0.000000,
0,3,q,t1,0.000000,
0,3,q,t2,0.000000,
0,3,q,t3,0.000000,
0,3,q,t4,0.000000,
0,3,q,t5,0.000000,
0,3,q,t6,0.000000,
0,3,q,t7,0.000000,
0,3,q,t8,0.003130,
0,3,q,t9,0.000000,
0,3,q,t10,0.000000,
0,3,q,t11,0.000000,
0,3,q,t12,0.000000,
0,3,k,t0,0.000000,
0,3,k,t1,0.000000,
0,3,k,t2,0.000000,
0,3,k,t3,0.000000,
0,3,k,t4,0.000000,
0,3,k,t5,0.000000,
0,3,k,t6,0.000000,
0,3,k,t7,0.000000,
0,3,k,t8,0.004457,
0,3,k,t9,0.000000,
0,3,k,t10,0.000000,
0,3,k,t11,0.000000,
0,3,k,t12,0.000000,
0,3,v,t0,0.000000,
0,3,v,t1,0.000000,
0,3,v,t2,0.000000,
0,3,v,t3,0.000000,
0,3,v,t4,0.000000,
0,3,v,t5,0.000000,
0,3,v,t6,0.000000,
0,3,v,t7,0.000000,
0,3,v,t8,0.009973,
0,3,v,t9,0.000000,
0,3,v,t10,0.000000,
0,3,v,t11,0.000000,
0,3,v,t12,0.000000,
0,4,q,t0,0.000000,
0,4,q,t1,0.000000,
0,4,q,t2,0.000000,
0,4,q,t3,0.000000,
0,4,q,t4,0.000000,
0,4,q,t5,0.000000,
0,4,q,t6,0.000000,
0,4,q,t7,0.000000,
0,4,q,t8,0.006946,
0,4,q,t9,0.000000,
0,4,q,t10,0.000000,
0,4,q,t11,0.000000,
0,4,q,t12,0.000000,
0,4,k,t0,0.000000,
0,4,k,t1,0.000000,
0,4,k,t2,0.000000,
0,4,k,t3,0.000000,
0,4,k,t4,0.000000,
0,4,k,t5,0.000000,
0,4,k,t6,0.000000,
0,4,k,t7,0.000000,
0,4,k,t8,0.005464,
0,4,k,t9,0.000000,
0,4,k,t10,0.000000,
0,4,k,t11,0.000000,
0,4,k,t12,0.000000,
0,4,v,t0,0.000000,
0,4,v,t1,0.000000,
0,4,v,t2,0.000000,
0,4,v,t3,0.000000,
0,4,v,t4,0.000000,
0,4,v,t5,0.000000,
0,4,v,t6,0.000000,
0,4,v,t7,0.000000,
0,4,v,t8,0.010349,
0,4,v,t9,0.000000,
0,4,v,t10,0.000000,
0,4,v,t11,0.000000,
0,4,v,t12,0.000000,
0,5,q,t0,0.000000,
0,5,q,t1,0.000000,
0,5,q,t2,0.000000,
0,5,q,t3,0.000000,
0,5,q,t4,0.000000,
0,5,q,t5,0.000000,
0,5,q,t6,0.000000,
0,5,q,t7,0.000000,
0,5,q,t8,-0.029909,
0,5,q,t9,0.000000,
0,5,q,t10,0.000000,
0,5,q,t11,0.000000,
0,5,q,t12,0.000000,
0,5,k,t0,0.000000,
0,5,k,t1,0.000000,
0,5,k,t2,0.000000,
0,5,k,t3,0.000000,
0,5,k,t4,0.000000,
0,5,k,t5,0.000000,
0,5,k,t6,0.000000,
0,5,k,t7,0.000000,
0,5,k,t8,-0.031216,
0,5,k,t9,0.000000,
0,5,k,t10,0.000000,
0,5,k,t11,0.000000,
0,5,k,t12,0.000000,
0,5,v,t0,0.000000,
0,5,v,t1,0.000000,
0,5,v,t2,0.000000,
0,5,v,t3,0.000000,
0,5,v,t4,0.000000,
0,5,v,t5,0.000000,
0,5,v,t6,0.000000,
0,5,v,t7,0.000000,
0,5,v,t8,0.016993,
0,5,v,t9,0.000000,
0,5,v,t10,0.000000,
0,5,v,t11,0.000000,
0,5,v,t12,0.000000,
0,6,q,t0,0.000000,
0,6,q,t1,0.000000,
0,6,q,t2,0.000000,
0,6,q,t3,0.000000,
0,6,q,t4,0.000000,
0,6,q,t5,0.000000,
0,6,q,t6,0.000000,
0,6,q,t7,0.000000,
0,6,q,t8,0.002284,
0,6,q,t9,0.000000,
0,6,q,t10,0.000000,
0,6,q,t11,0.000000,
0,6,q,t12,0.000000,
0,6,k,t0,0.000000,
0,6,k,t1,0.000000,
0,6,k,t2,0.000000,
0,6,k,t3,0.000000,
0,6,k,t4,0.000000,
0,6,k,t5,0.000000,
0,6,k,t6,0.000000,
0,6,k,t7,0.000000,
0,6,k,t8,0.000397,
0,6,k,t9,0.000000,
0,6,k,t10,0.000000,
0,6,k,t11,0.000000,
0,6,k,t12,0.000000,
0,6,v,t0,0.000000,
0,6,v,t1,0.000000,
0,6,v,t2,0.000000,
0,6,v,t3,0.000000,
0,6,v,t4,0.000000,
0,6,v,t5,0.000000,
0,6,v,t6,0.000000,
0,6,v,t7,0.000000,
0,6,v,t8,-0.001506,
0,6,v,t9,0.000000,
0,6,v,t10,0.000000,
0,6,v,t11,0.000000,
0,6,v,t12,0.000000,
0,7,q,t0,0.000000,
0,7,q,t1,0.000000,
0,7,q,t2,0.000000,
0,7,q,t3,0.000000,
0,7,q,t4,0.000000,
0,7,q,t5,0.000000,
0,7,q,t6,0.000000,
0,7,q,t7,0.000000,
0,7,q,t8,0.005081,
0,7,q,t9,0.000000,
0,7,q,t10,0.000000,
0,7,q,t11,0.000000,
0,7,q,t12,0.000000,
0,7,k,t0,0.000000,
0,7,k,t1,0.000000,
0,7,k,t2,0.000000,
0,7,k,t3,0.000000,
0,7,k,t4,0.000000,
0,7,k,t5,0.000000,
0,7,k,t6,0.000000,
0,7,k,t7,0.000000,
0,7,k,t8,0.001483,
0,7,k,t9,0.000000,
0,7,k,t10,0.000000,
0,7,k,t11,0.000000,
0,7,k,t12,0.000000,
0,7,v,t0,0.000000,
0,7,v,t1,0.000000,
0,7,v,t2,0.000000,
0,7,v,t3,0.000000,
0,7,v,t4,0.000000,
0,7,v,t5,0.000000,
0,7,v,t6,0.000000,
0,7,v,t7,0.000000,
0,7,v,t8,0.001754,
0,7,v,t9,0.000000,
0,7,v,t10,0.000000,
0,7,v,t11,0.000000,
0,7,v,t12,0.000000,
0,8,q,t0,0.000000,
0,8,q,t1,0.000000,
0,8,q,t2,0.000000,
0,8,q,t3,0.000000,
0,8,q,t4,0.000000,
0,8,q,t5,0.000000,
0,8,q,t6,0.000000,
0,8,q,t7,0.000000,
0,8,q,t8,0.000886,
0,8,q,t9,0.000000,
0,8,q,t10,0.000000,
0,8,q,t11,0.000000,
0,8,q,t12,0.000000,
0,8,k,t0,0.000000,
0,8,k,t1,0.000000,
0,8,k,t2,0.000000,
0,8,k,t3,0.000000,
0,8,k,t4,0.000000,
0,8,k,t5,0.000000,
0,8,k,t6,0.000000,
0,8,k,t7,0.000000,
0,8,k,t8,-0.000097,
0,8,k,t9,0.000000,
0,8,k,t10,0.000000,
0,8,k,t11,0.000000,
0,8,k,t12,0.000000,
0,8,v,t0,0.000000,
0,8,v,t1,0.000000,
0,8,v,t2,0.000000,
0,8,v,t3,0.000000,
0,8,v,t4,0.000000,
0,8,v,t5,0.000000,
0,8,v,t6,0.000000,
0,8,v,t7,0.000000,
0,8,v,t8,0.000988,
0,8,v,t9,0.000000,
0,8,v,t10,0.000000,
0,8,v,t11,0.000000,
0,8,v,t12,0.000000,
0,9,q,t0,0.000000,
0,9,q,t1,0.000000,
0,9,q,t2,0.000000,
0,9,q,t3,0.000000,
0,9,q,t4,0.000000,
0,9,q,t5,0.000000,
0,9,q,t6,0.000000,
0,9,q,t7,0.000000,
0,9,q,t8,-0.001492,
0,9,q,t9,0.000000,
0,9,q,t10,0.000000,
0,9,q,t11,0.000000,
0,9,q,t12,0.000000,
0,9,k,t0,0.000000,
0,9,k,t1,0.000000,
0,9,k,t2,0.000000,
0,9,k,t3,0.000000,
0,9,k,t4,0.000000,
0,9,k,t5,0.000000,
0,9,k,t6,0.000000,
0,9,k,t7,0.000000,
0,9,k,t8,-0.001725,
0,9,k,t9,0.000000,
0,9,k,t10,0.000000,
0,9,k,t11,0.000000,
0,9,k,t12,0.000000,
0,9,v,t0,0.000000,
0,9,v,t1,0.000000,
0,9,v,t2,0.000000,
0,9,v,t3,0.000000,
0,9,v,t4,0.000000,
0,9,v,t5,0.000000,
0,9,v,t6,0.000000,
0,9,v,t7,0.000000,
0,9,v,t8,0.001741,
0,9,v,t9,0.000000,
0,9,v,t10,0.000000,
0,9,v,t11,0.000000,
0,9,v,t12,0.000000,
0,10,q,t0,0.000000,
0,10,q,t1,0.000000,
0,10,q,t2,0.000000,
0,10,q,t3,0.000000,
0,10,q,t4,0.000000,
0,10,q,t5,0.000000,
0,10,q,t6,0.000000,
0,10,q,t7,0.000000,
0,10,q,t8,-0.015432,
0,10,q,t9,0.000000,
0,10,q,t10,0.000000,
0,10,q,t11,0.000000,
0,10,q,t12,0.000000,
0,10,k,t0,0.000000,
0,10,k,t1,0.000000,
0,10,k,t2,0.000000,
0,10,k,t3,0.000000,
0,10,k,t4,0.000000,
0,10,k,t5,0.000000,
0,10,k,t6,0.000000,
0,10,k,t7,0.000000,
0,10,k,t8,-0.013656,
0,10,k,t9,0.000000,
0,10,k,t10,0.000000,
0,10,k,t11,0.000000,
0,10,k,t12,0.000000,
0,10,v,t0,0.000000,
0,10,v,t1,0.000000,
0,10,v,t2,0.000000,
0,10,v,t3,0.000000,
0,10,v,t4,0.000000,
0,10,v,t5,0.000000,
0,10,v,t6,0.000000,
0,10,v,t7,0.000000,
0,10,v,t8,-0.008974,
0,10,v,t9,0.000000,
0,10,v,t10,0.000000,
0,10,v,t11,0.000000,
0,10,v,t12,0.000000,
0,11,q,t0,0.000000,
0,11,q,t1,0.000000,
0,11,q,t2,0.000000,
0,11,q,t3,0.000000,
0,11,q,t4,0.000000,
0,11,q,t5,0.000000,
0,11,q,t6,0.000000,
0,11,q,t7,0.000000,
0,11,q,t8,0.000530,
0,11,q,t9,0.000000,
0,11,q,t10,0.000000,
0,11,q,t11,0.000000,
0,11,q,t12,0.000000,
0,11,k,t0,0.000000,
0,11,k,t1,0.000000,
0,11,k,t2,0.000000,
0,11,k,t3,0.000000,
0,11,k,t4,0.000000,
0,11,k,t5,0.000000,
0,11,k,t6,0.000000,
0,11,k,t7,0.000000,
0,11,k,t8,-0.000249,
0,11,k,t9,0.000000,
0,11,k,t10,0.000000,
0,11,k,t11,0.000000,
0,11,k,t12,0.000000,
0,11,v,t0,0.000000,
0,11,v,t1,0.000000,
0,11,v,t2,0.000000,
0,11,v,t3,0.000000,
0,11,v,t4,0.000000,
0,11,v,t5,0.000000,
0,11,v,t6,0.000000,
0,11,v,t7,0.000000,
0,11,v,t8,-0.000300,
0,11,v,t9,0.000000,
0,11,v,t10,0.000000,
0,11,v,t11,0.000000,
0,11,v,t12,0.000000,
1,0,q,t0,0.000000,
1,0,q,t1,0.000000,
1,0,q,t2,0.000000,
1,0,q,t3,0.000000,
1,0,q,t4,0.000000,
1,0,q,t5,0.000000,
1,0,q,t6,0.000000,
1,0,q,t7,0.000000,
1,0,q,t8,-0.001253,
1,0,q,t9,0.000013,
1,0,q,t10,0.000010,
1,0,q,t11,-0.000032,
1,0,q,t12,0.000013,
1,0,k,t0,0.000000,
1,0,k,t1,0.000000,
1,0,k,t2,0.000000,
1,0,k,t3,0.000000,
1,0,k,t4,0.000000,
1,0,k,t5,0.000000,
1,0,k,t6,0.000000,
1,0,k,t7,0.000000,
1,0,k,t8,-0.001647,
1,0,k,t9,0.000019,
1,0,k,t10,-0.000017,
1,0,k,t11,0.000013,
1,0,k,t12,0.000075,
1,0,v,t0,0.000000,
1,0,v,t1,0.000000,
1,0,v,t2,0.000000,
1,0,v,t3,0.000000,
1,0,v,t4,0.000000,
1,0,v,t5,0.000000,
1,0,v,t6,0.000000,
1,0,v,t7,0.000000,
1,0,v,t8,0.004179,
1,0,v,t9,0.000102,
1,0,v,t10,0.000059,
1,0,v,t11,0.000008,
1,0,v,t12,-0.000005,
1,1,q,t0,0.000000,
1,1,q,t1,0.000000,
1,1,q,t2,0.000000,
1,1,q,t3,0.000000,
1,1,q,t4,0.000000,
1,1,q,t5,0.000000,
1,1,q,t6,0.000000,
1,1,q,t7,0.000000,
1,1,q,t8,0.000893,
1,1,q,t9,-0.000018,
1,1,q,t10,0.000022,
1,1,q,t11,0.000004,
1,1,q,t12,-0.000005,
1,1,k,t0,0.000000,
1,1,k,t1,0.000000,
1,1,k,t2,0.000000,
1,1,k,t3,0.000000,
1,1,k,t4,0.000000,
1,1,k,t5,0.000000,
1,1,k,t6,0.000000,
1,1,k,t7,0.000000,
1,1,k,t8,-0.000106,
1,1,k,t9,0.000057,
1,1,k,t10,0.000028,
1,1,k,t11,-0.000001,
1,1,k,t12,-0.000007,
1,1,v,t0,0.000000,
1,1,v,t1,0.000000,
1,1,v,t2,0.000000,
1,1,v,t3,0.000000,
1,1,v,t4,0.000000,
1,1,v,t5,0.000000,
1,1,v,t6,0.000000,
1,1,v,t7,0.000000,
1,1,v,t8,-0.001226,
1,1,v,t9,-0.000153,
1,1,v,t10,-0.000095,
1,1,v,t11,0.000005,
1,1,v,t12,0.000002,
1,2,q,t0,0.000000,
1,2,q,t1,0.000000,
1,2,q,t2,0.000000,
1,2,q,t3,0.000000,
1,2,q,t4,0.000000,
1,2,q,t5,0.000000,
1,2,q,t6,0.000000,
1,2,q,t7,0.000000,
1,2,q,t8,0.000046,
1,2,q,t9,0.000002,
1,2,q,t10,-0.000006,
1,2,q,t11,0.000010,
1,2,q,t12,0.000002,
1,2,k,t0,0.000000,
1,2,k,t1,0.000000,
1,2,k,t2,0.000000,
1,2,k,t3,0.000000,
1,2,k,t4,0.000000,
1,2,k,t5,0.000000,
1,2,k,t6,0.000000,
1,2,k,t7,0.000000,
1,2,k,t8,0.000150,
1,2,k,t9,-0.000005,
1,2,k,t10,-0.000005,
1,2,k,t11,0.000005,
1,2,k,t12,0.000001,
1,2,v,t0,0.000000,
1,2,v,t1,0.000000,
1,2,v,t2,0.000000,
1,2,v,t3,0.000000,
1,2,v,t4,0.000000,
1,2,v,t5,0.000000,
1,2,v,t6,0.000000,
1,2,v,t7,0.000000,
1,2,v,t8,-0.000588,
1,2,v,t9,-0.000023,
1,2,v,t10,0.000002,
1,2,v,t11,0.000019,
1,2,v,t12,0.000024,
1,3,q,t0,0.000000,
1,3,q,t1,0.000000,
1,3,q,t2,0.000000,
1,3,q,t3,0.000000,
1,3,q,t4,0.000000,
1,3,q,t5,0.000000,
1,3,q,t6,0.000000,
1,3,q,t7,0.000000,
1,3,q,t8,0.000149,
1,3,q,t9,0.000129,
1,3,q,t10,-0.000109,
1,3,q,t11,0.000050,
1,3,q,t12,-0.000307,
1,3,k,t0,0.000000,
1,3,k,t1,0.000000,
1,3,k,t2,0.000000,
1,3,k,t3,0.000000,
1,3,k,t4,0.000000,
1,3,k,t5,0.000000,
1,3,k,t6,0.000000,
1,3,k,t7,0.000000,
1,3,k,t8,0.000124,
1,3,k,t9,0.000029,
1,3,k,t10,0.000054,
1,3,k,t11,-0.000012,
1,3,k,t12,0.000056,
1,3,v,t0,0.000000,
1,3,v,t1,0.000000,
1,3,v,t2,0.000000,
1,3,v,t3,0.000000,
1,3,v,t4,0.000000,
1,3,v,t5,0.000000,
1,3,v,t6,0.000000,
1,3,v,t7,0.000000,
1,3,v,t8,0.000144,
1,3,v,t9,0.000010,
1,3,v,t10,-0.000010,
1,3,v,t11,0.000013,
1,3,v,t12,-0.000030,
1,4,q,t0,0.000000,
1,4,q,t1,0.000000,
1,4,q,t2,0.000000,
1,4,q,t3,0.000000,
1,4,q,t4,0.000000,
1,4,q,t5,0.000000,
1,4,q,t6,0.000000,
1,4,q,t7,0.000000,
1,4,q,t8,0.000106,
1,4,q,t9,0.000013,
1,4,q,t10,-0.000007,
1,4,q,t11,0.000002,
1,4,q,t12,0.000001,
1,4,k,t0,0.000000,
1,4,k,t1,0.000000,
1,4,k,t2,0.000000,
1,4,k,t3,0.000000,
1,4,k,t4,0.000000,
1,4,k,t5,0.000000,
1,4,k,t6,0.000000,
1,4,k,t7,0.000000,
1,4,k,t8,-0.000209,
1,4,k,t9,0.000003,
1,4,k,t10,0.000004,
1,4,k,t11,0.000002,
1,4,k,t12,0.000014,
1,4,v,t0,0.000000,
1,4,v,t1,0.000000,
1,4,v,t2,0.000000,
1,4,v,t3,0.000000,
1,4,v,t4,0.000000,
1,4,v,t5,0.000000,
1,4,v,t6,0.000000,
1,4,v,t7,0.000000,
1,4,v,t8,0.001388,
1,4,v,t9,0.000019,
1,4,v,t10,0.000002,
1,4,v,t11,0.000032,
1,4,v,t12,-0.000001,
1,5,q,t0,0.000000,
1,5,q,t1,0.000000,
1,5,q,t2,0.000000,
1,5,q,t3,0.000000,
1,5,q,t4,0.000000,
1,5,q,t5,0.000000,
1,5,q,t6,0.000000,
1,5,q,t7,0.000000,
1,5,q,t8,-0.000684,
1,5,q,t9,0.000001,
1,5,q,t10,-0.000002,
1,5,q,t11,0.000010,
1,5,q,t12,-0.000107,
1,5,k,t0,0.000000,
1,5,k,t1,0.000000,
1,5,k,t2,0.000000,
1,5,k,t3,0.000000,
1,5,k,t4,0.000000,
1,5,k,t5,0.000000,
1,5,k,t6,0.000000,
1,5,k,t7,0.000000,
1,5,k,t8,-0.000782,
1,5,k,t9,0.000011,
1,5,k,t10,0.000023,
1,5,k,t11,-0.000014,
1,5,k,t12,-0.000018,
1,5,v,t0,0.000000,
1,5,v,t1,0.000000,
1,5,v,t2,0.000000,
1,5,v,t3,0.000000,
1,5,v,t4,0.000000,
1,5,v,t5,0.000000,
1,5,v,t6,0.000000,
1,5,v,t7,0.000000,
1,5,v,t8,-0.002598,
1,5,v,t9,0.000032,
1,5,v,t10,-0.000071,
1,5,v,t11,-0.000000,
1,5,v,t12,-0.000143,
1,6,q,t0,0.000000,
1,6,q,t1,0.000000,
1,6,q,t2,0.000000,
1,6,q,t3,0.000000,
1,6,q,t4,0.000000,
1,6,q,t5,0.000000,
1,6,q,t6,0.000000,
1,6,q,t7,0.000000,
1,6,q,t8,0.000927,
1,6,q,t9,-0.000008,
1,6,q,t10,0.000008,
1,6,q,t11,-0.000049,
1,6,q,t12,-0.000015,
1,6,k,t0,0.000000,
1,6,k,t1,0.000000,
1,6,k,t2,0.000000,
1,6,k,t3,0.000000,
1,6,k,t4,0.000000,
1,6,k,t5,0.000000,
1,6,k,t6,0.000000,
1,6,k,t7,0.000000,
1,6,k,t8,-0.001105,
1,6,k,t9,-0.000039,
1,6,k,t10,-0.000008,
1,6,k,t11,0.000001,
1,6,k,t12,-0.000001,
1,6,v,t0,0.000000,
1,6,v,t1,0.000000,
1,6,v,t2,0.000000,
1,6,v,t3,0.000000,
1,6,v,t4,0.000000,
1,6,v,t5,0.000000,
1,6,v,t6,0.000000,
1,6,v,t7,0.000000,
1,6,v,t8,0.001529,
1,6,v,t9,-0.000025,
1,6,v,t10,-0.000018,
1,6,v,t11,-0.000002,
1,6,v,t12,-0.000035,
1,7,q,t0,0.000000,
1,7,q,t1,0.000000,
1,7,q,t2,0.000000,
1,7,q,t3,0.000000,
1,7,q,t4,0.000000,
1,7,q,t5,0.000000,
1,7,q,t6,0.000000,
1,7,q,t7,0.000000,
1,7,q,t8,-0.000970,
1,7,q,t9,0.000035,
1,7,q,t10,-0.000000,
1,7,q,t11,0.000027,
1,7,q,t12,-0.000092,
1,7,k,t0,0.000000,
1,7,k,t1,0.000000,
1,7,k,t2,0.000000,
1,7,k,t3,0.000000,
1,7,k,t4,0.000000,
1,7,k,t5,0.000000,
1,7,k,t6,0.000000,
1,7,k,t7,0.000000,
1,7,k,t8,-0.000081,
1,7,k,t9,0.000058,
1,7,k,t10,-0.000033,
1,7,k,t11,0.000032,
1,7,k,t12,-0.000000,
1,7,v,t0,0.000000,
1,7,v,t1,0.000000,
1,7,v,t2,0.000000,
1,7,v,t3,0.000000,
1,7,v,t4,0.000000,
1,7,v,t5,0.000000,
1,7,v,t6,0.000000,
1,7,v,t7,0.000000,
1,7,v,t8,0.000808,
1,7,v,t9,-0.000115,
1,7,v,t10,-0.000053,
1,7,v,t11,0.000030,
1,7,v,t12,-0.000081,
1,8,q,t0,0.000000,
1,8,q,t1,0.000000,
1,8,q,t2,0.000000,
1,8,q,t3,0.000000,
1,8,q,t4,0.000000,
1,8,q,t5,0.000000,
1,8,q,t6,0.000000,
1,8,q,t7,0.000000,
1,8,q,t8,-0.000172,
1,8,q,t9,-0.000015,
1,8,q,t10,-0.000016,
1,8,q,t11,0.000024,
1,8,q,t12,-0.000061,
1,8,k,t0,0.000000,
1,8,k,t1,0.000000,
1,8,k,t2,0.000000,
1,8,k,t3,0.000000,
1,8,k,t4,0.000000,
1,8,k,t5,0.000000,
1,8,k,t6,0.000000,
1,8,k,t7,0.000000,
1,8,k,t8,-0.000430,
1,8,k,t9,0.000020,
1,8,k,t10,-0.000003,
1,8,k,t11,-0.000004,
1,8,k,t12,0.000008,
1,8,v,t0,0.000000,
1,8,v,t1,0.000000,
1,8,v,t2,0.000000,
1,8,v,t3,0.000000,
1,8,v,t4,0.000000,
1,8,v,t5,0.000000,
1,8,v,t6,0.000000,
1,8,v,t7,0.000000,
1,8,v,t8,0.000277,
1,8,v,t9,-0.000036,
1,8,v,t10,0.000013,
1,8,v,t11,-0.000030,
1,8,v,t12,0.000013,
1,9,q,t0,0.000000,
1,9,q,t1,0.000000,
1,9,q,t2,0.000000,
1,9,q,t3,0.000000,
1,9,q,t4,0.000000,
1,9,q,t5,0.000000,
1,9,q,t6,0.000000,
1,9,q,t7,0.000000,
1,9,q,t8,-0.000807,
1,9,q,t9,-0.000005,
1,9,q,t10,0.000016,
1,9,q,t11,-0.000011,
1,9,q,t12,0.000070,
1,9,k,t0,0.000000,
1,9,k,t1,0.000000,
1,9,k,t2,0.000000,
1,9,k,t3,0.000000,
1,9,k,t4,0.000000,
1,9,k,t5,0.000000,
1,9,k,t6,0.000000,
1,9,k,t7,0.000000,
1,9,k,t8,-0.000212,
1,9,k,t9,-0.000004,
1,9,k,t10,0.000011,
1,9,k,t11,0.000000,
1,9,k,t12,-0.000002,
1,9,v,t0,0.000000,
1,9,v,t1,0.000000,
1,9,v,t2,0.000000,
1,9,v,t3,0.000000,
1,9,v,t4,0.000000,
1,9,v,t5,0.000000,
1,9,v,t6,0.000000,
1,9,v,t7,0.000000,
1,9,v,t8,-0.001405,
1,9,v,t9,-0.000023,
1,9,v,t10,0.000009,
1,9,v,t11,-0.000019,
1,9,v,t12,0.000001,
1,10,q,t0,0.000000,
1,10,q,t1,0.000000,
1,10,q,t2,0.000000,
1,10,q,t3,0.000000,
1,10,q,t4,0.000000,
1,10,q,t5,0.000000,
1,10,q,t6,0.000000,
1,10,q,t7,0.000000,
1,10,q,t8,-0.000004,
1,10,q,t9,-0.000002,
1,10,q,t10,0.000005,
1,10,q,t11,-0.000003,
1,10,q,t12,-0.000005,
1,10,k,t0,0.000000,
1,10,k,t1,0.000000,
1,10,k,t2,0.000000,
1,10,k,t3,0.000000,
1,10,k,t4,0.000000,
1,10,k,t5,0.000000,
1,10,k,t6,0.000000,
1,10,k,t7,0.000000,
1,10,k,t8,0.000199,
1,10,k,t9,-0.000003,
1,10,k,t10,-0.000003,
1,10,k,t11,0.000002,
1,10,k,t12,0.000007,
1,10,v,t0,0.000000,
1,10,v,t1,0.000000,
1,10,v,t2,0.000000,
1,10,v,t3,0.000000,
1,10,v,t4,0.000000,
1,10,v,t5,0.000000,
1,10,v,t6,0.000000,
1,10,v,t7,0.000000,
1,10,v,t8,-0.001060,
1,10,v,t9,-0.000003,
1,10,v,t10,0.000007,
1,10,v,t11,-0.000011,
1,10,v,t12,0.000025,
1,11,q,t0,0.000000,
1,11,q,t1,0.000000,
1,11,q,t2,0.000000,
1,11,q,t3,0.000000,
1,11,q,t4,0.000000,
1,11,q,t5,0.000000,
1,11,q,t6,0.000000,
1,11,q,t7,0.000000,
1,11,q,t8,-0.023447,
1,11,q,t9,-0.000012,
1,11,q,t10,-0.000004,
1,11,q,t11,0.000007,
1,11,q,t12,0.000001,
1,11,k,t0,0.000000,
1,11,k,t1,0.000000,
1,11,k,t2,0.000000,
1,11,k,t3,0.000000,
1,11,k,t4,0.000000,
1,11,k,t5,0.000000,
1,11,k,t6,0.000000,
1,11,k,t7,0.000000,
1,11,k,t8,-0.019443,
1,11,k,t9,-0.000028,
1,11,k,t10,-0.000005,
1,11,k,t11,-0.000016,
1,11,k,t12,-0.000046,
1,11,v,t0,0.000000,
1,11,v,t1,0.000000,
1,11,v,t2,0.000000,
1,11,v,t3,0.000000,
1,11,v,t4,0.000000,
1,11,v,t5,0.000000,
1,11,v,t6,0.000000,
1,11,v,t7,0.000000,
1,11,v,t8,-0.004511,
1,11,v,t9,-0.000159,
1,11,v,t10,0.000043,
1,11,v,t11,0.000015,
1,11,v,t12,0.000386,
2,0,q,t0,0.000000,
2,0,q,t1,0.000000,
2,0,q,t2,0.000000,
2,0,q,t3,0.000000,
2,0,q,t4,0.000000,
2,0,q,t5,0.000000,
2,0,q,t6,0.000000,
2,0,q,t7,0.000000,
2,0,q,t8,-0.000241,
2,0,q,t9,-0.000030,
2,0,q,t10,0.000038,
2,0,q,t11,0.000044,
2,0,q,t12,0.000016,
2,0,k,t0,0.000000,
2,0,k,t1,0.000000,
2,0,k,t2,0.000000,
2,0,k,t3,0.000000,
2,0,k,t4,0.000000,
2,0,k,t5,0.000000,
2,0,k,t6,0.000000,
2,0,k,t7,0.000000,
2,0,k,t8,-0.000881,
2,0,k,t9,0.000021,
2,0,k,t10,-0.000011,
2,0,k,t11,0.000016,
2,0,k,t12,-0.000000,
2,0,v,t0,0.000000,
2,0,v,t1,0.000000,
2,0,v,t2,0.000000,
2,0,v,t3,0.000000,
2,0,v,t4,0.000000,
2,0,v,t5,0.000000,
2,0,v,t6,0.000000,
2,0,v,t7,0.000000,
2,0,v,t8,-0.000618,
2,0,v,t9,0.000016,
2,0,v,t10,0.000006,
2,0,v,t11,-0.000008,
2,0,v,t12,-0.000128,
2,1,q,t0,0.000000,
2,1,q,t1,0.000000,
2,1,q,t2,0.000000,
2,1,q,t3,0.000000,
2,1,q,t4,0.000000,
2,1,q,t5,0.000000,
2,1,q,t6,0.000000,
2,1,q,t7,0.000000,
2,1,q,t8,-0.000490,
2,1,q,t9,0.000146,
2,1,q,t10,-0.000018,
2,1,q,t11,0.000263,
2,1,q,t12,0.000129,
2,1,k,t0,0.000000,
2,1,k,t1,0.000000,
2,1,k,t2,0.000000,
2,1,k,t3,0.000000,
2,1,k,t4,0.000000,
2,1,k,t5,0.000000,
2,1,k,t6,0.000000,
2,1,k,t7,0.000000,
2,1,k,t8,0.000596,
2,1,k,t9,-0.000012,
2,1,k,t10,-0.000029,
2,1,k,t11,0.000011,
2,1,k,t12,0.000060,
2,1,v,t0,0.000000,
2,1,v,t1,0.000000,
2,1,v,t2,0.000000,
2,1,v,t3,0.000000,
2,1,v,t4,0.000000,
2,1,v,t5,0.000000,
2,1,v,t6,0.000000,
2,1,v,t7,0.000000,
2,1,v,t8,0.000958,
2,1,v,t9,-0.000027,
2,1,v,t10,-0.000070,
2,1,v,t11,-0.000032,
2,1,v,t12,-0.000065,
2,2,q,t0,0.000000,
2,2,q,t1,0.000000,
2,2,q,t2,0.000000,
2,2,q,t3,0.000000,
2,2,q,t4,0.000000,
2,2,q,t5,0.000000,
2,2,q,t6,0.000000,
2,2,q,t7,0.000000,
2,2,q,t8,-0.001009,
2,2,q,t9,0.000162,
2,2,q,t10,0.000010,
2,2,q,t11,0.000018,
2,2,q,t12,0.000080,
2,2,k,t0,0.000000,
2,2,k,t1,0.000000,
2,2,k,t2,0.000000,
2,2,k,t3,0.000000,
2,2,k,t4,0.000000,
2,2,k,t5,0.000000,
2,2,k,t6,0.000000,
2,2,k,t7,0.000000,
2,2,k,t8,-0.000043,
2,2,k,t9,-0.000078,
2,2,k,t10,0.000047,
2,2,k,t11,-0.000142,
2,2,k,t12,0.000257,
2,2,v,t0,0.000000,
2,2,v,t1,0.000000,
2,2,v,t2,0.000000,
2,2,v,t3,0.000000,
2,2,v,t4,0.000000,
2,2,v,t5,0.000000,
2,2,v,t6,0.000000,
2,2,v,t7,0.000000,
2,2,v,t8,0.000783,
2,2,v,t9,0.000009,
2,2,v,t10,0.000004,
2,2,v,t11,-0.000098,
2,2,v,t12,-0.000007,
2,3,q,t0,0.000000,
2,3,q,t1,0.000000,
2,3,q,t2,0.000000,
2,3,q,t3,0.000000,
2,3,q,t4,0.000000,
2,3,q,t5,0.000000,
2,3,q,t6,0.000000,
2,3,q,t7,0.000000,
2,3,q,t8,0.000425,
2,3,q,t9,-0.000074,
2,3,q,t10,0.000038,
2,3,q,t11,0.000007,
2,3,q,t12,0.000027,
2,3,k,t0,0.000000,
2,3,k,t1,0.000000,
2,3,k,t2,0.000000,
2,3,k,t3,0.000000,
2,3,k,t4,0.000000,
2,3,k,t5,0.000000,
2,3,k,t6,0.000000,
2,3,k,t7,0.000000,
2,3,k,t8,0.000396,
2,3,k,t9,0.000001,
2,3,k,t10,-0.000036,
2,3,k,t11,-0.000004,
2,3,k,t12,-0.000005,
2,3,v,t0,0.000000,
2,3,v,t1,0.000000,
2,3,v,t2,0.000000,
2,3,v,t3,0.000000,
2,3,v,t4,0.000000,
2,3,v,t5,0.000000,
2,3,v,t6,0.000000,
2,3,v,t7,0.000000,
2,3,v,t8,0.000147,
2,3,v,t9,0.000025,
2,3,v,t10,0.000091,
2,3,v,t11,-0.000036,
2,3,v,t12,-0.000117,
2,4,q,t0,0.000000,
2,4,q,t1,0.000000,
2,4,q,t2,0.000000,
2,4,q,t3,0.000000,
2,4,q,t4,0.000000,
2,4,q,t5,0.000000,
2,4,q,t6,0.000000,
2,4,q,t7,0.000000,
2,4,q,t8,0.003161,
2,4,q,t9,0.000079,
2,4,q,t10,0.000012,
2,4,q,t11,-0.000008,
2,4,q,t12,0.000130,
2,4,k,t0,0.000000,
2,4,k,t1,0.000000,
2,4,k,t2,0.000000,
2,4,k,t3,0.000000,
2,4,k,t4,0.000000,
2,4,k,t5,0.000000,
2,4,k,t6,0.000000,
2,4,k,t7,0.000000,
2,4,k,t8,-0.000125,
2,4,k,t9,0.000076,
2,4,k,t10,0.000031,
2,4,k,t11,-0.000052,
2,4,k,t12,-0.000054,
2,4,v,t0,0.000000,
2,4,v,t1,0.000000,
2,4,v,t2,0.000000,
2,4,v,t3,0.000000,
2,4,v,t4,0.000000,
2,4,v,t5,0.000000,
2,4,v,t6,0.000000,
2,4,v,t7,0.000000,
2,4,v,t8,0.000443,
2,4,v,t9,-0.000102,
2,4,v,t10,-0.000013,
2,4,v,t11,0.000094,
2,4,v,t12,0.000087,
2,5,q,t0,0.000000,
2,5,q,t1,0.000000,
2,5,q,t2,0.000000,
2,5,q,t3,0.000000,
2,5,q,t4,0.000000,
2,5,q,t5,0.000000,
2,5,q,t6,0.000000,
2,5,q,t7,0.000000,
2,5,q,t8,0.001664,
2,5,q,t9,0.000039,
2,5,q,t10,-0.000009,
2,5,q,t11,0.000017,
2,5,q,t12,0.000214,
2,5,k,t0,0.000000,
2,5,k,t1,0.000000,
2,5,k,t2,0.000000,
2,5,k,t3,0.000000,
2,5,k,t4,0.000000,
2,5,k,t5,0.000000,
2,5,k,t6,0.000000,
2,5,k,t7,0.000000,
2,5,k,t8,0.000507,
2,5,k,t9,-0.000277,
2,5,k,t10,-0.000053,
2,5,k,t11,0.000183,
2,5,k,t12,0.000075,
2,5,v,t0,0.000000,
2,5,v,t1,0.000000,
2,5,v,t2,0.000000,
2,5,v,t3,0.000000,
2,5,v,t4,0.000000,
2,5,v,t5,0.000000,
2,5,v,t6,0.000000,
2,5,v,t7,0.000000,
2,5,v,t8,0.000583,
2,5,v,t9,0.000015,
2,5,v,t10,-0.000004,
2,5,v,t11,-0.000122,
2,5,v,t12,-0.000075,
2,6,q,t0,0.000000,
2,6,q,t1,0.000000,
2,6,q,t2,0.000000,
2,6,q,t3,0.000000,
2,6,q,t4,0.000000,
2,6,q,t5,0.000000,
2,6,q,t6,0.000000,
2,6,q,t7,0.000000,
2,6,q,t8,-0.000580,
2,6,q,t9,-0.000017,
2,6,q,t10,0.000104,
2,6,q,t11,-0.000272,
2,6,q,t12,0.000018,
2,6,k,t0,0.000000,
2,6,k,t1,0.000000,
2,6,k,t2,0.000000,
2,6,k,t3,0.000000,
2,6,k,t4,0.000000,
2,6,k,t5,0.000000,
2,6,k,t6,0.000000,
2,6,k,t7,0.000000,
2,6,k,t8,0.000041,
2,6,k,t9,-0.000005,
2,6,k,t10,-0.000002,
2,6,k,t11,-0.000026,
2,6,k,t12,-0.000003,
2,6,v,t0,0.000000,
2,6,v,t1,0.000000,
2,6,v,t2,0.000000,
2,6,v,t3,0.000000,
2,6,v,t4,0.000000,
2,6,v,t5,0.000000,
2,6,v,t6,0.000000,
2,6,v,t7,0.000000,
2,6,v,t8,-0.000524,
2,6,v,t9,-0.000003,
2,6,v,t10,0.000009,
2,6,v,t11,-0.000057,
2,6,v,t12,0.000029,
2,7,q,t0,0.000000,
2,7,q,t1,0.000000,
2,7,q,t2,0.000000,
2,7,q,t3,0.000000,
2,7,q,t4,0.000000,
2,7,q,t5,0.000000,
2,7,q,t6,0.000000,
2,7,q,t7,0.000000,
2,7,q,t8,0.000022,
2,7,q,t9,0.000021,
2,7,q,t10,0.000015,
2,7,q,t11,0.000006,
2,7,q,t12,0.000003,
2,7,k,t0,0.000000,
2,7,k,t1,0.000000,
2,7,k,t2,0.000000,
2,7,k,t3,0.000000,
2,7,k,t4,0.000000,
2,7,k,t5,0.000000,
2,7,k,t6,0.000000,
2,7,k,t7,0.000000,
2,7,k,t8,-0.000056,
2,7,k,t9,-0.000004,
2,7,k,t10,0.000003,
2,7,k,t11,-0.000006,
2,7,k,t12,0.000003,
2,7,v,t0,0.000000,
2,7,v,t1,0.000000,
2,7,v,t2,0.000000,
2,7,v,t3,0.000000,
2,7,v,t4,0.000000,
2,7,v,t5,0.000000,
2,7,v,t6,0.000000,
2,7,v,t7,0.000000,
2,7,v,t8,-0.002178,
2,7,v,t9,-0.000020,
2,7,v,t10,-0.000022,
2,7,v,t11,-0.000008,
2,7,v,t12,0.000132,
2,8,q,t0,0.000000,
2,8,q,t1,0.000000,
2,8,q,t2,0.000000,
2,8,q,t3,0.000000,
2,8,q,t4,0.000000,
2,8,q,t5,0.000000,
2,8,q,t6,0.000000,
2,8,q,t7,0.000000,
2,8,q,t8,0.003215,
2,8,q,t9,-0.000230,
2,8,q,t10,0.000027,
2,8,q,t11,-0.000024,
2,8,q,t12,0.000089,
2,8,k,t0,0.000000,
2,8,k,t1,0.000000,
2,8,k,t2,0.000000,
2,8,k,t3,0.000000,
2,8,k,t4,0.000000,
2,8,k,t5,0.000000,
2,8,k,t6,0.000000,
2,8,k,t7,0.000000,
2,8,k,t8,-0.000775,
2,8,k,t9,-0.000186,
2,8,k,t10,0.000086,
2,8,k,t11,0.000182,
2,8,k,t12,-0.000019,
2,8,v,t0,0.000000,
2,8,v,t1,0.000000,
2,8,v,t2,0.000000,
2,8,v,t3,0.000000,
2,8,v,t4,0.000000,
2,8,v,t5,0.000000,
2,8,v,t6,0.000000,
2,8,v,t7,0.000000,
2,8,v,t8,-0.000725,
2,8,v,t9,0.000083,
2,8,v,t10,-0.000046,
2,8,v,t11,-0.000076,
2,8,v,t12,-0.000008,
2,9,q,t0,0.000000,
2,9,q,t1,0.000000,
2,9,q,t2,0.000000,
2,9,q,t3,0.000000,
2,9,q,t4,0.000000,
2,9,q,t5,0.000000,
2,9,q,t6,0.000000,
2,9,q,t7,0.000000,
2,9,q,t8,-0.001809,
2,9,q,t9,0.000052,
2,9,q,t10,0.000062,
2,9,q,t11,-0.000154,
2,9,q,t12,0.000020,
2,9,k,t0,0.000000,
2,9,k,t1,0.000000,
2,9,k,t2,0.000000,
2,9,k,t3,0.000000,
2,9,k,t4,0.000000,
2,9,k,t5,0.000000,
2,9,k,t6,0.000000,
2,9,k,t7,0.000000,
2,9,k,t8,-0.002541,
2,9,k,t9,0.000099,
2,9,k,t10,-0.000029,
2,9,k,t11,-0.000096,
2,9,k,t12,0.000056,
2,9,v,t0,0.000000,
2,9,v,t1,0.000000,
2,9,v,t2,0.000000,
2,9,v,t3,0.000000,
2,9,v,t4,0.000000,
2,9,v,t5,0.000000,
2,9,v,t6,0.000000,
2,9,v,t7,0.000000,
2,9,v,t8,0.001435,
2,9,v,t9,-0.000008,
2,9,v,t10,-0.000021,
2,9,v,t11,-0.000115,
2,9,v,t12,-0.000123,
2,10,q,t0,0.000000,
2,10,q,t1,0.000000,
2,10,q,t2,0.000000,
2,10,q,t3,0.000000,
2,10,q,t4,0.000000,
2,10,q,t5,0.000000,
2,10,q,t6,0.000000,
2,10,q,t7,0.000000,
2,10,q,t8,-0.000024,
2,10,q,t9,-0.000010,
2,10,q,t10,-0.000031,
2,10,q,t11,-0.000007,
2,10,q,t12,0.000047,
2,10,k,t0,0.000000,
2,10,k,t1,0.000000,
2,10,k,t2,0.000000,
2,10,k,t3,0.000000,
2,10,k,t4,0.000000,
2,10,k,t5,0.000000,
2,10,k,t6,0.000000,
2,10,k,t7,0.000000,
2,10,k,t8,0.000214,
2,10,k,t9,-0.000001,
2,10,k,t10,0.000010,
2,10,k,t11,-0.000018,
2,10,k,t12,-0.000011,
2,10,v,t0,0.000000,
2,10,v,t1,0.000000,
2,10,v,t2,0.000000,
2,10,v,t3,0.000000,
2,10,v,t4,0.000000,
2,10,v,t5,0.000000,
2,10,v,t6,0.000000,
2,10,v,t7,0.000000,
2,10,v,t8,-0.000893,
2,10,v,t9,0.000052,
2,10,v,t10,0.000032,
2,10,v,t11,0.000108,
2,10,v,t12,-0.000112,
2,11,q,t0,0.000000,
2,11,q,t1,0.000000,
2,11,q,t2,0.000000,
2,11,q,t3,0.000000,
2,11,q,t4,0.000000,
2,11,q,t5,0.000000,
2,11,q,t6,0.000000,
2,11,q,t7,0.000000,
2,11,q,t8,-0.000023,
2,11,q,t9,-0.000273,
2,11,q,t10,-0.000249,
2,11,q,t11,0.000490,
2,11,q,t12,-0.000763,
2,11,k,t0,0.000000,
2,11,k,t1,0.000000,
2,11,k,t2,0.000000,
2,11,k,t3,0.000000,
2,11,k,t4,0.000000,
2,11,k,t5,0.000000,
2,11,k,t6,0.000000,
2,11,k,t7,0.000000,
2,11,k,t8,0.000093,
2,11,k,t9,0.000017,
2,11,k,t10,-0.000029,
2,11,k,t11,0.000004,
2,11,k,t12,0.000060,
2,11,v,t0,0.000000,
2,11,v,t1,0.000000,
2,11,v,t2,0.000000,
2,11,v,t3,0.000000,
2,11,v,t4,0.000000,
2,11,v,t5,0.000000,
2,11,v,t6,0.000000,
2,11,v,t7,0.000000,
2,11,v,t8,-0.000283,
2,11,v,t9,-0.000037,
2,11,v,t10,0.000008,
2,11,v,t11,0.000004,
2,11,v,t12,0.000053,
3,0,q,t0,0.000000,
3,0,q,t1,0.000000,
3,0,q,t2,0.000000,
3,0,q,t3,0.000000,
3,0,q,t4,0.000000,
3,0,q,t5,0.000000,
3,0,q,t6,0.000000,
3,0,q,t7,0.000000,
3,0,q,t8,-0.001491,
3,0,q,t9,0.000006,
3,0,q,t10,-0.000107,
3,0,q,t11,-0.000333,
3,0,q,t12,-0.000088,
3,0,k,t0,0.000000,
3,0,k,t1,0.000000,
3,0,k,t2,0.000000,
3,0,k,t3,0.000000,
3,0,k,t4,0.000000,
3,0,k,t5,0.000000,
3,0,k,t6,0.000000,
3,0,k,t7,0.000000,
3,0,k,t8,-0.001501,
3,0,k,t9,-0.000003,
3,0,k,t10,0.000004,
3,0,k,t11,-0.000013,
3,0,k,t12,-0.000014,
3,0,v,t0,0.000000,
3,0,v,t1,0.000000,
3,0,v,t2,0.000000,
3,0,v,t3,0.000000,
3,0,v,t4,0.000000,
3,0,v,t5,0.000000,
3,0,v,t6,0.000000,
3,0,v,t7,0.000000,
3,0,v,t8,0.001183,
3,0,v,t9,-0.000005,
3,0,v,t10,-0.000002,
3,0,v,t11,-0.000009,
3,0,v,t12,0.000072,
3,1,q,t0,0.000000,
3,1,q,t1,0.000000,
3,1,q,t2,0.000000,
3,1,q,t3,0.000000,
3,1,q,t4,0.000000,
3,1,q,t5,0.000000,
3,1,q,t6,0.000000,
3,1,q,t7,0.000000,
3,1,q,t8,0.000248,
3,1,q,t9,-0.000246,
3,1,q,t10,-0.000068,
3,1,q,t11,0.000169,
3,1,q,t12,0.000355,
3,1,k,t0,0.000000,
3,1,k,t1,0.000000,
3,1,k,t2,0.000000,
3,1,k,t3,0.000000,
3,1,k,t4,0.000000,
3,1,k,t5,0.000000,
3,1,k,t6,0.000000,
3,1,k,t7,0.000000,
3,1,k,t8,0.000116,
3,1,k,t9,0.000061,
3,1,k,t10,0.000141,
3,1,k,t11,-0.000059,
3,1,k,t12,-0.000005,
3,1,v,t0,0.000000,
3,1,v,t1,0.000000,
3,1,v,t2,0.000000,
3,1,v,t3,0.000000,
3,1,v,t4,0.000000,
3,1,v,t5,0.000000,
3,1,v,t6,0.000000,
3,1,v,t7,0.000000,
3,1,v,t8,-0.000090,
3,1,v,t9,0.000418,
3,1,v,t10,0.000494,
3,1,v,t11,-0.000113,
3,1,v,t12,-0.000002,
3,2,q,t0,0.000000,
3,2,q,t1,0.000000,
3,2,q,t2,0.000000,
3,2,q,t3,0.000000,
3,2,q,t4,0.000000,
3,2,q,t5,0.000000,
3,2,q,t6,0.000000,
3,2,q,t7,0.000000,
3,2,q,t8,0.000016,
3,2,q,t9,0.000003,
3,2,q,t10,0.000045,
3,2,q,t11,-0.000001,
3,2,q,t12,0.000002,
3,2,k,t0,0.000000,
3,2,k,t1,0.000000,
3,2,k,t2,0.000000,
3,2,k,t3,0.000000,
3,2,k,t4,0.000000,
3,2,k,t5,0.000000,
3,2,k,t6,0.000000,
3,2,k,t7,0.000000,
3,2,k,t8,0.000009,
3,2,k,t9,0.000251,
3,2,k,t10,-0.000230,
3,2,k,t11,-0.000125,
3,2,k,t12,-0.000012,
3,2,v,t0,0.000000,
3,2,v,t1,0.000000,
3,2,v,t2,0.000000,
3,2,v,t3,0.000000,
3,2,v,t4,0.000000,
3,2,v,t5,0.000000,
3,2,v,t6,0.000000,
3,2,v,t7,0.000000,
3,2,v,t8,0.000030,
3,2,v,t9,-0.000023,
3,2,v,t10,-0.000105,
3,2,v,t11,0.000147,
3,2,v,t12,-0.000155,
3,3,q,t0,0.000000,
3,3,q,t1,0.000000,
3,3,q,t2,0.000000,
3,3,q,t3,0.000000,
3,3,q,t4,0.000000,
3,3,q,t5,0.000000,
3,3,q,t6,0.000000,
3,3,q,t7,0.000000,
3,3,q,t8,-0.009272,
3,3,q,t9,-0.000025,
3,3,q,t10,0.000035,
3,3,q,t11,-0.000012,
3,3,q,t12,0.000139,
3,3,k,t0,0.000000,
3,3,k,t1,0.000000,
3,3,k,t2,0.000000,
3,3,k,t3,0.000000,
3,3,k,t4,0.000000,
3,3,k,t5,0.000000,
3,3,k,t6,0.000000,
3,3,k,t7,0.000000,
3,3,k,t8,-0.010334,
3,3,k,t9,0.000019,
3,3,k,t10,0.000205,
3,3,k,t11,0.000601,
3,3,k,t12,0.000499,
3,3,v,t0,0.000000,
3,3,v,t1,0.000000,
3,3,v,t2,0.000000,
3,3,v,t3,0.000000,
3,3,v,t4,0.000000,
3,3,v,t5,0.000000,
3,3,v,t6,0.000000,
3,3,v,t7,0.000000,
3,3,v,t8,0.004243,
3,3,v,t9,0.000031,
3,3,v,t10,-0.000098,
3,3,v,t11,0.000079,
3,3,v,t12,-0.000086,
3,4,q,t0,0.000000,
3,4,q,t1,0.000000,
3,4,q,t2,0.000000,
3,4,q,t3,0.000000,
3,4,q,t4,0.000000,
3,4,q,t5,0.000000,
3,4,q,t6,0.000000,
3,4,q,t7,0.000000,
3,4,q,t8,0.004996,
3,4,q,t9,0.000019,
3,4,q,t10,-0.000014,
3,4,q,t11,0.000175,
3,4,q,t12,0.000302,
3,4,k,t0,0.000000,
3,4,k,t1,0.000000,
3,4,k,t2,0.000000,
3,4,k,t3,0.000000,
3,4,k,t4,0.000000,
3,4,k,t5,0.000000,
3,4,k,t6,0.000000,
3,4,k,t7,0.000000,
3,4,k,t8,0.005382,
3,4,k,t9,-0.000003,
3,4,k,t10,-0.000005,
3,4,k,t11,0.000000,
3,4,k,t12,-0.000056,
3,4,v,t0,0.000000,
3,4,v,t1,0.000000,
3,4,v,t2,0.000000,
3,4,v,t3,0.000000,
3,4,v,t4,0.000000,
3,4,v,t5,0.000000,
3,4,v,t6,0.000000,
3,4,v,t7,0.000000,
3,4,v,t8,-0.001346,
3,4,v,t9,0.000087,
3,4,v,t10,0.000038,
3,4,v,t11,0.000039,
3,4,v,t12,-0.000010,
3,5,q,t0,0.000000,
3,5,q,t1,0.000000,
3,5,q,t2,0.000000,
3,5,q,t3,0.000000,
3,5,q,t4,0.000000,
3,5,q,t5,0.000000,
3,5,q,t6,0.000000,
3,5,q,t7,0.000000,
3,5,q,t8,0.000661,
3,5,q,t9,0.000092,
3,5,q,t10,0.000007,
3,5,q,t11,0.000155,
3,5,q,t12,-0.000223,
3,5,k,t0,0.000000,
3,5,k,t1,0.000000,
3,5,k,t2,0.000000,
3,5,k,t3,0.000000,
3,5,k,t4,0.000000,
3,5,k,t5,0.000000,
3,5,k,t6,0.000000,
3,5,k,t7,0.000000,
3,5,k,t8,-0.001235,
3,5,k,t9,-0.000009,
3,5,k,t10,-0.000009,
3,5,k,t11,-0.000023,
3,5,k,t12,0.000002,
3,5,v,t0,0.000000,
3,5,v,t1,0.000000,
3,5,v,t2,0.000000,
3,5,v,t3,0.000000,
3,5,v,t4,0.000000,
3,5,v,t5,0.000000,
3,5,v,t6,0.000000,
3,5,v,t7,0.000000,
3,5,v,t8,0.000452,
3,5,v,t9,0.000212,
3,5,v,t10,0.000117,
3,5,v,t11,-0.000005,
3,5,v,t12,-0.000031,
3,6,q,t0,0.000000,
3,6,q,t1,0.000000,
3,6,q,t2,0.000000,
3,6,q,t3,0.000000,
3,6,q,t4,0.000000,
3,6,q,t5,0.000000,
3,6,q,t6,0.000000,
3,6,q,t7,0.000000,
3,6,q,t8,-0.000678,
3,6,q,t9,-0.000004,
3,6,q,t10,-0.000004,
3,6,q,t11,0.000077,
3,6,q,t12,0.000002,
3,6,k,t0,0.000000,
3,6,k,t1,0.000000,
3,6,k,t2,0.000000,
3,6,k,t3,0.000000,
3,6,k,t4,0.000000,
3,6,k,t5,0.000000,
3,6,k,t6,0.000000,
3,6,k,t7,0.000000,
3,6,k,t8,-0.002355,
3,6,k,t9,-0.000244,
3,6,k,t10,0.000003,
3,6,k,t11,-0.000039,
3,6,k,t12,-0.000033,
3,6,v,t0,0.000000,
3,6,v,t1,0.000000,
3,6,v,t2,0.000000,
3,6,v,t3,0.000000,
3,6,v,t4,0.000000,
3,6,v,t5,0.000000,
3,6,v,t6,0.000000,
3,6,v,t7,0.000000,
3,6,v,t8,0.002385,
3,6,v,t9,-0.000065,
3,6,v,t10,0.000039,
3,6,v,t11,0.000035,
3,6,v,t12,-0.000703,
3,7,q,t0,0.000000,
3,7,q,t1,0.000000,
3,7,q,t2,0.000000,
3,7,q,t3,0.000000,
3,7,q,t4,0.000000,
3,7,q,t5,0.000000,
3,7,q,t6,0.000000,
3,7,q,t7,0.000000,
3,7,q,t8,0.001263,
3,7,q,t9,0.000048,
3,7,q,t10,-0.000024,
3,7,q,t11,0.000125,
3,7,q,t12,-0.000323,
3,7,k,t0,0.000000,
3,7,k,t1,0.000000,
3,7,k,t2,0.000000,
3,7,k,t3,0.000000,
3,7,k,t4,0.000000,
3,7,k,t5,0.000000,
3,7,k,t6,0.000000,
3,7,k,t7,0.000000,
3,7,k,t8,0.000070,
3,7,k,t9,0.000110,
3,7,k,t10,-0.000001,
3,7,k,t11,0.000183,
3,7,k,t12,-0.000148,
3,7,v,t0,0.000000,
3,7,v,t1,0.000000,
3,7,v,t2,0.000000,
3,7,v,t3,0.000000,
3,7,v,t4,0.000000,
3,7,v,t5,0.000000,
3,7,v,t6,0.000000,
3,7,v,t7,0.000000,
3,7,v,t8,0.001449,
3,7,v,t9,-0.000013,
3,7,v,t10,-0.000204,
3,7,v,t11,-0.001122,
3,7,v,t12,-0.000044,
3,8,q,t0,0.000000,
3,8,q,t1,0.000000,
3,8,q,t2,0.000000,
3,8,q,t3,0.000000,
3,8,q,t4,0.000000,
3,8,q,t5,0.000000,
3,8,q,t6,0.000000,
3,8,q,t7,0.000000,
3,8,q,t8,-0.002280,
3,8,q,t9,0.000174,
3,8,q,t10,-0.000019,
3,8,q,t11,0.000069,
3,8,q,t12,0.000132,
3,8,k,t0,0.000000,
3,8,k,t1,0.000000,
3,8,k,t2,0.000000,
3,8,k,t3,0.000000,
3,8,k,t4,0.000000,
3,8,k,t5,0.000000,
3,8,k,t6,0.000000,
3,8,k,t7,0.000000,
3,8,k,t8,-0.000794,
3,8,k,t9,0.000525,
3,8,k,t10,0.000014,
3,8,k,t11,0.000221,
3,8,k,t12,-0.000009,
3,8,v,t0,0.000000,
3,8,v,t1,0.000000,
3,8,v,t2,0.000000,
3,8,v,t3,0.000000,
3,8,v,t4,0.000000,
3,8,v,t5,0.000000,
3,8,v,t6,0.000000,
3,8,v,t7,0.000000,
3,8,v,t8,0.000015,
3,8,v,t9,0.000180,
3,8,v,t10,0.000006,
3,8,v,t11,-0.000149,
3,8,v,t12,-0.000132,
3,9,q,t0,0.000000,
3,9,q,t1,0.000000,
3,9,q,t2,0.000000,
3,9,q,t3,0.000000,
3,9,q,t4,0.000000,
3,9,q,t5,0.000000,
3,9,q,t6,0.000000,
3,9,q,t7,0.000000,
3,9,q,t8,0.003051,
3,9,q,t9,-0.000195,
3,9,q,t10,0.000012,
3,9,q,t11,0.000125,
3,9,q,t12,0.000144,
3,9,k,t0,0.000000,
3,9,k,t1,0.000000,
3,9,k,t2,0.000000,
3,9,k,t3,0.000000,
3,9,k,t4,0.000000,
3,9,k,t5,0.000000,
3,9,k,t6,0.000000,
3,9,k,t7,0.000000,
3,9,k,t8,0.000906,
3,9,k,t9,-0.000010,
3,9,k,t10,0.000024,
3,9,k,t11,0.000011,
3,9,k,t12,-0.000040,
3,9,v,t0,0.000000,
3,9,v,t1,0.000000,
3,9,v,t2,0.000000,
3,9,v,t3,0.000000,
3,9,v,t4,0.000000,
3,9,v,t5,0.000000,
3,9,v,t6,0.000000,
3,9,v,t7,0.000000,
3,9,v,t8,-0.000098,
3,9,v,t9,0.000077,
3,9,v,t10,0.000081,
3,9,v,t11,0.000081,
3,9,v,t12,0.000055,
3,10,q,t0,0.000000,
3,10,q,t1,0.000000,
3,10,q,t2,0.000000,
3,10,q,t3,0.000000,
3,10,q,t4,0.000000,
3,10,q,t5,0.000000,
3,10,q,t6,0.000000,
3,10,q,t7,0.000000,
3,10,q,t8,0.000604,
3,10,q,t9,-0.000194,
3,10,q,t10,-0.000053,
3,10,q,t11,-0.000417,
3,10,q,t12,-0.000165,
3,10,k,t0,0.000000,
3,10,k,t1,0.000000,
3,10,k,t2,0.000000,
3,10,k,t3,0.000000,
3,10,k,t4,0.000000,
3,10,k,t5,0.000000,
3,10,k,t6,0.000000,
3,10,k,t7,0.000000,
3,10,k,t8,-0.000138,
3,10,k,t9,0.000063,
3,10,k,t10,0.000000,
3,10,k,t11,-0.000147,
3,10,k,t12,0.000114,
3,10,v,t0,0.000000,
3,10,v,t1,0.000000,
3,10,v,t2,0.000000,
3,10,v,t3,0.000000,
3,10,v,t4,0.000000,
3,10,v,t5,0.000000,
3,10,v,t6,0.000000,
3,10,v,t7,0.000000,
3,10,v,t8,-0.002851,
3,10,v,t9,-0.000706,
3,10,v,t10,-0.000441,
3,10,v,t11,-0.000199,
3,10,v,t12,0.000115,
3,11,q,t0,0.000000,
3,11,q,t1,0.000000,
3,11,q,t2,0.000000,
3,11,q,t3,0.000000,
3,11,q,t4,0.000000,
3,11,q,t5,0.000000,
3,11,q,t6,0.000000,
3,11,q,t7,0.000000,
3,11,q,t8,-0.000558,
3,11,q,t9,-0.000022,
3,11,q,t10,0.000060,
3,11,q,t11,0.000005,
3,11,q,t12,0.000047,
3,11,k,t0,0.000000,
3,11,k,t1,0.000000,
3,11,k,t2,0.000000,
3,11,k,t3,0.000000,
3,11,k,t4,0.000000,
3,11,k,t5,0.000000,
3,11,k,t6,0.000000,
3,11,k,t7,0.000000,
3,11,k,t8,0.000107,
3,11,k,t9,-0.000058,
3,11,k,t10,0.000014,
3,11,k,t11,0.000012,
3,11,k,t12,0.000001,
3,11,v,t0,0.000000,
3,11,v,t1,0.000000,
3,11,v,t2,0.000000,
3,11,v,t3,0.000000,
3,11,v,t4,0.000000,
3,11,v,t5,0.000000,
3,11,v,t6,0.000000,
3,11,v,t7,0.000000,
3,11,v,t8,0.000044,
3,11,v,t9,-0.000235,
3,11,v,t10,0.000025,
3,11,v,t11,0.000152,
3,11,v,t12,0.000037,
4,0,q,t0,0.000000,
4,0,q,t1,0.000000,
4,0,q,t2,0.000000,
4,0,q,t3,0.000000,
4,0,q,t4,0.000000,
4,0,q,t5,0.000000,
4,0,q,t6,0.000000,
4,0,q,t7,0.000000,
4,0,q,t8,-0.001411,
4,0,q,t9,0.000062,
4,0,q,t10,-0.000150,
4,0,q,t11,0.000084,
4,0,q,t12,0.000082,
4,0,k,t0,0.000000,
4,0,k,t1,0.000000,
4,0,k,t2,0.000000,
4,0,k,t3,0.000000,
4,0,k,t4,0.000000,
4,0,k,t5,0.000000,
4,0,k,t6,0.000000,
4,0,k,t7,0.000000,
4,0,k,t8,0.000091,
4,0,k,t9,0.000088,
4,0,k,t10,-0.000009,
4,0,k,t11,-0.000167,
4,0,k,t12,-0.000053,
4,0,v,t0,0.000000,
4,0,v,t1,0.000000,
4,0,v,t2,0.000000,
4,0,v,t3,0.000000,
4,0,v,t4,0.000000,
4,0,v,t5,0.000000,
4,0,v,t6,0.000000,
4,0,v,t7,0.000000,
4,0,v,t8,0.000306,
4,0,v,t9,-0.000582,
4,0,v,t10,0.000192,
4,0,v,t11,0.000010,
4,0,v,t12,0.000003,
4,1,q,t0,0.000000,
4,1,q,t1,0.000000,
4,1,q,t2,0.000000,
4,1,q,t3,0.000000,
4,1,q,t4,0.000000,
4,1,q,t5,0.000000,
4,1,q,t6,0.000000,
4,1,q,t7,0.000000,
4,1,q,t8,0.001490,
4,1,q,t9,-0.000434,
4,1,q,t10,-0.000086,
4,1,q,t11,-0.000056,
4,1,q,t12,-0.000773,
4,1,k,t0,0.000000,
4,1,k,t1,0.000000,
4,1,k,t2,0.000000,
4,1,k,t3,0.000000,
4,1,k,t4,0.000000,
4,1,k,t5,0.000000,
4,1,k,t6,0.000000,
4,1,k,t7,0.000000,
4,1,k,t8,0.000074,
4,1,k,t9,-0.000220,
4,1,k,t10,0.000034,
4,1,k,t11,-0.000776,
4,1,k,t12,0.000008,
4,1,v,t0,0.000000,
4,1,v,t1,0.000000,
4,1,v,t2,0.000000,
4,1,v,t3,0.000000,
4,1,v,t4,0.000000,
4,1,v,t5,0.000000,
4,1,v,t6,0.000000,
4,1,v,t7,0.000000,
4,1,v,t8,-0.000065,
4,1,v,t9,-0.000313,
4,1,v,t10,-0.000027,
4,1,v,t11,0.000114,
4,1,v,t12,0.000007,
4,2,q,t0,0.000000,
4,2,q,t1,0.000000,
4,2,q,t2,0.000000,
4,2,q,t3,0.000000,
4,2,q,t4,0.000000,
4,2,q,t5,0.000000,
4,2,q,t6,0.000000,
4,2,q,t7,0.000000,
4,2,q,t8,-0.000332,
4,2,q,t9,-0.000008,
4,2,q,t10,0.000012,
4,2,q,t11,0.000008,
4,2,q,t12,-0.000078,
4,2,k,t0,0.000000,
4,2,k,t1,0.000000,
4,2,k,t2,0.000000,
4,2,k,t3,0.000000,
4,2,k,t4,0.000000,
4,2,k,t5,0.000000,
4,2,k,t6,0.000000,
4,2,k,t7,0.000000,
4,2,k,t8,-0.000217,
4,2,k,t9,0.000001,
4,2,k,t10,0.000008,
4,2,k,t11,0.000001,
4,2,k,t12,-0.000000,
4,2,v,t0,0.000000,
4,2,v,t1,0.000000,
4,2,v,t2,0.000000,
4,2,v,t3,0.000000,
4,2,v,t4,0.000000,
4,2,v,t5,0.000000,
4,2,v,t6,0.000000,
4,2,v,t7,0.000000,
4,2,v,t8,0.000102,
4,2,v,t9,0.000034,
4,2,v,t10,-0.000031,
4,2,v,t11,-0.000011,
4,2,v,t12,-0.000002,
4,3,q,t0,0.000000,
4,3,q,t1,0.000000,
4,3,q,t2,0.000000,
4,3,q,t3,0.000000,
4,3,q,t4,0.000000,
4,3,q,t5,0.000000,
4,3,q,t6,0.000000,
4,3,q,t7,0.000000,
4,3,q,t8,-0.001925,
4,3,q,t9,-0.000049,
4,3,q,t10,0.000150,
4,3,q,t11,-0.000045,
4,3,q,t12,-0.001989,
4,3,k,t0,0.000000,
4,3,k,t1,0.000000,
4,3,k,t2,0.000000,
4,3,k,t3,0.000000,
4,3,k,t4,0.000000,
4,3,k,t5,0.000000,
4,3,k,t6,0.000000,
4,3,k,t7,0.000000,
4,3,k,t8,0.000015,
4,3,k,t9,0.000034,
4,3,k,t10,0.000128,
4,3,k,t11,0.000180,
4,3,k,t12,0.000186,
4,3,v,t0,0.000000,
4,3,v,t1,0.000000,
4,3,v,t2,0.000000,
4,3,v,t3,0.000000,
4,3,v,t4,0.000000,
4,3,v,t5,0.000000,
4,3,v,t6,0.000000,
4,3,v,t7,0.000000,
4,3,v,t8,0.000622,
4,3,v,t9,0.000038,
4,3,v,t10,-0.000160,
4,3,v,t11,-0.000794,
4,3,v,t12,-0.000117,
4,4,q,t0,0.000000,
4,4,q,t1,0.000000,
4,4,q,t2,0.000000,
4,4,q,t3,0.000000,
4,4,q,t4,0.000000,
4,4,q,t5,0.000000,
4,4,q,t6,0.000000,
4,4,q,t7,0.000000,
4,4,q,t8,0.002809,
4,4,q,t9,0.000147,
4,4,q,t10,0.000008,
4,4,q,t11,-0.000074,
4,4,q,t12,-0.000074,
4,4,k,t0,0.000000,
4,4,k,t1,0.000000,
4,4,k,t2,0.000000,
4,4,k,t3,0.000000,
4,4,k,t4,0.000000,
4,4,k,t5,0.000000,
4,4,k,t6,0.000000,
4,4,k,t7,0.000000,
4,4,k,t8,0.005240,
4,4,k,t9,-0.000103,
4,4,k,t10,0.000009,
4,4,k,t11,0.000062,
4,4,k,t12,-0.000173,
4,4,v,t0,0.000000,
4,4,v,t1,0.000000,
4,4,v,t2,0.000000,
4,4,v,t3,0.000000,
4,4,v,t4,0.000000,
4,4,v,t5,0.000000,
4,4,v,t6,0.000000,
4,4,v,t7,0.000000,
4,4,v,t8,-0.008284,
4,4,v,t9,0.000217,
4,4,v,t10,0.000091,
4,4,v,t11,0.000061,
4,4,v,t12,0.000043,
4,5,q,t0,0.000000,
4,5,q,t1,0.000000,
4,5,q,t2,0.000000,
4,5,q,t3,0.000000,
4,5,q,t4,0.000000,
4,5,q,t5,0.000000,
4,5,q,t6,0.000000,
4,5,q,t7,0.000000,
4,5,q,t8,0.000596,
4,5,q,t9,-0.000041,
4,5,q,t10,0.000084,
4,5,q,t11,0.000106,
4,5,q,t12,-0.000195,
4,5,k,t0,0.000000,
4,5,k,t1,0.000000,
4,5,k,t2,0.000000,
4,5,k,t3,0.000000,
4,5,k,t4,0.000000,
4,5,k,t5,0.000000,
4,5,k,t6,0.000000,
4,5,k,t7,0.000000,
4,5,k,t8,0.000075,
4,5,k,t9,-0.000058,
4,5,k,t10,-0.000125,
4,5,k,t11,-0.000224,
4,5,k,t12,0.000033,
4,5,v,t0,0.000000,
4,5,v,t1,0.000000,
4,5,v,t2,0.000000,
4,5,v,t3,0.000000,
4,5,v,t4,0.000000,
4,5,v,t5,0.000000,
4,5,v,t6,0.000000,
4,5,v,t7,0.000000,
4,5,v,t8,-0.000231,
4,5,v,t9,-0.000025,
4,5,v,t10,0.000123,
4,5,v,t11,-0.000215,
4,5,v,t12,-0.000000,
4,6,q,t0,0.000000,
4,6,q,t1,0.000000,
4,6,q,t2,0.000000,
4,6,q,t3,0.000000,
4,6,q,t4,0.000000,
4,6,q,t5,0.000000,
4,6,q,t6,0.000000,
4,6,q,t7,0.000000,
4,6,q,t8,-0.000689,
4,6,q,t9,-0.000078,
4,6,q,t10,-0.000028,
4,6,q,t11,0.000130,
4,6,q,t12,-0.000020,
4,6,k,t0,0.000000,
4,6,k,t1,0.000000,
4,6,k,t2,0.000000,
4,6,k,t3,0.000000,
4,6,k,t4,0.000000,
4,6,k,t5,0.000000,
4,6,k,t6,0.000000,
4,6,k,t7,0.000000,
4,6,k,t8,0.000784,
4,6,k,t9,-0.000168,
4,6,k,t10,-0.000073,
4,6,k,t11,0.000068,
4,6,k,t12,0.000052,
4,6,v,t0,0.000000,
4,6,v,t1,0.000000,
4,6,v,t2,0.000000,
4,6,v,t3,0.000000,
4,6,v,t4,0.000000,
4,6,v,t5,0.000000,
4,6,v,t6,0.000000,
4,6,v,t7,0.000000,
4,6,v,t8,-0.001506,
4,6,v,t9,0.000557,
4,6,v,t10,0.000074,
4,6,v,t11,0.000177,
4,6,v,t12,-0.000053,
4,7,q,t0,0.000000,
4,7,q,t1,0.000000,
4,7,q,t2,0.000000,
4,7,q,t3,0.000000,
4,7,q,t4,0.000000,
4,7,q,t5,0.000000,
4,7,q,t6,0.000000,
4,7,q,t7,0.000000,
4,7,q,t8,-0.002706,
4,7,q,t9,0.000031,
4,7,q,t10,0.000038,
4,7,q,t11,-0.000122,
4,7,q,t12,-0.000159,
4,7,k,t0,0.000000,
4,7,k,t1,0.000000,
4,7,k,t2,0.000000,
4,7,k,t3,0.000000,
4,7,k,t4,0.000000,
4,7,k,t5,0.000000,
4,7,k,t6,0.000000,
4,7,k,t7,0.000000,
4,7,k,t8,0.000253,
4,7,k,t9,-0.000055,
4,7,k,t10,0.000087,
4,7,k,t11,0.000237,
4,7,k,t12,-0.000488,
4,7,v,t0,0.000000,
4,7,v,t1,0.000000,
4,7,v,t2,0.000000,
4,7,v,t3,0.000000,
4,7,v,t4,0.000000,
4,7,v,t5,0.000000,
4,7,v,t6,0.000000,
4,7,v,t7,0.000000,
4,7,v,t8,-0.003235,
4,7,v,t9,-0.001258,
4,7,v,t10,-0.000235,
4,7,v,t11,-0.000113,
4,7,v,t12,-0.000228,
4,8,q,t0,0.000000,
4,8,q,t1,0.000000,
4,8,q,t2,0.000000,
4,8,q,t3,0.000000,
4,8,q,t4,0.000000,
4,8,q,t5,0.000000,
4,8,q,t6,0.000000,
4,8,q,t7,0.000000,
4,8,q,t8,0.024865,
4,8,q,t9,-0.000088,
4,8,q,t10,-0.000069,
4,8,q,t11,-0.000021,
4,8,q,t12,0.000124,
4,8,k,t0,0.000000,
4,8,k,t1,0.000000,
4,8,k,t2,0.000000,
4,8,k,t3,0.000000,
4,8,k,t4,0.000000,
4,8,k,t5,0.000000,
4,8,k,t6,0.000000,
4,8,k,t7,0.000000,
4,8,k,t8,0.017775,
4,8,k,t9,0.000074,
4,8,k,t10,0.000001,
4,8,k,t11,0.000003,
4,8,k,t12,0.000009,
4,8,v,t0,0.000000,
4,8,v,t1,0.000000,
4,8,v,t2,0.000000,
4,8,v,t3,0.000000,
4,8,v,t4,0.000000,
4,8,v,t5,0.000000,
4,8,v,t6,0.000000,
4,8,v,t7,0.000000,
4,8,v,t8,0.002835,
4,8,v,t9,0.000124,
4,8,v,t10,-0.000041,
4,8,v,t11,-0.000052,
4,8,v,t12,-0.000080,
4,9,q,t0,0.000000,
4,9,q,t1,0.000000,
4,9,q,t2,0.000000,
4,9,q,t3,0.000000,
4,9,q,t4,0.000000,
4,9,q,t5,0.000000,
4,9,q,t6,0.000000,
4,9,q,t7,0.000000,
4,9,q,t8,0.000976,
4,9,q,t9,0.000276,
4,9,q,t10,0.000036,
4,9,q,t11,0.000106,
4,9,q,t12,-0.000047,
4,9,k,t0,0.000000,
4,9,k,t1,0.000000,
4,9,k,t2,0.000000,
4,9,k,t3,0.000000,
4,9,k,t4,0.000000,
4,9,k,t5,0.000000,
4,9,k,t6,0.000000,
4,9,k,t7,0.000000,
4,9,k,t8,0.000147,
4,9,k,t9,0.000046,
4,9,k,t10,-0.000021,
4,9,k,t11,0.000001,
4,9,k,t12,-0.000002,
4,9,v,t0,0.000000,
4,9,v,t1,0.000000,
4,9,v,t2,0.000000,
4,9,v,t3,0.000000,
4,9,v,t4,0.000000,
4,9,v,t5,0.000000,
4,9,v,t6,0.000000,
4,9,v,t7,0.000000,
4,9,v,t8,0.000177,
4,9,v,t9,0.000030,
4,9,v,t10,0.000063,
4,9,v,t11,-0.000028,
4,9,v,t12,-0.000007,
4,10,q,t0,0.000000,
4,10,q,t1,0.000000,
4,10,q,t2,0.000000,
4,10,q,t3,0.000000,
4,10,q,t4,0.000000,
4,10,q,t5,0.000000,
4,10,q,t6,0.000000,
4,10,q,t7,0.000000,
4,10,q,t8,-0.001234,
4,10,q,t9,-0.000120,
4,10,q,t10,-0.000005,
4,10,q,t11,0.000020,
4,10,q,t12,0.000276,
4,10,k,t0,0.000000,
4,10,k,t1,0.000000,
4,10,k,t2,0.000000,
4,10,k,t3,0.000000,
4,10,k,t4,0.000000,
4,10,k,t5,0.000000,
4,10,k,t6,0.000000,
4,10,k,t7,0.000000,
4,10,k,t8,0.000421,
4,10,k,t9,-0.000011,
4,10,k,t10,-0.000152,
4,10,k,t11,-0.000007,
4,10,k,t12,0.000130,
4,10,v,t0,0.000000,
4,10,v,t1,0.000000,
4,10,v,t2,0.000000,
4,10,v,t3,0.000000,
4,10,v,t4,0.000000,
4,10,v,t5,0.000000,
4,10,v,t6,0.000000,
4,10,v,t7,0.000000,
4,10,v,t8,-0.006283,
4,10,v,t9,0.000022,
4,10,v,t10,0.000011,
4,10,v,t11,-0.000004,
4,10,v,t12,0.000058,
4,11,q,t0,0.000000,
4,11,q,t1,0.000000,
4,11,q,t2,0.000000,
4,11,q,t3,0.000000,
4,11,q,t4,0.000000,
4,11,q,t5,0.000000,
4,11,q,t6,0.000000,
4,11,q,t7,0.000000,
4,11,q,t8,-0.000190,
4,11,q,t9,0.000000,
4,11,q,t10,-0.000000,
4,11,q,t11,0.000000,
4,11,q,t12,-0.000000,
4,11,k,t0,0.000000,
4,11,k,t1,0.000000,
4,11,k,t2,0.000000,
4,11,k,t3,0.000000,
4,11,k,t4,0.000000,
4,11,k,t5,0.000000,
4,11,k,t6,0.000000,
4,11,k,t7,0.000000,
4,11,k,t8,-0.000334,
4,11,k,t9,-0.000000,
4,11,k,t10,-0.000000,
4,11,k,t11,-0.000000,
4,11,k,t12,-0.000000,
4,11,v,t0,0.000000,
4,11,v,t1,0.000000,
4,11,v,t2,0.000000,
4,11,v,t3,0.000000,
4,11,v,t4,0.000000,
4,11,v,t5,0.000000,
4,11,v,t6,0.000000,
4,11,v,t7,0.000000,
4,11,v,t8,0.001919,
4,11,v,t9,-0.000438,
4,11,v,t10,-0.000365,
4,11,v,t11,0.000138,
4,11,v,t12,-0.000000,
5,0,q,t0,0.000000,
5,0,q,t1,0.000000,
5,0,q,t2,0.000000,
5,0,q,t3,0.000000,
5,0,q,t4,0.000000,
5,0,q,t5,0.000000,
5,0,q,t6,0.000000,
5,0,q,t7,0.000000,
5,0,q,t8,-0.000103,
5,0,q,t9,0.000011,
5,0,q,t10,0.000003,
5,0,q,t11,0.000227,
5,0,q,t12,-0.000509,
5,0,k,t0,0.000000,
5,0,k,t1,0.000000,
5,0,k,t2,0.000000,
5,0,k,t3,0.000000,
5,0,k,t4,0.000000,
5,0,k,t5,0.000000,
5,0,k,t6,0.000000,
5,0,k,t7,0.000000,
5,0,k,t8,-0.000668,
5,0,k,t9,0.000010,
5,0,k,t10,0.000009,
5,0,k,t11,0.000020,
5,0,k,t12,0.000004,
5,0,v,t0,0.000000,
5,0,v,t1,0.000000,
5,0,v,t2,0.000000,
5,0,v,t3,0.000000,
5,0,v,t4,0.000000,
5,0,v,t5,0.000000,
5,0,v,t6,0.000000,
5,0,v,t7,0.000000,
5,0,v,t8,-0.001591,
5,0,v,t9,0.001005,
5,0,v,t10,-0.000001,
5,0,v,t11,0.000007,
5,0,v,t12,-0.000001,
5,1,q,t0,0.000000,year head -> MLP 8
5,1,q,t1,0.000000,year head -> MLP 8
5,1,q,t2,0.000000,year head -> MLP 8
5,1,q,t3,0.000000,year head -> MLP 8
5,1,q,t4,0.000000,year head -> MLP 8
5,1,q,t5,0.000000,year head -> MLP 8
5,1,q,t6,0.000000,year head -> MLP 8
5,1,q,t7,0.000000,year head -> MLP 8
5,1,q,t8,-0.000014,year head -> MLP 8
5,1,q,t9,0.000005,year head -> MLP 8
5,1,q,t10,0.000003,year head -> MLP 8
5,1,q,t11,0.000019,year head -> MLP 8
5,1,q,t12,-0.000042,year head -> MLP 8
5,1,k,t0,0.000000,year head -> MLP 8
5,1,k,t1,0.000000,year head -> MLP 8
5,1,k,t2,0.000000,year head -> MLP 8
5,1,k,t3,0.000000,year head -> MLP 8
5,1,k,t4,0.000000,year head -> MLP 8
5,1,k,t5,0.000000,year head -> MLP 8
5,1,k,t6,0.000000,year head -> MLP 8
5,1,k,t7,0.000000,year head -> MLP 8
5,1,k,t8,-0.000524,year head -> MLP 8
5,1,k,t9,0.000000,year head -> MLP 8
5,1,k,t10,-0.000007,year head -> MLP 8
5,1,k,t11,-0.000003,year head -> MLP 8
5,1,k,t12,0.000003,year head -> MLP 8
5,1,v,t0,0.000000,year head -> MLP 8
5,1,v,t1,0.000000,year head -> MLP 8
5,1,v,t2,0.000000,year head -> MLP 8
5,1,v,t3,0.000000,year head -> MLP 8
5,1,v,t4,0.000000,year head -> MLP 8
5,1,v,t5,0.000000,year head -> MLP 8
5,1,v,t6,0.000000,year head -> MLP 8
5,1,v,t7,0.000000,year head -> MLP 8
5,1,v,t8,0.054890,year head -> MLP 8
5,1,v,t9,-0.000001,year head -> MLP 8
5,1,v,t10,0.000002,year head -> MLP 8
5,1,v,t11,0.000004,year head -> MLP 8
5,1,v,t12,-0.000001,year head -> MLP 8
5,2,q,t0,0.000000,
5,2,q,t1,0.000000,
5,2,q,t2,0.000000,
5,2,q,t3,0.000000,
5,2,q,t4,0.000000,
5,2,q,t5,0.000000,
5,2,q,t6,0.000000,
5,2,q,t7,0.000000,
5,2,q,t8,0.000116,
5,2,q,t9,0.000371,
5,2,q,t10,-0.000137,
5,2,q,t11,-0.000033,
5,2,q,t12,0.000115,
5,2,k,t0,0.000000,
5,2,k,t1,0.000000,
5,2,k,t2,0.000000,
5,2,k,t3,0.000000,
5,2,k,t4,0.000000,
5,2,k,t5,0.000000,
5,2,k,t6,0.000000,
5,2,k,t7,0.000000,
5,2,k,t8,0.000086,
5,2,k,t9,0.000023,
5,2,k,t10,-0.000013,
5,2,k,t11,0.000277,
5,2,k,t12,0.000009,
5,2,v,t0,0.000000,
5,2,v,t1,0.000000,
5,2,v,t2,0.000000,
5,2,v,t3,0.000000,
5,2,v,t4,0.000000,
5,2,v,t5,0.000000,
5,2,v,t6,0.000000,
5,2,v,t7,0.000000,
5,2,v,t8,-0.000128,
5,2,v,t9,0.000240,
5,2,v,t10,-0.000035,
5,2,v,t11,-0.000013,
5,2,v,t12,0.000025,
5,3,q,t0,0.000000,
5,3,q,t1,0.000000,
5,3,q,t2,0.000000,
5,3,q,t3,0.000000,
5,3,q,t4,0.000000,
5,3,q,t5,0.000000,
5,3,q,t6,0.000000,
5,3,q,t7,0.000000,
5,3,q,t8,-0.000507,
5,3,q,t9,0.000024,
5,3,q,t10,-0.000008,
5,3,q,t11,0.000024,
5,3,q,t12,0.000098,
5,3,k,t0,0.000000,
5,3,k,t1,0.000000,
5,3,k,t2,0.000000,
5,3,k,t3,0.000000,
5,3,k,t4,0.000000,
5,3,k,t5,0.000000,
5,3,k,t6,0.000000,
5,3,k,t7,0.000000,
5,3,k,t8,-0.000086,
5,3,k,t9,-0.000006,
5,3,k,t10,-0.000043,
5,3,k,t11,-0.000031,
5,3,k,t12,0.000002,
5,3,v,t0,0.000000,
5,3,v,t1,0.000000,
5,3,v,t2,0.000000,
5,3,v,t3,0.000000,
5,3,v,t4,0.000000,
5,3,v,t5,0.000000,
5,3,v,t6,0.000000,
5,3,v,t7,0.000000,
5,3,v,t8,-0.000228,
5,3,v,t9,0.000194,
5,3,v,t10,0.000165,
5,3,v,t11,0.000128,
5,3,v,t12,-0.000007,
5,4,q,t0,0.000000,
5,4,q,t1,0.000000,
5,4,q,t2,0.000000,
5,4,q,t3,0.000000,
5,4,q,t4,0.000000,
5,4,q,t5,0.000000,
5,4,q,t6,0.000000,
5,4,q,t7,0.000000,
5,4,q,t8,0.000552,
5,4,q,t9,-0.000038,
5,4,q,t10,0.000094,
5,4,q,t11,0.000022,
5,4,q,t12,0.000200,
5,4,k,t0,0.000000,
5,4,k,t1,0.000000,
5,4,k,t2,0.000000,
5,4,k,t3,0.000000,
5,4,k,t4,0.000000,
5,4,k,t5,0.000000,
5,4,k,t6,0.000000,
5,4,k,t7,0.000000,
5,4,k,t8,-0.000310,
5,4,k,t9,-0.000096,
5,4,k,t10,-0.000023,
5,4,k,t11,0.000062,
5,4,k,t12,-0.000025,
5,4,v,t0,0.000000,
5,4,v,t1,0.000000,
5,4,v,t2,0.000000,
5,4,v,t3,0.000000,
5,4,v,t4,0.000000,
5,4,v,t5,0.000000,
5,4,v,t6,0.000000,
5,4,v,t7,0.000000,
5,4,v,t8,-0.000222,
5,4,v,t9,-0.000159,
5,4,v,t10,0.000073,
5,4,v,t11,0.000078,
5,4,v,t12,0.000004,
5,5,q,t0,0.000000,year head -> MLP 8
5,5,q,t1,0.000000,year head -> MLP 8
5,5,q,t2,0.000000,year head -> MLP 8
5,5,q,t3,0.000000,year head -> MLP 8
5,5,q,t4,0.000000,year head -> MLP 8
5,5,q,t5,0.000000,year head -> MLP 8
5,5,q,t6,0.000000,year head -> MLP 8
5,5,q,t7,0.000000,year head -> MLP 8
5,5,q,t8,-0.000216,year head -> MLP 8
5,5,q,t9,0.000026,year head -> MLP 8
5,5,q,t10,0.000023,year head -> MLP 8
5,5,q,t11,0.000118,year head -> MLP 8
5,5,q,t12,0.000136,year head -> MLP 8
5,5,k,t0,0.000000,year head -> MLP 8
5,5,k,t1,0.000000,year head -> MLP 8
5,5,k,t2,0.000000,year head -> MLP 8
5,5,k,t3,0.000000,year head -> MLP 8
5,5,k,t4,0.000000,year head -> MLP 8
5,5,k,t5,0.000000,year head -> MLP 8
5,5,k,t6,0.000000,year head -> MLP 8
5,5,k,t7,0.000000,year head -> MLP 8
5,5,k,t8,-0.000930,year head -> MLP 8
5,5,k,t9,0.000092,year head -> MLP 8
5,5,k,t10,-0.000017,year head -> MLP 8
5,5,k,t11,-0.000047,year head -> MLP 8
5,5,k,t12,-0.000002,year head -> MLP 8
5,5,v,t0,0.000000,year head -> MLP 8
5,5,v,t1,0.000000,year head -> MLP 8
5,5,v,t2,0.000000,year head -> MLP 8
5,5,v,t3,0.000000,year head -> MLP 8
5,5,v,t4,0.000000,year head -> MLP 8
5,5,v,t5,0.000000,year head -> MLP 8
5,5,v,t6,0.000000,year head -> MLP 8
5,5,v,t7,0.000000,year head -> MLP 8
5,5,v,t8,0.052132,year head -> MLP 8
5,5,v,t9,-0.000015,year head -> MLP 8
5,5,v,t10,-0.000002,year head -> MLP 8
5,5,v,t11,0.000002,year head -> MLP 8
5,5,v,t12,-0.000000,year head -> MLP 8
5,6,q,t0,0.000000,
5,6,q,t1,0.000000,
5,6,q,t2,0.000000,
5,6,q,t3,0.000000,
5,6,q,t4,0.000000,
5,6,q,t5,0.000000,
5,6,q,t6,0.000000,
5,6,q,t7,0.000000,
5,6,q,t8,-0.000194,
5,6,q,t9,0.000809,
5,6,q,t10,-0.000336,
5,6,q,t11,-0.000012,
5,6,q,t12,-0.000737,
5,6,k,t0,0.000000,
5,6,k,t1,0.000000,
5,6,k,t2,0.000000,
5,6,k,t3,0.000000,
5,6,k,t4,0.000000,
5,6,k,t5,0.000000,
5,6,k,t6,0.000000,
5,6,k,t7,0.000000,
5,6,k,t8,-0.000066,
5,6,k,t9,-0.000291,
5,6,k,t10,0.000016,
5,6,k,t11,-0.000185,
5,6,k,t12,-0.000002,
5,6,v,t0,0.000000,
5,6,v,t1,0.000000,
5,6,v,t2,0.000000,
5,6,v,t3,0.000000,
5,6,v,t4,0.000000,
5,6,v,t5,0.000000,
5,6,v,t6,0.000000,
5,6,v,t7,0.000000,
5,6,v,t8,0.002753,
5,6,v,t9,0.000044,
5,6,v,t10,0.000031,
5,6,v,t11,0.000111,
5,6,v,t12,0.000011,
5,7,q,t0,0.000000,
5,7,q,t1,0.000000,
5,7,q,t2,0.000000,
5,7,q,t3,0.000000,
5,7,q,t4,0.000000,
5,7,q,t5,0.000000,
5,7,q,t6,0.000000,
5,7,q,t7,0.000000,
5,7,q,t8,-0.000290,
5,7,q,t9,0.000010,
5,7,q,t10,-0.000002,
5,7,q,t11,-0.000033,
5,7,q,t12,0.001185,
5,7,k,t0,0.000000,
5,7,k,t1,0.000000,
5,7,k,t2,0.000000,
5,7,k,t3,0.000000,
5,7,k,t4,0.000000,
5,7,k,t5,0.000000,
5,7,k,t6,0.000000,
5,7,k,t7,0.000000,
5,7,k,t8,0.000059,
5,7,k,t9,-0.000048,
5,7,k,t10,-0.000001,
5,7,k,t11,0.000307,
5,7,k,t12,-0.000010,
5,7,v,t0,0.000000,
5,7,v,t1,0.000000,
5,7,v,t2,0.000000,
5,7,v,t3,0.000000,
5,7,v,t4,0.000000,
5,7,v,t5,0.000000,
5,7,v,t6,0.000000,
5,7,v,t7,0.000000,
5,7,v,t8,0.000005,
5,7,v,t9,-0.000008,
5,7,v,t10,0.000042,
5,7,v,t11,0.000370,
5,7,v,t12,0.000005,
5,8,q,t0,0.000000,
5,8,q,t1,0.000000,
5,8,q,t2,0.000000,
5,8,q,t3,0.000000,
5,8,q,t4,0.000000,
5,8,q,t5,0.000000,
5,8,q,t6,0.000000,
5,8,q,t7,0.000000,
5,8,q,t8,-0.002270,
5,8,q,t9,-0.000063,
5,8,q,t10,-0.000316,
5,8,q,t11,-0.000204,
5,8,q,t12,-0.000096,
5,8,k,t0,0.000000,
5,8,k,t1,0.000000,
5,8,k,t2,0.000000,
5,8,k,t3,0.000000,
5,8,k,t4,0.000000,
5,8,k,t5,0.000000,
5,8,k,t6,0.000000,
5,8,k,t7,0.000000,
5,8,k,t8,-0.001202,
5,8,k,t9,0.000941,
5,8,k,t10,-0.000075,
5,8,k,t11,0.000011,
5,8,k,t12,-0.000004,
5,8,v,t0,0.000000,
5,8,v,t1,0.000000,
5,8,v,t2,0.000000,
5,8,v,t3,0.000000,
5,8,v,t4,0.000000,
5,8,v,t5,0.000000,
5,8,v,t6,0.000000,
5,8,v,t7,0.000000,
5,8,v,t8,-0.002483,
5,8,v,t9,-0.000012,
5,8,v,t10,-0.000012,
5,8,v,t11,-0.000013,
5,8,v,t12,-0.000013,
5,9,q,t0,0.000000,
5,9,q,t1,0.000000,
5,9,q,t2,0.000000,
5,9,q,t3,0.000000,
5,9,q,t4,0.000000,
5,9,q,t5,0.000000,
5,9,q,t6,0.000000,
5,9,q,t7,0.000000,
5,9,q,t8,0.000385,
5,9,q,t9,0.000214,
5,9,q,t10,0.000175,
5,9,q,t11,-0.000160,
5,9,q,t12,0.000177,
5,9,k,t0,0.000000,
5,9,k,t1,0.000000,
5,9,k,t2,0.000000,
5,9,k,t3,0.000000,
5,9,k,t4,0.000000,
5,9,k,t5,0.000000,
5,9,k,t6,0.000000,
5,9,k,t7,0.000000,
5,9,k,t8,0.002569,
5,9,k,t9,-0.000027,
5,9,k,t10,0.000059,
5,9,k,t11,-0.000000,
5,9,k,t12,-0.000060,
5,9,v,t0,0.000000,
5,9,v,t1,0.000000,
5,9,v,t2,0.000000,
5,9,v,t3,0.000000,
5,9,v,t4,0.000000,
5,9,v,t5,0.000000,
5,9,v,t6,0.000000,
5,9,v,t7,0.000000,
5,9,v,t8,-0.001849,
5,9,v,t9,-0.000064,
5,9,v,t10,0.000147,
5,9,v,t11,-0.000003,
5,9,v,t12,0.000008,
5,10,q,t0,0.000000,
5,10,q,t1,0.000000,
5,10,q,t2,0.000000,
5,10,q,t3,0.000000,
5,10,q,t4,0.000000,
5,10,q,t5,0.000000,
5,10,q,t6,0.000000,
5,10,q,t7,0.000000,
5,10,q,t8,0.000690,
5,10,q,t9,-0.000272,
5,10,q,t10,-0.000162,
5,10,q,t11,-0.000068,
5,10,q,t12,0.000053,
5,10,k,t0,0.000000,
5,10,k,t1,0.000000,
5,10,k,t2,0.000000,
5,10,k,t3,0.000000,
5,10,k,t4,0.000000,
5,10,k,t5,0.000000,
5,10,k,t6,0.000000,
5,10,k,t7,0.000000,
5,10,k,t8,-0.000083,
5,10,k,t9,0.000014,
5,10,k,t10,-0.000011,
5,10,k,t11,-0.000280,
5,10,k,t12,-0.000011,
5,10,v,t0,0.000000,
5,10,v,t1,0.000000,
5,10,v,t2,0.000000,
5,10,v,t3,0.000000,
5,10,v,t4,0.000000,
5,10,v,t5,0.000000,
5,10,v,t6,0.000000,
5,10,v,t7,0.000000,
5,10,v,t8,0.001322,
5,10,v,t9,-0.000079,
5,10,v,t10,-0.000028,
5,10,v,t11,-0.000325,
5,10,v,t12,-0.000210,
5,11,q,t0,0.000000,
5,11,q,t1,0.000000,
5,11,q,t2,0.000000,
5,11,q,t3,0.000000,
5,11,q,t4,0.000000,
5,11,q,t5,0.000000,
5,11,q,t6,0.000000,
5,11,q,t7,0.000000,
5,11,q,t8,-0.000290,
5,11,q,t9,0.000161,
5,11,q,t10,-0.000087,
5,11,q,t11,0.000301,
5,11,q,t12,0.000234,
5,11,k,t0,0.000000,
5,11,k,t1,0.000000,
5,11,k,t2,0.000000,
5,11,k,t3,0.000000,
5,11,k,t4,0.000000,
5,11,k,t5,0.000000,
5,11,k,t6,0.000000,
5,11,k,t7,0.000000,
5,11,k,t8,0.000214,
5,11,k,t9,0.000104,
5,11,k,t10,0.000020,
5,11,k,t11,0.000253,
5,11,k,t12,0.000040,
5,11,v,t0,0.000000,
5,11,v,t1,0.000000,
5,11,v,t2,0.000000,
5,11,v,t3,0.000000,
5,11,v,t4,0.000000,
5,11,v,t5,0.000000,
5,11,v,t6,0.000000,
5,11,v,t7,0.000000,
5,11,v,t8,-0.001365,
5,11,v,t9,-0.000113,
5,11,v,t10,0.000009,
5,11,v,t11,0.000444,
5,11,v,t12,-0.000057,
6,0,q,t0,0.000000,
6,0,q,t1,0.000000,
6,0,q,t2,0.000000,
6,0,q,t3,0.000000,
6,0,q,t4,0.000000,
6,0,q,t5,0.000000,
6,0,q,t6,0.000000,
6,0,q,t7,0.000000,
6,0,q,t8,-0.000713,
6,0,q,t9,0.000176,
6,0,q,t10,0.000010,
6,0,q,t11,-0.000005,
6,0,q,t12,-0.000502,
6,0,k,t0,0.000000,
6,0,k,t1,0.000000,
6,0,k,t2,0.000000,
6,0,k,t3,0.000000,
6,0,k,t4,0.000000,
6,0,k,t5,0.000000,
6,0,k,t6,0.000000,
6,0,k,t7,0.000000,
6,0,k,t8,0.000048,
6,0,k,t9,-0.000075,
6,0,k,t10,-0.000022,
6,0,k,t11,-0.000070,
6,0,k,t12,-0.000005,
6,0,v,t0,0.000000,
6,0,v,t1,0.000000,
6,0,v,t2,0.000000,
6,0,v,t3,0.000000,
6,0,v,t4,0.000000,
6,0,v,t5,0.000000,
6,0,v,t6,0.000000,
6,0,v,t7,0.000000,
6,0,v,t8,-0.000264,
6,0,v,t9,0.000382,
6,0,v,t10,-0.000067,
6,0,v,t11,0.000196,
6,0,v,t12,0.000486,
6,1,q,t0,0.000000,
6,1,q,t1,0.000000,
6,1,q,t2,0.000000,
6,1,q,t3,0.000000,
6,1,q,t4,0.000000,
6,1,q,t5,0.000000,
6,1,q,t6,0.000000,
6,1,q,t7,0.000000,
6,1,q,t8,-0.000172,
6,1,q,t9,0.000510,
6,1,q,t10,0.000031,
6,1,q,t11,0.000007,
6,1,q,t12,-0.000580,
6,1,k,t0,0.000000,
6,1,k,t1,0.000000,
6,1,k,t2,0.000000,
6,1,k,t3,0.000000,
6,1,k,t4,0.000000,
6,1,k,t5,0.000000,
6,1,k,t6,0.000000,
6,1,k,t7,0.000000,
6,1,k,t8,-0.000118,
6,1,k,t9,-0.000012,
6,1,k,t10,-0.000043,
6,1,k,t11,-0.000017,
6,1,k,t12,0.000007,
6,1,v,t0,0.000000,
6,1,v,t1,0.000000,
6,1,v,t2,0.000000,
6,1,v,t3,0.000000,
6,1,v,t4,0.000000,
6,1,v,t5,0.000000,
6,1,v,t6,0.000000,
6,1,v,t7,0.000000,
6,1,v,t8,0.001113,
6,1,v,t9,0.000165,
6,1,v,t10,-0.000006,
6,1,v,t11,-0.000024,
6,1,v,t12,-0.000001,
6,2,q,t0,0.000000,
6,2,q,t1,0.000000,
6,2,q,t2,0.000000,
6,2,q,t3,0.000000,
6,2,q,t4,0.000000,
6,2,q,t5,0.000000,
6,2,q,t6,0.000000,
6,2,q,t7,0.000000,
6,2,q,t8,0.000100,
6,2,q,t9,-0.000028,
6,2,q,t10,-0.000024,
6,2,q,t11,0.000007,
6,2,q,t12,-0.001457,
6,2,k,t0,0.000000,
6,2,k,t1,0.000000,
6,2,k,t2,0.000000,
6,2,k,t3,0.000000,
6,2,k,t4,0.000000,
6,2,k,t5,0.000000,
6,2,k,t6,0.000000,
6,2,k,t7,0.000000,
6,2,k,t8,-0.000013,
6,2,k,t9,0.000034,
6,2,k,t10,-0.000001,
6,2,k,t11,-0.000009,
6,2,k,t12,-0.000006,
6,2,v,t0,0.000000,
6,2,v,t1,0.000000,
6,2,v,t2,0.000000,
6,2,v,t3,0.000000,
6,2,v,t4,0.000000,
6,2,v,t5,0.000000,
6,2,v,t6,0.000000,
6,2,v,t7,0.000000,
6,2,v,t8,0.000046,
6,2,v,t9,0.001591,
6,2,v,t10,-0.000037,
6,2,v,t11,-0.000005,
6,2,v,t12,-0.000029,
6,3,q,t0,0.000000,
6,3,q,t1,0.000000,
6,3,q,t2,0.000000,
6,3,q,t3,0.000000,
6,3,q,t4,0.000000,
6,3,q,t5,0.000000,
6,3,q,t6,0.000000,
6,3,q,t7,0.000000,
6,3,q,t8,-0.000528,
6,3,q,t9,0.000153,
6,3,q,t10,-0.000016,
6,3,q,t11,-0.000002,
6,3,q,t12,-0.000265,
6,3,k,t0,0.000000,
6,3,k,t1,0.000000,
6,3,k,t2,0.000000,
6,3,k,t3,0.000000,
6,3,k,t4,0.000000,
6,3,k,t5,0.000000,
6,3,k,t6,0.000000,
6,3,k,t7,0.000000,
6,3,k,t8,0.000477,
6,3,k,t9,0.000066,
6,3,k,t10,0.000037,
6,3,k,t11,-0.000002,
6,3,k,t12,-0.000001,
6,3,v,t0,0.000000,
6,3,v,t1,0.000000,
6,3,v,t2,0.000000,
6,3,v,t3,0.000000,
6,3,v,t4,0.000000,
6,3,v,t5,0.000000,
6,3,v,t6,0.000000,
6,3,v,t7,0.000000,
6,3,v,t8,-0.000061,
6,3,v,t9,0.000282,
6,3,v,t10,0.000028,
6,3,v,t11,-0.000019,
6,3,v,t12,0.000013,
6,4,q,t0,0.000000,
6,4,q,t1,0.000000,
6,4,q,t2,0.000000,
6,4,q,t3,0.000000,
6,4,q,t4,0.000000,
6,4,q,t5,0.000000,
6,4,q,t6,0.000000,
6,4,q,t7,0.000000,
6,4,q,t8,-0.003650,
6,4,q,t9,-0.000481,
6,4,q,t10,-0.001079,
6,4,q,t11,-0.000030,
6,4,q,t12,-0.000239,
6,4,k,t0,0.000000,
6,4,k,t1,0.000000,
6,4,k,t2,0.000000,
6,4,k,t3,0.000000,
6,4,k,t4,0.000000,
6,4,k,t5,0.000000,
6,4,k,t6,0.000000,
6,4,k,t7,0.000000,
6,4,k,t8,0.003169,
6,4,k,t9,0.000007,
6,4,k,t10,0.000016,
6,4,k,t11,-0.000009,
6,4,k,t12,-0.000054,
6,4,v,t0,0.000000,
6,4,v,t1,0.000000,
6,4,v,t2,0.000000,
6,4,v,t3,0.000000,
6,4,v,t4,0.000000,
6,4,v,t5,0.000000,
6,4,v,t6,0.000000,
6,4,v,t7,0.000000,
6,4,v,t8,0.005603,
6,4,v,t9,0.000001,
6,4,v,t10,-0.000036,
6,4,v,t11,-0.000045,
6,4,v,t12,-0.000087,
6,5,q,t0,0.000000,
6,5,q,t1,0.000000,
6,5,q,t2,0.000000,
6,5,q,t3,0.000000,
6,5,q,t4,0.000000,
6,5,q,t5,0.000000,
6,5,q,t6,0.000000,
6,5,q,t7,0.000000,
6,5,q,t8,-0.000456,
6,5,q,t9,-0.000137,
6,5,q,t10,0.000006,
6,5,q,t11,-0.000002,
6,5,q,t12,0.000422,
6,5,k,t0,0.000000,
6,5,k,t1,0.000000,
6,5,k,t2,0.000000,
6,5,k,t3,0.000000,
6,5,k,t4,0.000000,
6,5,k,t5,0.000000,
6,5,k,t6,0.000000,
6,5,k,t7,0.000000,
6,5,k,t8,0.000376,
6,5,k,t9,0.000166,
6,5,k,t10,0.000078,
6,5,k,t11,0.000007,
6,5,k,t12,-0.000008,
6,5,v,t0,0.000000,
6,5,v,t1,0.000000,
6,5,v,t2,0.000000,
6,5,v,t3,0.000000,
6,5,v,t4,0.000000,
6,5,v,t5,0.000000,
6,5,v,t6,0.000000,
6,5,v,t7,0.000000,
6,5,v,t8,0.001014,
6,5,v,t9,-0.000029,
6,5,v,t10,-0.000089,
6,5,v,t11,0.000077,
6,5,v,t12,0.001240,
6,6,q,t0,0.000000,
6,6,q,t1,0.000000,
6,6,q,t2,0.000000,
6,6,q,t3,0.000000,
6,6,q,t4,0.000000,
6,6,q,t5,0.000000,
6,6,q,t6,0.000000,
6,6,q,t7,0.000000,
6,6,q,t8,-0.001713,
6,6,q,t9,-0.000066,
6,6,q,t10,0.000035,
6,6,q,t11,0.000073,
6,6,q,t12,-0.000308,
6,6,k,t0,0.000000,
6,6,k,t1,0.000000,
6,6,k,t2,0.000000,
6,6,k,t3,0.000000,
6,6,k,t4,0.000000,
6,6,k,t5,0.000000,
6,6,k,t6,0.000000,
6,6,k,t7,0.000000,
6,6,k,t8,0.000714,
6,6,k,t9,-0.000046,
6,6,k,t10,-0.000050,
6,6,k,t11,-0.000012,
6,6,k,t12,-0.000323,
6,6,v,t0,0.000000,
6,6,v,t1,0.000000,
6,6,v,t2,0.000000,
6,6,v,t3,0.000000,
6,6,v,t4,0.000000,
6,6,v,t5,0.000000,
6,6,v,t6,0.000000,
6,6,v,t7,0.000000,
6,6,v,t8,-0.002171,
6,6,v,t9,-0.000289,
6,6,v,t10,-0.000087,
6,6,v,t11,0.000088,
6,6,v,t12,-0.002239,
6,7,q,t0,0.000000,
6,7,q,t1,0.000000,
6,7,q,t2,0.000000,
6,7,q,t3,0.000000,
6,7,q,t4,0.000000,
6,7,q,t5,0.000000,
6,7,q,t6,0.000000,
6,7,q,t7,0.000000,
6,7,q,t8,0.000060,
6,7,q,t9,-0.000014,
6,7,q,t10,-0.000016,
6,7,q,t11,-0.000098,
6,7,q,t12,-0.000036,
6,7,k,t0,0.000000,
6,7,k,t1,0.000000,
6,7,k,t2,0.000000,
6,7,k,t3,0.000000,
6,7,k,t4,0.000000,
6,7,k,t5,0.000000,
6,7,k,t6,0.000000,
6,7,k,t7,0.000000,
6,7,k,t8,0.000153,
6,7,k,t9,-0.000061,
6,7,k,t10,-0.000045,
6,7,k,t11,0.000024,
6,7,k,t12,-0.000013,
6,7,v,t0,0.000000,
6,7,v,t1,0.000000,
6,7,v,t2,0.000000,
6,7,v,t3,0.000000,
6,7,v,t4,0.000000,
6,7,v,t5,0.000000,
6,7,v,t6,0.000000,
6,7,v,t7,0.000000,
6,7,v,t8,0.000023,
6,7,v,t9,0.000210,
6,7,v,t10,0.000064,
6,7,v,t11,-0.000221,
6,7,v,t12,0.000007,
6,8,q,t0,0.000000,
6,8,q,t1,0.000000,
6,8,q,t2,0.000000,
6,8,q,t3,0.000000,
6,8,q,t4,0.000000,
6,8,q,t5,0.000000,
6,8,q,t6,0.000000,
6,8,q,t7,0.000000,
6,8,q,t8,0.001550,
6,8,q,t9,0.000909,
6,8,q,t10,0.000101,
6,8,q,t11,0.000021,
6,8,q,t12,-0.000588,
6,8,k,t0,0.000000,
6,8,k,t1,0.000000,
6,8,k,t2,0.000000,
6,8,k,t3,0.000000,
6,8,k,t4,0.000000,
6,8,k,t5,0.000000,
6,8,k,t6,0.000000,
6,8,k,t7,0.000000,
6,8,k,t8,0.000855,
6,8,k,t9,0.000015,
6,8,k,t10,-0.000019,
6,8,k,t11,-0.000399,
6,8,k,t12,-0.000106,
6,8,v,t0,0.000000,
6,8,v,t1,0.000000,
6,8,v,t2,0.000000,
6,8,v,t3,0.000000,
6,8,v,t4,0.000000,
6,8,v,t5,0.000000,
6,8,v,t6,0.000000,
6,8,v,t7,0.000000,
6,8,v,t8,0.000275,
6,8,v,t9,-0.000318,
6,8,v,t10,-0.000200,
6,8,v,t11,0.000245,
6,8,v,t12,0.000449,
6,9,q,t0,0.000000,year head -> MLP 8
6,9,q,t1,0.000000,year head -> MLP 8
6,9,q,t2,0.000000,year head -> MLP 8
6,9,q,t3,0.000000,year head -> MLP 8
6,9,q,t4,0.000000,year head -> MLP 8
6,9,q,t5,0.000000,year head -> MLP 8
6,9,q,t6,0.000000,year head -> MLP 8
6,9,q,t7,0.000000,year head -> MLP 8
6,9,q,t8,0.000031,year head -> MLP 8
6,9,q,t9,0.000053,year head -> MLP 8
6,9,q,t10,0.000053,year head -> MLP 8
6,9,q,t11,-0.000016,year head -> MLP 8
6,9,q,t12,0.000471,year head -> MLP 8
6,9,k,t0,0.000000,year head -> MLP 8
6,9,k,t1,0.000000,year head -> MLP 8
6,9,k,t2,0.000000,year head -> MLP 8
6,9,k,t3,0.000000,year head -> MLP 8
6,9,k,t4,0.000000,year head -> MLP 8
6,9,k,t5,0.000000,year head -> MLP 8
6,9,k,t6,0.000000,year head -> MLP 8
6,9,k,t7,0.000000,year head -> MLP 8
6,9,k,t8,0.000088,year head -> MLP 8
6,9,k,t9,0.000051,year head -> MLP 8
6,9,k,t10,0.000001,year head -> MLP 8
6,9,k,t11,0.000000,year head -> MLP 8
6,9,k,t12,0.000000,year head -> MLP 8
6,9,v,t0,0.000000,year head -> MLP 8
6,9,v,t1,0.000000,year head -> MLP 8
6,9,v,t2,0.000000,year head -> MLP 8
6,9,v,t3,0.000000,year head -> MLP 8
6,9,v,t4,0.000000,year head -> MLP 8
6,9,v,t5,0.000000,year head -> MLP 8
6,9,v,t6,0.000000,year head -> MLP 8
6,9,v,t7,0.000000,year head -> MLP 8
6,9,v,t8,0.080109,year head -> MLP 8
6,9,v,t9,0.000002,year head -> MLP 8
6,9,v,t10,-0.000000,year head -> MLP 8
6,9,v,t11,-0.000001,year head -> MLP 8
6,9,v,t12,-0.000000,year head -> MLP 8
6,10,q,t0,0.000000,
6,10,q,t1,0.000000,
6,10,q,t2,0.000000,
6,10,q,t3,0.000000,
6,10,q,t4,0.000000,
6,10,q,t5,0.000000,
6,10,q,t6,0.000000,
6,10,q,t7,0.000000,
6,10,q,t8,0.000052,
6,10,q,t9,-0.000000,
6,10,q,t10,0.000013,
6,10,q,t11,-0.000008,
6,10,q,t12,-0.000317,
6,10,k,t0,0.000000,
6,10,k,t1,0.000000,
6,10,k,t2,0.000000,
6,10,k,t3,0.000000,
6,10,k,t4,0.000000,
6,10,k,t5,0.000000,
6,10,k,t6,0.000000,
6,10,k,t7,0.000000,
6,10,k,t8,0.000409,
6,10,k,t9,0.000007,
6,10,k,t10,0.000004,
6,10,k,t11,-0.000016,
6,10,k,t12,0.000021,
6,10,v,t0,0.000000,
6,10,v,t1,0.000000,
6,10,v,t2,0.000000,
6,10,v,t3,0.000000,
6,10,v,t4,0.000000,
6,10,v,t5,0.000000,
6,10,v,t6,0.000000,
6,10,v,t7,0.000000,
6,10,v,t8,0.000685,
6,10,v,t9,-0.000004,
6,10,v,t10,-0.000025,
6,10,v,t11,-0.000011,
6,10,v,t12,-0.000031,
6,11,q,t0,0.000000,
6,11,q,t1,0.000000,
6,11,q,t2,0.000000,
6,11,q,t3,0.000000,
6,11,q,t4,0.000000,
6,11,q,t5,0.000000,
6,11,q,t6,0.000000,
6,11,q,t7,0.000000,
6,11,q,t8,0.002425,
6,11,q,t9,0.000257,
6,11,q,t10,-0.000049,
6,11,q,t11,0.000016,
6,11,q,t12,-0.000606,
6,11,k,t0,0.000000,
6,11,k,t1,0.000000,
6,11,k,t2,0.000000,
6,11,k,t3,0.000000,
6,11,k,t4,0.000000,
6,11,k,t5,0.000000,
6,11,k,t6,0.000000,
6,11,k,t7,0.000000,
6,11,k,t8,-0.000156,
6,11,k,t9,0.000202,
6,11,k,t10,0.000164,
6,11,k,t11,-0.000024,
6,11,k,t12,-0.000023,
6,11,v,t0,0.000000,
6,11,v,t1,0.000000,
6,11,v,t2,0.000000,
6,11,v,t3,0.000000,
6,11,v,t4,0.000000,
6,11,v,t5,0.000000,
6,11,v,t6,0.000000,
6,11,v,t7,0.000000,
6,11,v,t8,-0.000073,
6,11,v,t9,0.000531,
6,11,v,t10,0.001141,
6,11,v,t11,0.000022,
6,11,v,t12,-0.000024,
7,0,q,t0,0.000000,
7,0,q,t1,0.000000,
7,0,q,t2,0.000000,
7,0,q,t3,0.000000,
7,0,q,t4,0.000000,
7,0,q,t5,0.000000,
7,0,q,t6,0.000000,
7,0,q,t7,0.000000,
7,0,q,t8,0.000279,
7,0,q,t9,-0.000060,
7,0,q,t10,-0.000039,
7,0,q,t11,0.000008,
7,0,q,t12,-0.000464,
7,0,k,t0,0.000000,
7,0,k,t1,0.000000,
7,0,k,t2,0.000000,
7,0,k,t3,0.000000,
7,0,k,t4,0.000000,
7,0,k,t5,0.000000,
7,0,k,t6,0.000000,
7,0,k,t7,0.000000,
7,0,k,t8,0.000128,
7,0,k,t9,-0.000038,
7,0,k,t10,-0.000000,
7,0,k,t11,-0.000041,
7,0,k,t12,-0.000018,
7,0,v,t0,0.000000,
7,0,v,t1,0.000000,
7,0,v,t2,0.000000,
7,0,v,t3,0.000000,
7,0,v,t4,0.000000,
7,0,v,t5,0.000000,
7,0,v,t6,0.000000,
7,0,v,t7,0.000000,
7,0,v,t8,-0.000216,
7,0,v,t9,0.000077,
7,0,v,t10,-0.000277,
7,0,v,t11,-0.000068,
7,0,v,t12,0.000013,
7,1,q,t0,0.000000,
7,1,q,t1,0.000000,
7,1,q,t2,0.000000,
7,1,q,t3,0.000000,
7,1,q,t4,0.000000,
7,1,q,t5,0.000000,
7,1,q,t6,0.000000,
7,1,q,t7,0.000000,
7,1,q,t8,0.000013,
7,1,q,t9,-0.000020,
7,1,q,t10,-0.000032,
7,1,q,t11,-0.000072,
7,1,q,t12,-0.000065,
7,1,k,t0,0.000000,
7,1,k,t1,0.000000,
7,1,k,t2,0.000000,
7,1,k,t3,0.000000,
7,1,k,t4,0.000000,
7,1,k,t5,0.000000,
7,1,k,t6,0.000000,
7,1,k,t7,0.000000,
7,1,k,t8,-0.000962,
7,1,k,t9,-0.000044,
7,1,k,t10,-0.000022,
7,1,k,t11,-0.000077,
7,1,k,t12,0.000011,
7,1,v,t0,0.000000,
7,1,v,t1,0.000000,
7,1,v,t2,0.000000,
7,1,v,t3,0.000000,
7,1,v,t4,0.000000,
7,1,v,t5,0.000000,
7,1,v,t6,0.000000,
7,1,v,t7,0.000000,
7,1,v,t8,0.000076,
7,1,v,t9,0.000004,
7,1,v,t10,0.000010,
7,1,v,t11,0.000012,
7,1,v,t12,0.000069,
7,2,q,t0,0.000000,
7,2,q,t1,0.000000,
7,2,q,t2,0.000000,
7,2,q,t3,0.000000,
7,2,q,t4,0.000000,
7,2,q,t5,0.000000,
7,2,q,t6,0.000000,
7,2,q,t7,0.000000,
7,2,q,t8,0.000048,
7,2,q,t9,-0.000006,
7,2,q,t10,0.000006,
7,2,q,t11,0.000009,
7,2,q,t12,-0.000073,
7,2,k,t0,0.000000,
7,2,k,t1,0.000000,
7,2,k,t2,0.000000,
7,2,k,t3,0.000000,
7,2,k,t4,0.000000,
7,2,k,t5,0.000000,
7,2,k,t6,0.000000,
7,2,k,t7,0.000000,
7,2,k,t8,-0.000430,
7,2,k,t9,0.000001,
7,2,k,t10,0.000000,
7,2,k,t11,0.000003,
7,2,k,t12,0.000046,
7,2,v,t0,0.000000,
7,2,v,t1,0.000000,
7,2,v,t2,0.000000,
7,2,v,t3,0.000000,
7,2,v,t4,0.000000,
7,2,v,t5,0.000000,
7,2,v,t6,0.000000,
7,2,v,t7,0.000000,
7,2,v,t8,0.000317,
7,2,v,t9,0.000001,
7,2,v,t10,-0.000001,
7,2,v,t11,-0.000013,
7,2,v,t12,0.000008,
7,3,q,t0,0.000000,
7,3,q,t1,0.000000,
7,3,q,t2,0.000000,
7,3,q,t3,0.000000,
7,3,q,t4,0.000000,
7,3,q,t5,0.000000,
7,3,q,t6,0.000000,
7,3,q,t7,0.000000,
7,3,q,t8,0.001639,
7,3,q,t9,0.000152,
7,3,q,t10,0.000042,
7,3,q,t11,0.000102,
7,3,q,t12,0.000433,
7,3,k,t0,0.000000,
7,3,k,t1,0.000000,
7,3,k,t2,0.000000,
7,3,k,t3,0.000000,
7,3,k,t4,0.000000,
7,3,k,t5,0.000000,
7,3,k,t6,0.000000,
7,3,k,t7,0.000000,
7,3,k,t8,0.002147,
7,3,k,t9,0.000063,
7,3,k,t10,0.000001,
7,3,k,t11,0.000055,
7,3,k,t12,0.000298,
7,3,v,t0,0.000000,
7,3,v,t1,0.000000,
7,3,v,t2,0.000000,
7,3,v,t3,0.000000,
7,3,v,t4,0.000000,
7,3,v,t5,0.000000,
7,3,v,t6,0.000000,
7,3,v,t7,0.000000,
7,3,v,t8,0.000987,
7,3,v,t9,-0.000057,
7,3,v,t10,-0.000056,
7,3,v,t11,-0.000025,
7,3,v,t12,-0.000459,
7,4,q,t0,0.000000,
7,4,q,t1,0.000000,
7,4,q,t2,0.000000,
7,4,q,t3,0.000000,
7,4,q,t4,0.000000,
7,4,q,t5,0.000000,
7,4,q,t6,0.000000,
7,4,q,t7,0.000000,
7,4,q,t8,0.000649,
7,4,q,t9,-0.000151,
7,4,q,t10,-0.000009,
7,4,q,t11,0.000005,
7,4,q,t12,0.000019,
7,4,k,t0,0.000000,
7,4,k,t1,0.000000,
7,4,k,t2,0.000000,
7,4,k,t3,0.000000,
7,4,k,t4,0.000000,
7,4,k,t5,0.000000,
7,4,k,t6,0.000000,
7,4,k,t7,0.000000,
7,4,k,t8,0.000018,
7,4,k,t9,0.000003,
7,4,k,t10,-0.000005,
7,4,k,t11,0.000001,
7,4,k,t12,0.000014,
7,4,v,t0,0.000000,
7,4,v,t1,0.000000,
7,4,v,t2,0.000000,
7,4,v,t3,0.000000,
7,4,v,t4,0.000000,
7,4,v,t5,0.000000,
7,4,v,t6,0.000000,
7,4,v,t7,0.000000,
7,4,v,t8,0.000043,
7,4,v,t9,-0.000029,
7,4,v,t10,-0.000002,
7,4,v,t11,-0.000001,
7,4,v,t12,-0.000012,
7,5,q,t0,0.000000,
7,5,q,t1,0.000000,
7,5,q,t2,0.000000,
7,5,q,t3,0.000000,
7,5,q,t4,0.000000,
7,5,q,t5,0.000000,
7,5,q,t6,0.000000,
7,5,q,t7,0.000000,
7,5,q,t8,-0.000128,
7,5,q,t9,0.000264,
7,5,q,t10,0.000020,
7,5,q,t11,-0.000077,
7,5,q,t12,-0.001500,
7,5,k,t0,0.000000,
7,5,k,t1,0.000000,
7,5,k,t2,0.000000,
7,5,k,t3,0.000000,
7,5,k,t4,0.000000,
7,5,k,t5,0.000000,
7,5,k,t6,0.000000,
7,5,k,t7,0.000000,
7,5,k,t8,0.000477,
7,5,k,t9,-0.000565,
7,5,k,t10,0.000245,
7,5,k,t11,0.000010,
7,5,k,t12,0.000006,
7,5,v,t0,0.000000,
7,5,v,t1,0.000000,
7,5,v,t2,0.000000,
7,5,v,t3,0.000000,
7,5,v,t4,0.000000,
7,5,v,t5,0.000000,
7,5,v,t6,0.000000,
7,5,v,t7,0.000000,
7,5,v,t8,-0.001082,
7,5,v,t9,-0.000178,
7,5,v,t10,0.000052,
7,5,v,t11,-0.000151,
7,5,v,t12,0.000007,
7,6,q,t0,0.000000,
7,6,q,t1,0.000000,
7,6,q,t2,0.000000,
7,6,q,t3,0.000000,
7,6,q,t4,0.000000,
7,6,q,t5,0.000000,
7,6,q,t6,0.000000,
7,6,q,t7,0.000000,
7,6,q,t8,0.000162,
7,6,q,t9,0.000136,
7,6,q,t10,0.000011,
7,6,q,t11,0.000375,
7,6,q,t12,0.000632,
7,6,k,t0,0.000000,
7,6,k,t1,0.000000,
7,6,k,t2,0.000000,
7,6,k,t3,0.000000,
7,6,k,t4,0.000000,
7,6,k,t5,0.000000,
7,6,k,t6,0.000000,
7,6,k,t7,0.000000,
7,6,k,t8,-0.001432,
7,6,k,t9,0.000138,
7,6,k,t10,0.000063,
7,6,k,t11,-0.000002,
7,6,k,t12,-0.000002,
7,6,v,t0,0.000000,
7,6,v,t1,0.000000,
7,6,v,t2,0.000000,
7,6,v,t3,0.000000,
7,6,v,t4,0.000000,
7,6,v,t5,0.000000,
7,6,v,t6,0.000000,
7,6,v,t7,0.000000,
7,6,v,t8,-0.001251,
7,6,v,t9,0.000010,
7,6,v,t10,-0.000001,
7,6,v,t11,-0.000002,
7,6,v,t12,0.000167,
7,7,q,t0,0.000000,
7,7,q,t1,0.000000,
7,7,q,t2,0.000000,
7,7,q,t3,0.000000,
7,7,q,t4,0.000000,
7,7,q,t5,0.000000,
7,7,q,t6,0.000000,
7,7,q,t7,0.000000,
7,7,q,t8,-0.000030,
7,7,q,t9,-0.000103,
7,7,q,t10,-0.000528,
7,7,q,t11,-0.000284,
7,7,q,t12,0.001230,
7,7,k,t0,0.000000,
7,7,k,t1,0.000000,
7,7,k,t2,0.000000,
7,7,k,t3,0.000000,
7,7,k,t4,0.000000,
7,7,k,t5,0.000000,
7,7,k,t6,0.000000,
7,7,k,t7,0.000000,
7,7,k,t8,0.000839,
7,7,k,t9,-0.001023,
7,7,k,t10,-0.000390,
7,7,k,t11,-0.000090,
7,7,k,t12,-0.000032,
7,7,v,t0,0.000000,
7,7,v,t1,0.000000,
7,7,v,t2,0.000000,
7,7,v,t3,0.000000,
7,7,v,t4,0.000000,
7,7,v,t5,0.000000,
7,7,v,t6,0.000000,
7,7,v,t7,0.000000,
7,7,v,t8,0.002401,
7,7,v,t9,0.002032,
7,7,v,t10,-0.000063,
7,7,v,t11,0.000002,
7,7,v,t12,-0.000014,
7,8,q,t0,0.000000,
7,8,q,t1,0.000000,
7,8,q,t2,0.000000,
7,8,q,t3,0.000000,
7,8,q,t4,0.000000,
7,8,q,t5,0.000000,
7,8,q,t6,0.000000,
7,8,q,t7,0.000000,
7,8,q,t8,-0.001537,
7,8,q,t9,-0.000234,
7,8,q,t10,-0.000194,
7,8,q,t11,-0.000049,
7,8,q,t12,-0.000327,
7,8,k,t0,0.000000,
7,8,k,t1,0.000000,
7,8,k,t2,0.000000,
7,8,k,t3,0.000000,
7,8,k,t4,0.000000,
7,8,k,t5,0.000000,
7,8,k,t6,0.000000,
7,8,k,t7,0.000000,
7,8,k,t8,0.000834,
7,8,k,t9,-0.000008,
7,8,k,t10,-0.000018,
7,8,k,t11,0.000028,
7,8,k,t12,0.000089,
7,8,v,t0,0.000000,
7,8,v,t1,0.000000,
7,8,v,t2,0.000000,
7,8,v,t3,0.000000,
7,8,v,t4,0.000000,
7,8,v,t5,0.000000,
7,8,v,t6,0.000000,
7,8,v,t7,0.000000,
7,8,v,t8,0.000213,
7,8,v,t9,0.000031,
7,8,v,t10,0.000189,
7,8,v,t11,-0.000105,
7,8,v,t12,0.000725,
7,9,q,t0,0.000000,
7,9,q,t1,0.000000,
7,9,q,t2,0.000000,
7,9,q,t3,0.000000,
7,9,q,t4,0.000000,
7,9,q,t5,0.000000,
7,9,q,t6,0.000000,
7,9,q,t7,0.000000,
7,9,q,t8,-0.000039,
7,9,q,t9,-0.000124,
7,9,q,t10,-0.000046,
7,9,q,t11,-0.000013,
7,9,q,t12,-0.000029,
7,9,k,t0,0.000000,
7,9,k,t1,0.000000,
7,9,k,t2,0.000000,
7,9,k,t3,0.000000,
7,9,k,t4,0.000000,
7,9,k,t5,0.000000,
7,9,k,t6,0.000000,
7,9,k,t7,0.000000,
7,9,k,t8,0.000030,
7,9,k,t9,-0.000350,
7,9,k,t10,-0.000017,
7,9,k,t11,-0.000011,
7,9,k,t12,-0.000041,
7,9,v,t0,0.000000,
7,9,v,t1,0.000000,
7,9,v,t2,0.000000,
7,9,v,t3,0.000000,
7,9,v,t4,0.000000,
7,9,v,t5,0.000000,
7,9,v,t6,0.000000,
7,9,v,t7,0.000000,
7,9,v,t8,-0.001217,
7,9,v,t9,0.000121,
7,9,v,t10,0.000213,
7,9,v,t11,0.000077,
7,9,v,t12,-0.000002,
7,10,q,t0,0.000000,year head -> MLP 8
7,10,q,t1,0.000000,year head -> MLP 8
7,10,q,t2,0.000000,year head -> MLP 8
7,10,q,t3,0.000000,year head -> MLP 8
7,10,q,t4,0.000000,year head -> MLP 8
7,10,q,t5,0.000000,year head -> MLP 8
7,10,q,t6,0.000000,year head -> MLP 8
7,10,q,t7,0.000000,year head -> MLP 8
7,10,q,t8,0.000017,year head -> MLP 8
7,10,q,t9,-0.000141,year head -> MLP 8
7,10,q,t10,0.000030,year head -> MLP 8
7,10,q,t11,0.000070,year head -> MLP 8
7,10,q,t12,-0.003327,year head -> MLP 8
7,10,k,t0,0.000000,year head -> MLP 8
7,10,k,t1,0.000000,year head -> MLP 8
7,10,k,t2,0.000000,year head -> MLP 8
7,10,k,t3,0.000000,year head -> MLP 8
7,10,k,t4,0.000000,year head -> MLP 8
7,10,k,t5,0.000000,year head -> MLP 8
7,10,k,t6,0.000000,year head -> MLP 8
7,10,k,t7,0.000000,year head -> MLP 8
7,10,k,t8,-0.002140,year head -> MLP 8
7,10,k,t9,0.000002,year head -> MLP 8
7,10,k,t10,0.000001,year head -> MLP 8
7,10,k,t11,-0.000002,year head -> MLP 8
7,10,k,t12,0.000002,year head -> MLP 8
7,10,v,t0,0.000000,year head -> MLP 8
7,10,v,t1,0.000000,year head -> MLP 8
7,10,v,t2,0.000000,year head -> MLP 8
7,10,v,t3,0.000000,year head -> MLP 8
7,10,v,t4,0.000000,year head -> MLP 8
7,10,v,t5,0.000000,year head -> MLP 8
7,10,v,t6,0.000000,year head -> MLP 8
7,10,v,t7,0.000000,year head -> MLP 8
7,10,v,t8,0.107191,year head -> MLP 8
7,10,v,t9,0.000003,year head -> MLP 8
7,10,v,t10,0.000001,year head -> MLP 8
7,10,v,t11,-0.000001,year head -> MLP 8
7,10,v,t12,-0.000004,year head -> MLP 8
7,11,q,t0,0.000000,
7,11,q,t1,0.000000,
7,11,q,t2,0.000000,
7,11,q,t3,0.000000,
7,11,q,t4,0.000000,
7,11,q,t5,0.000000,
7,11,q,t6,0.000000,
7,11,q,t7,0.000000,
7,11,q,t8,-0.000877,
7,11,q,t9,-0.000120,
7,11,q,t10,0.000165,
7,11,q,t11,0.000117,
7,11,q,t12,0.002300,
7,11,k,t0,0.000000,
7,11,k,t1,0.000000,
7,11,k,t2,0.000000,
7,11,k,t3,0.000000,
7,11,k,t4,0.000000,
7,11,k,t5,0.000000,
7,11,k,t6,0.000000,
7,11,k,t7,0.000000,
7,11,k,t8,-0.009333,
7,11,k,t9,0.000017,
7,11,k,t10,0.000004,
7,11,k,t11,-0.000014,
7,11,k,t12,0.000085,
7,11,v,t0,0.000000,
7,11,v,t1,0.000000,
7,11,v,t2,0.000000,
7,11,v,t3,0.000000,
7,11,v,t4,0.000000,
7,11,v,t5,0.000000,
7,11,v,t6,0.000000,
7,11,v,t7,0.000000,
7,11,v,t8,0.009980,
7,11,v,t9,0.000079,
7,11,v,t10,-0.000035,
7,11,v,t11,-0.000003,
7,11,v,t12,0.000107,
8,0,q,t0,0.000000,
8,0,q,t1,0.000000,
8,0,q,t2,0.000000,
8,0,q,t3,0.000000,
8,0,q,t4,0.000000,
8,0,q,t5,0.000000,
8,0,q,t6,0.000000,
8,0,q,t7,0.000000,
8,0,q,t8,0.000110,
8,0,q,t9,0.000005,
8,0,q,t10,-0.000004,
8,0,q,t11,-0.000027,
8,0,q,t12,0.002581,
8,0,k,t0,0.000000,
8,0,k,t1,0.000000,
8,0,k,t2,0.000000,
8,0,k,t3,0.000000,
8,0,k,t4,0.000000,
8,0,k,t5,0.000000,
8,0,k,t6,0.000000,
8,0,k,t7,0.000000,
8,0,k,t8,0.000419,
8,0,k,t9,0.000015,
8,0,k,t10,0.000009,
8,0,k,t11,0.000025,
8,0,k,t12,-0.004583,
8,0,v,t0,0.000000,
8,0,v,t1,0.000000,
8,0,v,t2,0.000000,
8,0,v,t3,0.000000,
8,0,v,t4,0.000000,
8,0,v,t5,0.000000,
8,0,v,t6,0.000000,
8,0,v,t7,0.000000,
8,0,v,t8,0.000235,
8,0,v,t9,0.000120,
8,0,v,t10,0.000055,
8,0,v,t11,0.000162,
8,0,v,t12,-0.000426,
8,1,q,t0,0.000000,
8,1,q,t1,0.000000,
8,1,q,t2,0.000000,
8,1,q,t3,0.000000,
8,1,q,t4,0.000000,
8,1,q,t5,0.000000,
8,1,q,t6,0.000000,
8,1,q,t7,0.000000,
8,1,q,t8,-0.000079,
8,1,q,t9,0.000015,
8,1,q,t10,0.000007,
8,1,q,t11,0.000006,
8,1,q,t12,0.001461,
8,1,k,t0,0.000000,
8,1,k,t1,0.000000,
8,1,k,t2,0.000000,
8,1,k,t3,0.000000,
8,1,k,t4,0.000000,
8,1,k,t5,0.000000,
8,1,k,t6,0.000000,
8,1,k,t7,0.000000,
8,1,k,t8,0.000763,
8,1,k,t9,0.000004,
8,1,k,t10,-0.000062,
8,1,k,t11,0.000004,
8,1,k,t12,-0.000001,
8,1,v,t0,0.000000,
8,1,v,t1,0.000000,
8,1,v,t2,0.000000,
8,1,v,t3,0.000000,
8,1,v,t4,0.000000,
8,1,v,t5,0.000000,
8,1,v,t6,0.000000,
8,1,v,t7,0.000000,
8,1,v,t8,0.007552,
8,1,v,t9,-0.000094,
8,1,v,t10,-0.000004,
8,1,v,t11,-0.000003,
8,1,v,t12,-0.000017,
8,2,q,t0,0.000000,
8,2,q,t1,0.000000,
8,2,q,t2,0.000000,
8,2,q,t3,0.000000,
8,2,q,t4,0.000000,
8,2,q,t5,0.000000,
8,2,q,t6,0.000000,
8,2,q,t7,0.000000,
8,2,q,t8,-0.000248,
8,2,q,t9,0.000003,
8,2,q,t10,0.000012,
8,2,q,t11,-0.000003,
8,2,q,t12,0.000331,
8,2,k,t0,0.000000,
8,2,k,t1,0.000000,
8,2,k,t2,0.000000,
8,2,k,t3,0.000000,
8,2,k,t4,0.000000,
8,2,k,t5,0.000000,
8,2,k,t6,0.000000,
8,2,k,t7,0.000000,
8,2,k,t8,-0.000011,
8,2,k,t9,-0.000007,
8,2,k,t10,-0.000000,
8,2,k,t11,-0.000000,
8,2,k,t12,-0.000008,
8,2,v,t0,0.000000,
8,2,v,t1,0.000000,
8,2,v,t2,0.000000,
8,2,v,t3,0.000000,
8,2,v,t4,0.000000,
8,2,v,t5,0.000000,
8,2,v,t6,0.000000,
8,2,v,t7,0.000000,
8,2,v,t8,0.000150,
8,2,v,t9,-0.000001,
8,2,v,t10,-0.000003,
8,2,v,t11,-0.000000,
8,2,v,t12,-0.000055,
8,3,q,t0,0.000000,
8,3,q,t1,0.000000,
8,3,q,t2,0.000000,
8,3,q,t3,0.000000,
8,3,q,t4,0.000000,
8,3,q,t5,0.000000,
8,3,q,t6,0.000000,
8,3,q,t7,0.000000,
8,3,q,t8,0.000123,
8,3,q,t9,0.000019,
8,3,q,t10,0.000040,
8,3,q,t11,-0.000002,
8,3,q,t12,-0.000842,
8,3,k,t0,0.000000,
8,3,k,t1,0.000000,
8,3,k,t2,0.000000,
8,3,k,t3,0.000000,
8,3,k,t4,0.000000,
8,3,k,t5,0.000000,
8,3,k,t6,0.000000,
8,3,k,t7,0.000000,
8,3,k,t8,0.000288,
8,3,k,t9,0.000116,
8,3,k,t10,0.000025,
8,3,k,t11,-0.000004,
8,3,k,t12,0.000019,
8,3,v,t0,0.000000,
8,3,v,t1,0.000000,
8,3,v,t2,0.000000,
8,3,v,t3,0.000000,
8,3,v,t4,0.000000,
8,3,v,t5,0.000000,
8,3,v,t6,0.000000,
8,3,v,t7,0.000000,
8,3,v,t8,-0.000799,
8,3,v,t9,0.000575,
8,3,v,t10,0.000054,
8,3,v,t11,0.000015,
8,3,v,t12,0.000014,
8,4,q,t0,0.000000,
8,4,q,t1,0.000000,
8,4,q,t2,0.000000,
8,4,q,t3,0.000000,
8,4,q,t4,0.000000,
8,4,q,t5,0.000000,
8,4,q,t6,0.000000,
8,4,q,t7,0.000000,
8,4,q,t8,-0.000158,
8,4,q,t9,-0.000005,
8,4,q,t10,0.000001,
8,4,q,t11,0.000001,
8,4,q,t12,-0.000205,
8,4,k,t0,0.000000,
8,4,k,t1,0.000000,
8,4,k,t2,0.000000,
8,4,k,t3,0.000000,
8,4,k,t4,0.000000,
8,4,k,t5,0.000000,
8,4,k,t6,0.000000,
8,4,k,t7,0.000000,
8,4,k,t8,-0.000023,
8,4,k,t9,-0.000005,
8,4,k,t10,-0.000038,
8,4,k,t11,0.000003,
8,4,k,t12,-0.000002,
8,4,v,t0,0.000000,
8,4,v,t1,0.000000,
8,4,v,t2,0.000000,
8,4,v,t3,0.000000,
8,4,v,t4,0.000000,
8,4,v,t5,0.000000,
8,4,v,t6,0.000000,
8,4,v,t7,0.000000,
8,4,v,t8,0.000006,
8,4,v,t9,0.000004,
8,4,v,t10,0.000012,
8,4,v,t11,-0.000003,
8,4,v,t12,0.000004,
8,5,q,t0,0.000000,
8,5,q,t1,0.000000,
8,5,q,t2,0.000000,
8,5,q,t3,0.000000,
8,5,q,t4,0.000000,
8,5,q,t5,0.000000,
8,5,q,t6,0.000000,
8,5,q,t7,0.000000,
8,5,q,t8,-0.000003,
8,5,q,t9,0.000002,
8,5,q,t10,-0.000025,
8,5,q,t11,0.000004,
8,5,q,t12,-0.001145,
8,5,k,t0,0.000000,
8,5,k,t1,0.000000,
8,5,k,t2,0.000000,
8,5,k,t3,0.000000,
8,5,k,t4,0.000000,
8,5,k,t5,0.000000,
8,5,k,t6,0.000000,
8,5,k,t7,0.000000,
8,5,k,t8,0.000167,
8,5,k,t9,-0.000008,
8,5,k,t10,0.000297,
8,5,k,t11,-0.000023,
8,5,k,t12,-0.000032,
8,5,v,t0,0.000000,
8,5,v,t1,0.000000,
8,5,v,t2,0.000000,
8,5,v,t3,0.000000,
8,5,v,t4,0.000000,
8,5,v,t5,0.000000,
8,5,v,t6,0.000000,
8,5,v,t7,0.000000,
8,5,v,t8,-0.000085,
8,5,v,t9,0.000807,
8,5,v,t10,-0.000154,
8,5,v,t11,0.000660,
8,5,v,t12,0.000129,
8,6,q,t0,0.000000,
8,6,q,t1,0.000000,
8,6,q,t2,0.000000,
8,6,q,t3,0.000000,
8,6,q,t4,0.000000,
8,6,q,t5,0.000000,
8,6,q,t6,0.000000,
8,6,q,t7,0.000000,
8,6,q,t8,0.000039,
8,6,q,t9,-0.000002,
8,6,q,t10,-0.000007,
8,6,q,t11,-0.000004,
8,6,q,t12,0.000448,
8,6,k,t0,0.000000,
8,6,k,t1,0.000000,
8,6,k,t2,0.000000,
8,6,k,t3,0.000000,
8,6,k,t4,0.000000,
8,6,k,t5,0.000000,
8,6,k,t6,0.000000,
8,6,k,t7,0.000000,
8,6,k,t8,-0.005442,
8,6,k,t9,0.000093,
8,6,k,t10,0.000060,
8,6,k,t11,0.000034,
8,6,k,t12,-0.000244,
8,6,v,t0,0.000000,
8,6,v,t1,0.000000,
8,6,v,t2,0.000000,
8,6,v,t3,0.000000,
8,6,v,t4,0.000000,
8,6,v,t5,0.000000,
8,6,v,t6,0.000000,
8,6,v,t7,0.000000,
8,6,v,t8,0.000053,
8,6,v,t9,0.000015,
8,6,v,t10,0.000008,
8,6,v,t11,-0.000021,
8,6,v,t12,-0.000083,
8,7,q,t0,0.000000,
8,7,q,t1,0.000000,
8,7,q,t2,0.000000,
8,7,q,t3,0.000000,
8,7,q,t4,0.000000,
8,7,q,t5,0.000000,
8,7,q,t6,0.000000,
8,7,q,t7,0.000000,
8,7,q,t8,0.000232,
8,7,q,t9,0.000003,
8,7,q,t10,0.000005,
8,7,q,t11,0.000000,
8,7,q,t12,0.003347,
8,7,k,t0,0.000000,
8,7,k,t1,0.000000,
8,7,k,t2,0.000000,
8,7,k,t3,0.000000,
8,7,k,t4,0.000000,
8,7,k,t5,0.000000,
8,7,k,t6,0.000000,
8,7,k,t7,0.000000,
8,7,k,t8,0.000009,
8,7,k,t9,-0.000038,
8,7,k,t10,0.000208,
8,7,k,t11,-0.000003,
8,7,k,t12,0.000031,
8,7,v,t0,0.000000,
8,7,v,t1,0.000000,
8,7,v,t2,0.000000,
8,7,v,t3,0.000000,
8,7,v,t4,0.000000,
8,7,v,t5,0.000000,
8,7,v,t6,0.000000,
8,7,v,t7,0.000000,
8,7,v,t8,0.000080,
8,7,v,t9,-0.000090,
8,7,v,t10,0.000121,
8,7,v,t11,0.000880,
8,7,v,t12,0.000731,
8,8,q,t0,0.000000,year head -> MLP 8
8,8,q,t1,0.000000,year head -> MLP 8
8,8,q,t2,0.000000,year head -> MLP 8
8,8,q,t3,0.000000,year head -> MLP 8
8,8,q,t4,0.000000,year head -> MLP 8
8,8,q,t5,0.000000,year head -> MLP 8
8,8,q,t6,0.000000,year head -> MLP 8
8,8,q,t7,0.000000,year head -> MLP 8
8,8,q,t8,-0.000010,year head -> MLP 8
8,8,q,t9,-0.000053,year head -> MLP 8
8,8,q,t10,-0.000026,year head -> MLP 8
8,8,q,t11,-0.000181,year head -> MLP 8
8,8,q,t12,-0.000387,year head -> MLP 8
8,8,k,t0,0.000000,year head -> MLP 8
8,8,k,t1,0.000000,year head -> MLP 8
8,8,k,t2,0.000000,year head -> MLP 8
8,8,k,t3,0.000000,year head -> MLP 8
8,8,k,t4,0.000000,year head -> MLP 8
8,8,k,t5,0.000000,year head -> MLP 8
8,8,k,t6,0.000000,year head -> MLP 8
8,8,k,t7,0.000000,year head -> MLP 8
8,8,k,t8,0.000568,year head -> MLP 8
8,8,k,t9,-0.000009,year head -> MLP 8
8,8,k,t10,-0.000010,year head -> MLP 8
8,8,k,t11,-0.000011,year head -> MLP 8
8,8,k,t12,0.000001,year head -> MLP 8
8,8,v,t0,0.000000,year head -> MLP 8
8,8,v,t1,0.000000,year head -> MLP 8
8,8,v,t2,0.000000,year head -> MLP 8
8,8,v,t3,0.000000,year head -> MLP 8
8,8,v,t4,0.000000,year head -> MLP 8
8,8,v,t5,0.000000,year head -> MLP 8
8,8,v,t6,0.000000,year head -> MLP 8
8,8,v,t7,0.000000,year head -> MLP 8
8,8,v,t8,0.031690,year head -> MLP 8
8,8,v,t9,0.000061,year head -> MLP 8
8,8,v,t10,0.000007,year head -> MLP 8
8,8,v,t11,-0.000019,year head -> MLP 8
8,8,v,t12,0.000092,year head -> MLP 8
8,9,q,t0,0.000000,
8,9,q,t1,0.000000,
8,9,q,t2,0.000000,
8,9,q,t3,0.000000,
8,9,q,t4,0.000000,
8,9,q,t5,0.000000,
8,9,q,t6,0.000000,
8,9,q,t7,0.000000,
8,9,q,t8,-0.000214,
8,9,q,t9,-0.000047,
8,9,q,t10,-0.000051,
8,9,q,t11,0.000009,
8,9,q,t12,-0.007447,
8,9,k,t0,0.000000,
8,9,k,t1,0.000000,
8,9,k,t2,0.000000,
8,9,k,t3,0.000000,
8,9,k,t4,0.000000,
8,9,k,t5,0.000000,
8,9,k,t6,0.000000,
8,9,k,t7,0.000000,
8,9,k,t8,-0.001056,
8,9,k,t9,-0.000115,
8,9,k,t10,0.000057,
8,9,k,t11,-0.001151,
8,9,k,t12,-0.006082,
8,9,v,t0,0.000000,
8,9,v,t1,0.000000,
8,9,v,t2,0.000000,
8,9,v,t3,0.000000,
8,9,v,t4,0.000000,
8,9,v,t5,0.000000,
8,9,v,t6,0.000000,
8,9,v,t7,0.000000,
8,9,v,t8,-0.000873,
8,9,v,t9,0.000022,
8,9,v,t10,0.000091,
8,9,v,t11,0.000233,
8,9,v,t12,-0.003468,
8,10,q,t0,0.000000,
8,10,q,t1,0.000000,
8,10,q,t2,0.000000,
8,10,q,t3,0.000000,
8,10,q,t4,0.000000,
8,10,q,t5,0.000000,
8,10,q,t6,0.000000,
8,10,q,t7,0.000000,
8,10,q,t8,0.000587,
8,10,q,t9,0.000028,
8,10,q,t10,0.000009,
8,10,q,t11,-0.000150,
8,10,q,t12,0.004201,
8,10,k,t0,0.000000,
8,10,k,t1,0.000000,
8,10,k,t2,0.000000,
8,10,k,t3,0.000000,
8,10,k,t4,0.000000,
8,10,k,t5,0.000000,
8,10,k,t6,0.000000,
8,10,k,t7,0.000000,
8,10,k,t8,0.000206,
8,10,k,t9,-0.000011,
8,10,k,t10,0.000105,
8,10,k,t11,-0.000024,
8,10,k,t12,-0.000057,
8,10,v,t0,0.000000,
8,10,v,t1,0.000000,
8,10,v,t2,0.000000,
8,10,v,t3,0.000000,
8,10,v,t4,0.000000,
8,10,v,t5,0.000000,
8,10,v,t6,0.000000,
8,10,v,t7,0.000000,
8,10,v,t8,-0.004532,
8,10,v,t9,-0.000517,
8,10,v,t10,-0.000133,
8,10,v,t11,-0.000091,
8,10,v,t12,0.000482,
8,11,q,t0,0.000000,year head -> MLP 8
8,11,q,t1,0.000000,year head -> MLP 8
8,11,q,t2,0.000000,year head -> MLP 8
8,11,q,t3,0.000000,year head -> MLP 8
8,11,q,t4,0.000000,year head -> MLP 8
8,11,q,t5,0.000000,year head -> MLP 8
8,11,q,t6,0.000000,year head -> MLP 8
8,11,q,t7,0.000000,year head -> MLP 8
8,11,q,t8,0.000522,year head -> MLP 8
8,11,q,t9,-0.000017,year head -> MLP 8
8,11,q,t10,0.000007,year head -> MLP 8
8,11,q,t11,0.000009,year head -> MLP 8
8,11,q,t12,0.008399,year head -> MLP 8
8,11,k,t0,0.000000,year head -> MLP 8
8,11,k,t1,0.000000,year head -> MLP 8
8,11,k,t2,0.000000,year head -> MLP 8
8,11,k,t3,0.000000,year head -> MLP 8
8,11,k,t4,0.000000,year head -> MLP 8
8,11,k,t5,0.000000,year head -> MLP 8
8,11,k,t6,0.000000,year head -> MLP 8
8,11,k,t7,0.000000,year head -> MLP 8
8,11,k,t8,0.001985,year head -> MLP 8
8,11,k,t9,-0.000047,year head -> MLP 8
8,11,k,t10,-0.000051,year head -> MLP 8
8,11,k,t11,-0.000052,year head -> MLP 8
8,11,k,t12,0.000225,year head -> MLP 8
8,11,v,t0,0.000000,year head -> MLP 8
8,11,v,t1,0.000000,year head -> MLP 8
8,11,v,t2,0.000000,year head -> MLP 8
8,11,v,t3,0.000000,year head -> MLP 8
8,11,v,t4,0.000000,year head -> MLP 8
8,11,v,t5,0.000000,year head -> MLP 8
8,11,v,t6,0.000000,year head -> MLP 8
8,11,v,t7,0.000000,year head -> MLP 8
8,11,v,t8,0.080629,year head -> MLP 8
8,11,v,t9,0.000031,year head -> MLP 8
8,11,v,t10,0.000140,year head -> MLP 8
8,11,v,t11,-0.000018,year head -> MLP 8
8,11,v,t12,0.000042,year head -> MLP 8
9,0,q,t0,0.000000,
9,0,q,t1,0.000000,
9,0,q,t2,0.000000,
9,0,q,t3,0.000000,
9,0,q,t4,0.000000,
9,0,q,t5,0.000000,
9,0,q,t6,0.000000,
9,0,q,t7,0.000000,
9,0,q,t8,-0.000210,
9,0,q,t9,0.000002,
9,0,q,t10,0.000001,
9,0,q,t11,0.000016,
9,0,q,t12,0.000003,
9,0,k,t0,0.000000,
9,0,k,t1,0.000000,
9,0,k,t2,0.000000,
9,0,k,t3,0.000000,
9,0,k,t4,0.000000,
9,0,k,t5,0.000000,
9,0,k,t6,0.000000,
9,0,k,t7,0.000000,
9,0,k,t8,-0.000068,
9,0,k,t9,-0.000027,
9,0,k,t10,-0.000004,
9,0,k,t11,0.000003,
9,0,k,t12,0.000001,
9,0,v,t0,0.000000,
9,0,v,t1,0.000000,
9,0,v,t2,0.000000,
9,0,v,t3,0.000000,
9,0,v,t4,0.000000,
9,0,v,t5,0.000000,
9,0,v,t6,0.000000,
9,0,v,t7,0.000000,
9,0,v,t8,-0.000124,
9,0,v,t9,0.000027,
9,0,v,t10,0.000004,
9,0,v,t11,0.000038,
9,0,v,t12,0.000051,
9,1,q,t0,0.000000,year head -> MLP 9
9,1,q,t1,0.000000,year head -> MLP 9
9,1,q,t2,0.000000,year head -> MLP 9
9,1,q,t3,0.000000,year head -> MLP 9
9,1,q,t4,0.000000,year head -> MLP 9
9,1,q,t5,0.000000,year head -> MLP 9
9,1,q,t6,0.000000,year head -> MLP 9
9,1,q,t7,0.000000,year head -> MLP 9
9,1,q,t8,0.000028,year head -> MLP 9
9,1,q,t9,-0.000003,year head -> MLP 9
9,1,q,t10,-0.000005,year head -> MLP 9
9,1,q,t11,0.000010,year head -> MLP 9
9,1,q,t12,-0.018751,year head -> MLP 9
9,1,k,t0,0.000000,year head -> MLP 9
9,1,k,t1,0.000000,year head -> MLP 9
9,1,k,t2,0.000000,year head -> MLP 9
9,1,k,t3,0.000000,year head -> MLP 9
9,1,k,t4,0.000000,year head -> MLP 9
9,1,k,t5,0.000000,year head -> MLP 9
9,1,k,t6,0.000000,year head -> MLP 9
9,1,k,t7,0.000000,year head -> MLP 9
9,1,k,t8,0.003693,year head -> MLP 9
9,1,k,t9,-0.000009,year head -> MLP 9
9,1,k,t10,-0.000053,year head -> MLP 9
9,1,k,t11,-0.000035,year head -> MLP 9
9,1,k,t12,0.000195,year head -> MLP 9
9,1,v,t0,0.000000,year head -> MLP 9
9,1,v,t1,0.000000,year head -> MLP 9
9,1,v,t2,0.000000,year head -> MLP 9
9,1,v,t3,0.000000,year head -> MLP 9
9,1,v,t4,0.000000,year head -> MLP 9
9,1,v,t5,0.000000,year head -> MLP 9
9,1,v,t6,0.000000,year head -> MLP 9
9,1,v,t7,0.000000,year head -> MLP 9
9,1,v,t8,0.217517,year head -> MLP 9
9,1,v,t9,-0.000000,year head -> MLP 9
9,1,v,t10,0.000004,year head -> MLP 9
9,1,v,t11,0.000004,year head -> MLP 9
9,1,v,t12,-0.000484,year head -> MLP 9
9,2,q,t0,0.000000,
9,2,q,t1,0.000000,
9,2,q,t2,0.000000,
9,2,q,t3,0.000000,
9,2,q,t4,0.000000,
9,2,q,t5,0.000000,
9,2,q,t6,0.000000,
9,2,q,t7,0.000000,
9,2,q,t8,0.000039,
9,2,q,t9,0.000001,
9,2,q,t10,0.000002,
9,2,q,t11,0.000000,
9,2,q,t12,-0.000081,
9,2,k,t0,0.000000,
9,2,k,t1,0.000000,
9,2,k,t2,0.000000,
9,2,k,t3,0.000000,
9,2,k,t4,0.000000,
9,2,k,t5,0.000000,
9,2,k,t6,0.000000,
9,2,k,t7,0.000000,
9,2,k,t8,-0.000055,
9,2,k,t9,-0.000001,
9,2,k,t10,-0.000001,
9,2,k,t11,0.000000,
9,2,k,t12,0.000003,
9,2,v,t0,0.000000,
9,2,v,t1,0.000000,
9,2,v,t2,0.000000,
9,2,v,t3,0.000000,
9,2,v,t4,0.000000,
9,2,v,t5,0.000000,
9,2,v,t6,0.000000,
9,2,v,t7,0.000000,
9,2,v,t8,-0.000108,
9,2,v,t9,-0.000001,
9,2,v,t10,-0.000003,
9,2,v,t11,-0.000003,
9,2,v,t12,0.000017,
9,3,q,t0,0.000000,
9,3,q,t1,0.000000,
9,3,q,t2,0.000000,
9,3,q,t3,0.000000,
9,3,q,t4,0.000000,
9,3,q,t5,0.000000,
9,3,q,t6,0.000000,
9,3,q,t7,0.000000,
9,3,q,t8,0.000265,
9,3,q,t9,0.000002,
9,3,q,t10,-0.000000,
9,3,q,t11,-0.000001,
9,3,q,t12,0.001758,
9,3,k,t0,0.000000,
9,3,k,t1,0.000000,
9,3,k,t2,0.000000,
9,3,k,t3,0.000000,
9,3,k,t4,0.000000,
9,3,k,t5,0.000000,
9,3,k,t6,0.000000,
9,3,k,t7,0.000000,
9,3,k,t8,0.000172,
9,3,k,t9,-0.000016,
9,3,k,t10,0.000001,
9,3,k,t11,-0.000642,
9,3,k,t12,0.000072,
9,3,v,t0,0.000000,
9,3,v,t1,0.000000,
9,3,v,t2,0.000000,
9,3,v,t3,0.000000,
9,3,v,t4,0.000000,
9,3,v,t5,0.000000,
9,3,v,t6,0.000000,
9,3,v,t7,0.000000,
9,3,v,t8,0.000189,
9,3,v,t9,0.000012,
9,3,v,t10,0.000009,
9,3,v,t11,-0.000089,
9,3,v,t12,0.000392,
9,4,q,t0,0.000000,
9,4,q,t1,0.000000,
9,4,q,t2,0.000000,
9,4,q,t3,0.000000,
9,4,q,t4,0.000000,
9,4,q,t5,0.000000,
9,4,q,t6,0.000000,
9,4,q,t7,0.000000,
9,4,q,t8,0.000004,
9,4,q,t9,0.000005,
9,4,q,t10,0.000002,
9,4,q,t11,-0.000000,
9,4,q,t12,-0.000142,
9,4,k,t0,0.000000,
9,4,k,t1,0.000000,
9,4,k,t2,0.000000,
9,4,k,t3,0.000000,
9,4,k,t4,0.000000,
9,4,k,t5,0.000000,
9,4,k,t6,0.000000,
9,4,k,t7,0.000000,
9,4,k,t8,0.000087,
9,4,k,t9,0.000004,
9,4,k,t10,0.000015,
9,4,k,t11,-0.000010,
9,4,k,t12,-0.000006,
9,4,v,t0,0.000000,
9,4,v,t1,0.000000,
9,4,v,t2,0.000000,
9,4,v,t3,0.000000,
9,4,v,t4,0.000000,
9,4,v,t5,0.000000,
9,4,v,t6,0.000000,
9,4,v,t7,0.000000,
9,4,v,t8,-0.000271,
9,4,v,t9,0.000016,
9,4,v,t10,-0.000010,
9,4,v,t11,-0.000018,
9,4,v,t12,-0.000080,
9,5,q,t0,0.000000,
9,5,q,t1,0.000000,
9,5,q,t2,0.000000,
9,5,q,t3,0.000000,
9,5,q,t4,0.000000,
9,5,q,t5,0.000000,
9,5,q,t6,0.000000,
9,5,q,t7,0.000000,
9,5,q,t8,0.000287,
9,5,q,t9,-0.000011,
9,5,q,t10,0.000013,
9,5,q,t11,-0.000034,
9,5,q,t12,0.003731,
9,5,k,t0,0.000000,
9,5,k,t1,0.000000,
9,5,k,t2,0.000000,
9,5,k,t3,0.000000,
9,5,k,t4,0.000000,
9,5,k,t5,0.000000,
9,5,k,t6,0.000000,
9,5,k,t7,0.000000,
9,5,k,t8,-0.000524,
9,5,k,t9,-0.000104,
9,5,k,t10,-0.000027,
9,5,k,t11,-0.000208,
9,5,k,t12,-0.000191,
9,5,v,t0,0.000000,
9,5,v,t1,0.000000,
9,5,v,t2,0.000000,
9,5,v,t3,0.000000,
9,5,v,t4,0.000000,
9,5,v,t5,0.000000,
9,5,v,t6,0.000000,
9,5,v,t7,0.000000,
9,5,v,t8,0.000002,
9,5,v,t9,-0.000008,
9,5,v,t10,-0.000067,
9,5,v,t11,-0.000340,
9,5,v,t12,-0.009359,
9,6,q,t0,0.000000,
9,6,q,t1,0.000000,
9,6,q,t2,0.000000,
9,6,q,t3,0.000000,
9,6,q,t4,0.000000,
9,6,q,t5,0.000000,
9,6,q,t6,0.000000,
9,6,q,t7,0.000000,
9,6,q,t8,0.000008,
9,6,q,t9,0.000004,
9,6,q,t10,0.000010,
9,6,q,t11,-0.000027,
9,6,q,t12,0.003195,
9,6,k,t0,0.000000,
9,6,k,t1,0.000000,
9,6,k,t2,0.000000,
9,6,k,t3,0.000000,
9,6,k,t4,0.000000,
9,6,k,t5,0.000000,
9,6,k,t6,0.000000,
9,6,k,t7,0.000000,
9,6,k,t8,0.000374,
9,6,k,t9,0.000015,
9,6,k,t10,-0.000016,
9,6,k,t11,0.000001,
9,6,k,t12,0.000001,
9,6,v,t0,0.000000,
9,6,v,t1,0.000000,
9,6,v,t2,0.000000,
9,6,v,t3,0.000000,
9,6,v,t4,0.000000,
9,6,v,t5,0.000000,
9,6,v,t6,0.000000,
9,6,v,t7,0.000000,
9,6,v,t8,-0.001784,
9,6,v,t9,0.000037,
9,6,v,t10,0.000012,
9,6,v,t11,0.000008,
9,6,v,t12,0.000002,
9,7,q,t0,0.000000,
9,7,q,t1,0.000000,
9,7,q,t2,0.000000,
9,7,q,t3,0.000000,
9,7,q,t4,0.000000,
9,7,q,t5,0.000000,
9,7,q,t6,0.000000,
9,7,q,t7,0.000000,
9,7,q,t8,-0.000030,
9,7,q,t9,0.000001,
9,7,q,t10,0.000000,
9,7,q,t11,0.000007,
9,7,q,t12,-0.000764,
9,7,k,t0,0.000000,
9,7,k,t1,0.000000,
9,7,k,t2,0.000000,
9,7,k,t3,0.000000,
9,7,k,t4,0.000000,
9,7,k,t5,0.000000,
9,7,k,t6,0.000000,
9,7,k,t7,0.000000,
9,7,k,t8,-0.000346,
9,7,k,t9,-0.000009,
9,7,k,t10,0.000002,
9,7,k,t11,0.000013,
9,7,k,t12,0.000035,
9,7,v,t0,0.000000,
9,7,v,t1,0.000000,
9,7,v,t2,0.000000,
9,7,v,t3,0.000000,
9,7,v,t4,0.000000,
9,7,v,t5,0.000000,
9,7,v,t6,0.000000,
9,7,v,t7,0.000000,
9,7,v,t8,-0.000308,
9,7,v,t9,-0.000003,
9,7,v,t10,0.000011,
9,7,v,t11,-0.000050,
9,7,v,t12,-0.000077,
9,8,q,t0,0.000000,
9,8,q,t1,0.000000,
9,8,q,t2,0.000000,
9,8,q,t3,0.000000,
9,8,q,t4,0.000000,
9,8,q,t5,0.000000,
9,8,q,t6,0.000000,
9,8,q,t7,0.000000,
9,8,q,t8,0.000138,
9,8,q,t9,0.000002,
9,8,q,t10,-0.000022,
9,8,q,t11,0.000000,
9,8,q,t12,0.000228,
9,8,k,t0,0.000000,
9,8,k,t1,0.000000,
9,8,k,t2,0.000000,
9,8,k,t3,0.000000,
9,8,k,t4,0.000000,
9,8,k,t5,0.000000,
9,8,k,t6,0.000000,
9,8,k,t7,0.000000,
9,8,k,t8,0.000040,
9,8,k,t9,0.000003,
9,8,k,t10,-0.000007,
9,8,k,t11,0.000010,
9,8,k,t12,0.000013,
9,8,v,t0,0.000000,
9,8,v,t1,0.000000,
9,8,v,t2,0.000000,
9,8,v,t3,0.000000,
9,8,v,t4,0.000000,
9,8,v,t5,0.000000,
9,8,v,t6,0.000000,
9,8,v,t7,0.000000,
9,8,v,t8,0.000186,
9,8,v,t9,0.000007,
9,8,v,t10,-0.000011,
9,8,v,t11,-0.000028,
9,8,v,t12,-0.000035,
9,9,q,t0,0.000000,
9,9,q,t1,0.000000,
9,9,q,t2,0.000000,
9,9,q,t3,0.000000,
9,9,q,t4,0.000000,
9,9,q,t5,0.000000,
9,9,q,t6,0.000000,
9,9,q,t7,0.000000,
9,9,q,t8,0.000009,
9,9,q,t9,0.000017,
9,9,q,t10,0.000005,
9,9,q,t11,-0.000003,
9,9,q,t12,-0.000042,
9,9,k,t0,0.000000,
9,9,k,t1,0.000000,
9,9,k,t2,0.000000,
9,9,k,t3,0.000000,
9,9,k,t4,0.000000,
9,9,k,t5,0.000000,
9,9,k,t6,0.000000,
9,9,k,t7,0.000000,
9,9,k,t8,-0.000143,
9,9,k,t9,0.000001,
9,9,k,t10,-0.000009,
9,9,k,t11,0.000039,
9,9,k,t12,0.000158,
9,9,v,t0,0.000000,
9,9,v,t1,0.000000,
9,9,v,t2,0.000000,
9,9,v,t3,0.000000,
9,9,v,t4,0.000000,
9,9,v,t5,0.000000,
9,9,v,t6,0.000000,
9,9,v,t7,0.000000,
9,9,v,t8,0.000868,
9,9,v,t9,-0.000001,
9,9,v,t10,-0.000007,
9,9,v,t11,-0.000007,
9,9,v,t12,-0.000076,
9,10,q,t0,0.000000,
9,10,q,t1,0.000000,
9,10,q,t2,0.000000,
9,10,q,t3,0.000000,
9,10,q,t4,0.000000,
9,10,q,t5,0.000000,
9,10,q,t6,0.000000,
9,10,q,t7,0.000000,
9,10,q,t8,-0.000454,
9,10,q,t9,-0.000003,
9,10,q,t10,-0.000000,
9,10,q,t11,-0.000001,
9,10,q,t12,-0.000149,
9,10,k,t0,0.000000,
9,10,k,t1,0.000000,
9,10,k,t2,0.000000,
9,10,k,t3,0.000000,
9,10,k,t4,0.000000,
9,10,k,t5,0.000000,
9,10,k,t6,0.000000,
9,10,k,t7,0.000000,
9,10,k,t8,-0.000001,
9,10,k,t9,0.000034,
9,10,k,t10,0.000020,
9,10,k,t11,0.000018,
9,10,k,t12,-0.000007,
9,10,v,t0,0.000000,
9,10,v,t1,0.000000,
9,10,v,t2,0.000000,
9,10,v,t3,0.000000,
9,10,v,t4,0.000000,
9,10,v,t5,0.000000,
9,10,v,t6,0.000000,
9,10,v,t7,0.000000,
9,10,v,t8,-0.000009,
9,10,v,t9,0.000027,
9,10,v,t10,0.000001,
9,10,v,t11,-0.000003,
9,10,v,t12,0.000061,
9,11,q,t0,0.000000,
9,11,q,t1,0.000000,
9,11,q,t2,0.000000,
9,11,q,t3,0.000000,
9,11,q,t4,0.000000,
9,11,q,t5,0.000000,
9,11,q,t6,0.000000,
9,11,q,t7,0.000000,
9,11,q,t8,-0.000008,
9,11,q,t9,0.000002,
9,11,q,t10,-0.000002,
9,11,q,t11,0.000003,
9,11,q,t12,0.000048,
9,11,k,t0,0.000000,
9,11,k,t1,0.000000,
9,11,k,t2,0.000000,
9,11,k,t3,0.000000,
9,11,k,t4,0.000000,
9,11,k,t5,0.000000,
9,11,k,t6,0.000000,
9,11,k,t7,0.000000,
9,11,k,t8,-0.000193,
9,11,k,t9,0.000010,
9,11,k,t10,-0.000011,
9,11,k,t11,-0.000014,
9,11,k,t12,-0.000019,
9,11,v,t0,0.000000,
9,11,v,t1,0.000000,
9,11,v,t2,0.000000,
9,11,v,t3,0.000000,
9,11,v,t4,0.000000,
9,11,v,t5,0.000000,
9,11,v,t6,0.000000,
9,11,v,t7,0.000000,
9,11,v,t8,-0.000285,
9,11,v,t9,0.000036,
9,11,v,t10,0.000040,
9,11,v,t11,-0.000003,
9,11,v,t12,0.000001,
10,0,q,t0,0.000000,
10,0,q,t1,0.000000,
10,0,q,t2,0.000000,
10,0,q,t3,0.000000,
10,0,q,t4,0.000000,
10,0,q,t5,0.000000,
10,0,q,t6,0.000000,
10,0,q,t7,0.000000,
10,0,q,t8,0.000001,
10,0,q,t9,-0.000001,
10,0,q,t10,0.000001,
10,0,q,t11,0.000002,
10,0,q,t12,0.000181,
10,0,k,t0,0.000000,
10,0,k,t1,0.000000,
10,0,k,t2,0.000000,
10,0,k,t3,0.000000,
10,0,k,t4,0.000000,
10,0,k,t5,0.000000,
10,0,k,t6,0.000000,
10,0,k,t7,0.000000,
10,0,k,t8,-0.000133,
10,0,k,t9,0.000006,
10,0,k,t10,0.000002,
10,0,k,t11,-0.000001,
10,0,k,t12,0.000026,
10,0,v,t0,0.000000,
10,0,v,t1,0.000000,
10,0,v,t2,0.000000,
10,0,v,t3,0.000000,
10,0,v,t4,0.000000,
10,0,v,t5,0.000000,
10,0,v,t6,0.000000,
10,0,v,t7,0.000000,
10,0,v,t8,-0.000119,
10,0,v,t9,0.000008,
10,0,v,t10,0.000004,
10,0,v,t11,-0.000003,
10,0,v,t12,0.000014,
10,1,q,t0,0.000000,
10,1,q,t1,0.000000,
10,1,q,t2,0.000000,
10,1,q,t3,0.000000,
10,1,q,t4,0.000000,
10,1,q,t5,0.000000,
10,1,q,t6,0.000000,
10,1,q,t7,0.000000,
10,1,q,t8,-0.000003,
10,1,q,t9,-0.000002,
10,1,q,t10,0.000001,
10,1,q,t11,-0.000001,
10,1,q,t12,-0.000147,
10,1,k,t0,0.000000,
10,1,k,t1,0.000000,
10,1,k,t2,0.000000,
10,1,k,t3,0.000000,
10,1,k,t4,0.000000,
10,1,k,t5,0.000000,
10,1,k,t6,0.000000,
10,1,k,t7,0.000000,
10,1,k,t8,-0.000109,
10,1,k,t9,-0.000000,
10,1,k,t10,0.000002,
10,1,k,t11,0.000001,
10,1,k,t12,0.000013,
10,1,v,t0,0.000000,
10,1,v,t1,0.000000,
10,1,v,t2,0.000000,
10,1,v,t3,0.000000,
10,1,v,t4,0.000000,
10,1,v,t5,0.000000,
10,1,v,t6,0.000000,
10,1,v,t7,0.000000,
10,1,v,t8,0.000386,
10,1,v,t9,-0.000002,
10,1,v,t10,0.000003,
10,1,v,t11,-0.000003,
10,1,v,t12,0.000009,
10,2,q,t0,0.000000,
10,2,q,t1,0.000000,
10,2,q,t2,0.000000,
10,2,q,t3,0.000000,
10,2,q,t4,0.000000,
10,2,q,t5,0.000000,
10,2,q,t6,0.000000,
10,2,q,t7,0.000000,
10,2,q,t8,0.000003,
10,2,q,t9,0.000000,
10,2,q,t10,0.000001,
10,2,q,t11,-0.000001,
10,2,q,t12,-0.004710,
10,2,k,t0,0.000000,
10,2,k,t1,0.000000,
10,2,k,t2,0.000000,
10,2,k,t3,0.000000,
10,2,k,t4,0.000000,
10,2,k,t5,0.000000,
10,2,k,t6,0.000000,
10,2,k,t7,0.000000,
10,2,k,t8,-0.012732,
10,2,k,t9,-0.000008,
10,2,k,t10,-0.000036,
10,2,k,t11,-0.000001,
10,2,k,t12,-0.000240,
10,2,v,t0,0.000000,
10,2,v,t1,0.000000,
10,2,v,t2,0.000000,
10,2,v,t3,0.000000,
10,2,v,t4,0.000000,
10,2,v,t5,0.000000,
10,2,v,t6,0.000000,
10,2,v,t7,0.000000,
10,2,v,t8,0.017034,
10,2,v,t9,0.000086,
10,2,v,t10,0.000095,
10,2,v,t11,0.000015,
10,2,v,t12,0.000181,
10,3,q,t0,0.000000,
10,3,q,t1,0.000000,
10,3,q,t2,0.000000,
10,3,q,t3,0.000000,
10,3,q,t4,0.000000,
10,3,q,t5,0.000000,
10,3,q,t6,0.000000,
10,3,q,t7,0.000000,
10,3,q,t8,-0.000001,
10,3,q,t9,-0.000003,
10,3,q,t10,0.000001,
10,3,q,t11,0.000004,
10,3,q,t12,0.001637,
10,3,k,t0,0.000000,
10,3,k,t1,0.000000,
10,3,k,t2,0.000000,
10,3,k,t3,0.000000,
10,3,k,t4,0.000000,
10,3,k,t5,0.000000,
10,3,k,t6,0.000000,
10,3,k,t7,0.000000,
10,3,k,t8,0.000718,
10,3,k,t9,0.000018,
10,3,k,t10,0.000011,
10,3,k,t11,-0.000004,
10,3,k,t12,-0.000013,
10,3,v,t0,0.000000,
10,3,v,t1,0.000000,
10,3,v,t2,0.000000,
10,3,v,t3,0.000000,
10,3,v,t4,0.000000,
10,3,v,t5,0.000000,
10,3,v,t6,0.000000,
10,3,v,t7,0.000000,
10,3,v,t8,0.000665,
10,3,v,t9,0.000024,
10,3,v,t10,0.000013,
10,3,v,t11,0.000019,
10,3,v,t12,-0.000003,
10,4,q,t0,0.000000,
10,4,q,t1,0.000000,
10,4,q,t2,0.000000,
10,4,q,t3,0.000000,
10,4,q,t4,0.000000,
10,4,q,t5,0.000000,
10,4,q,t6,0.000000,
10,4,q,t7,0.000000,
10,4,q,t8,-0.000005,
10,4,q,t9,-0.000001,
10,4,q,t10,-0.000000,
10,4,q,t11,0.000004,
10,4,q,t12,-0.004895,
10,4,k,t0,0.000000,
10,4,k,t1,0.000000,
10,4,k,t2,0.000000,
10,4,k,t3,0.000000,
10,4,k,t4,0.000000,
10,4,k,t5,0.000000,
10,4,k,t6,0.000000,
10,4,k,t7,0.000000,
10,4,k,t8,-0.003800,
10,4,k,t9,0.000028,
10,4,k,t10,0.000032,
10,4,k,t11,0.000047,
10,4,k,t12,0.000025,
10,4,v,t0,0.000000,
10,4,v,t1,0.000000,
10,4,v,t2,0.000000,
10,4,v,t3,0.000000,
10,4,v,t4,0.000000,
10,4,v,t5,0.000000,
10,4,v,t6,0.000000,
10,4,v,t7,0.000000,
10,4,v,t8,-0.004350,
10,4,v,t9,0.000012,
10,4,v,t10,0.000017,
10,4,v,t11,0.000002,
10,4,v,t12,0.002865,
10,5,q,t0,0.000000,
10,5,q,t1,0.000000,
10,5,q,t2,0.000000,
10,5,q,t3,0.000000,
10,5,q,t4,0.000000,
10,5,q,t5,0.000000,
10,5,q,t6,0.000000,
10,5,q,t7,0.000000,
10,5,q,t8,-0.000011,
10,5,q,t9,-0.000001,
10,5,q,t10,0.000000,
10,5,q,t11,-0.000000,
10,5,q,t12,-0.000006,
10,5,k,t0,0.000000,
10,5,k,t1,0.000000,
10,5,k,t2,0.000000,
10,5,k,t3,0.000000,
10,5,k,t4,0.000000,
10,5,k,t5,0.000000,
10,5,k,t6,0.000000,
10,5,k,t7,0.000000,
10,5,k,t8,-0.000001,
10,5,k,t9,-0.000000,
10,5,k,t10,-0.000001,
10,5,k,t11,-0.000000,
10,5,k,t12,-0.000000,
10,5,v,t0,0.000000,
10,5,v,t1,0.000000,
10,5,v,t2,0.000000,
10,5,v,t3,0.000000,
10,5,v,t4,0.000000,
10,5,v,t5,0.000000,
10,5,v,t6,0.000000,
10,5,v,t7,0.000000,
10,5,v,t8,-0.000005,
10,5,v,t9,0.000004,
10,5,v,t10,0.000003,
10,5,v,t11,0.000000,
10,5,v,t12,0.000017,
10,6,q,t0,0.000000,
10,6,q,t1,0.000000,
10,6,q,t2,0.000000,
10,6,q,t3,0.000000,
10,6,q,t4,0.000000,
10,6,q,t5,0.000000,
10,6,q,t6,0.000000,
10,6,q,t7,0.000000,
10,6,q,t8,-0.000001,
10,6,q,t9,0.000003,
10,6,q,t10,0.000000,
10,6,q,t11,0.000000,
10,6,q,t12,0.000047,
10,6,k,t0,0.000000,
10,6,k,t1,0.000000,
10,6,k,t2,0.000000,
10,6,k,t3,0.000000,
10,6,k,t4,0.000000,
10,6,k,t5,0.000000,
10,6,k,t6,0.000000,
10,6,k,t7,0.000000,
10,6,k,t8,0.000056,
10,6,k,t9,0.000005,
10,6,k,t10,0.000006,
10,6,k,t11,0.000002,
10,6,k,t12,-0.000004,
10,6,v,t0,0.000000,
10,6,v,t1,0.000000,
10,6,v,t2,0.000000,
10,6,v,t3,0.000000,
10,6,v,t4,0.000000,
10,6,v,t5,0.000000,
10,6,v,t6,0.000000,
10,6,v,t7,0.000000,
10,6,v,t8,-0.000131,
10,6,v,t9,-0.000004,
10,6,v,t10,-0.000012,
10,6,v,t11,0.000005,
10,6,v,t12,0.000003,
10,7,q,t0,0.000000,
10,7,q,t1,0.000000,
10,7,q,t2,0.000000,
10,7,q,t3,0.000000,
10,7,q,t4,0.000000,
10,7,q,t5,0.000000,
10,7,q,t6,0.000000,
10,7,q,t7,0.000000,
10,7,q,t8,0.000001,
10,7,q,t9,-0.000007,
10,7,q,t10,-0.000001,
10,7,q,t11,-0.000001,
10,7,q,t12,-0.012614,
10,7,k,t0,0.000000,
10,7,k,t1,0.000000,
10,7,k,t2,0.000000,
10,7,k,t3,0.000000,
10,7,k,t4,0.000000,
10,7,k,t5,0.000000,
10,7,k,t6,0.000000,
10,7,k,t7,0.000000,
10,7,k,t8,-0.005881,
10,7,k,t9,0.000003,
10,7,k,t10,0.000007,
10,7,k,t11,-0.000005,
10,7,k,t12,-0.000039,
10,7,v,t0,0.000000,
10,7,v,t1,0.000000,
10,7,v,t2,0.000000,
10,7,v,t3,0.000000,
10,7,v,t4,0.000000,
10,7,v,t5,0.000000,
10,7,v,t6,0.000000,
10,7,v,t7,0.000000,
10,7,v,t8,-0.043876,
10,7,v,t9,0.000001,
10,7,v,t10,-0.000001,
10,7,v,t11,0.000001,
10,7,v,t12,-0.000016,
10,8,q,t0,0.000000,
10,8,q,t1,0.000000,
10,8,q,t2,0.000000,
10,8,q,t3,0.000000,
10,8,q,t4,0.000000,
10,8,q,t5,0.000000,
10,8,q,t6,0.000000,
10,8,q,t7,0.000000,
10,8,q,t8,0.000001,
10,8,q,t9,-0.000003,
10,8,q,t10,-0.000004,
10,8,q,t11,-0.000000,
10,8,q,t12,-0.000247,
10,8,k,t0,0.000000,
10,8,k,t1,0.000000,
10,8,k,t2,0.000000,
10,8,k,t3,0.000000,
10,8,k,t4,0.000000,
10,8,k,t5,0.000000,
10,8,k,t6,0.000000,
10,8,k,t7,0.000000,
10,8,k,t8,0.000003,
10,8,k,t9,-0.000008,
10,8,k,t10,-0.000000,
10,8,k,t11,-0.000450,
10,8,k,t12,0.000007,
10,8,v,t0,0.000000,
10,8,v,t1,0.000000,
10,8,v,t2,0.000000,
10,8,v,t3,0.000000,
10,8,v,t4,0.000000,
10,8,v,t5,0.000000,
10,8,v,t6,0.000000,
10,8,v,t7,0.000000,
10,8,v,t8,0.000000,
10,8,v,t9,0.000016,
10,8,v,t10,0.000006,
10,8,v,t11,0.000162,
10,8,v,t12,0.000006,
10,9,q,t0,0.000000,
10,9,q,t1,0.000000,
10,9,q,t2,0.000000,
10,9,q,t3,0.000000,
10,9,q,t4,0.000000,
10,9,q,t5,0.000000,
10,9,q,t6,0.000000,
10,9,q,t7,0.000000,
10,9,q,t8,-0.000022,
10,9,q,t9,0.000002,
10,9,q,t10,-0.000001,
10,9,q,t11,-0.000001,
10,9,q,t12,-0.000074,
10,9,k,t0,0.000000,
10,9,k,t1,0.000000,
10,9,k,t2,0.000000,
10,9,k,t3,0.000000,
10,9,k,t4,0.000000,
10,9,k,t5,0.000000,
10,9,k,t6,0.000000,
10,9,k,t7,0.000000,
10,9,k,t8,0.000001,
10,9,k,t9,0.000009,
10,9,k,t10,-0.000002,
10,9,k,t11,0.000001,
10,9,k,t12,-0.000002,
10,9,v,t0,0.000000,
10,9,v,t1,0.000000,
10,9,v,t2,0.000000,
10,9,v,t3,0.000000,
10,9,v,t4,0.000000,
10,9,v,t5,0.000000,
10,9,v,t6,0.000000,
10,9,v,t7,0.000000,
10,9,v,t8,-0.000005,
10,9,v,t9,0.000029,
10,9,v,t10,0.000009,
10,9,v,t11,0.000006,
10,9,v,t12,0.000008,
10,10,q,t0,0.000000,
10,10,q,t1,0.000000,
10,10,q,t2,0.000000,
10,10,q,t3,0.000000,
10,10,q,t4,0.000000,
10,10,q,t5,0.000000,
10,10,q,t6,0.000000,
10,10,q,t7,0.000000,
10,10,q,t8,-0.000004,
10,10,q,t9,0.000003,
10,10,q,t10,0.000000,
10,10,q,t11,0.000002,
10,10,q,t12,0.000502,
10,10,k,t0,0.000000,
10,10,k,t1,0.000000,
10,10,k,t2,0.000000,
10,10,k,t3,0.000000,
10,10,k,t4,0.000000,
10,10,k,t5,0.000000,
10,10,k,t6,0.000000,
10,10,k,t7,0.000000,
10,10,k,t8,0.000023,
10,10,k,t9,0.000012,
10,10,k,t10,-0.000004,
10,10,k,t11,0.000014,
10,10,k,t12,-0.000000,
10,10,v,t0,0.000000,
10,10,v,t1,0.000000,
10,10,v,t2,0.000000,
10,10,v,t3,0.000000,
10,10,v,t4,0.000000,
10,10,v,t5,0.000000,
10,10,v,t6,0.000000,
10,10,v,t7,0.000000,
10,10,v,t8,-0.000274,
10,10,v,t9,-0.000002,
10,10,v,t10,-0.000014,
10,10,v,t11,-0.000006,
10,10,v,t12,-0.000005,
10,11,q,t0,0.000000,
10,11,q,t1,0.000000,
10,11,q,t2,0.000000,
10,11,q,t3,0.000000,
10,11,q,t4,0.000000,
10,11,q,t5,0.000000,
10,11,q,t6,0.000000,
10,11,q,t7,0.000000,
10,11,q,t8,-0.000000,
10,11,q,t9,0.000005,
10,11,q,t10,0.000000,
10,11,q,t11,0.000000,
10,11,q,t12,0.000043,
10,11,k,t0,0.000000,
10,11,k,t1,0.000000,
10,11,k,t2,0.000000,
10,11,k,t3,0.000000,
10,11,k,t4,0.000000,
10,11,k,t5,0.000000,
10,11,k,t6,0.000000,
10,11,k,t7,0.000000,
10,11,k,t8,-0.000001,
10,11,k,t9,-0.000001,
10,11,k,t10,-0.000000,
10,11,k,t11,-0.000003,
10,11,k,t12,-0.000001,
10,11,v,t0,0.000000,
10,11,v,t1,0.000000,
10,11,v,t2,0.000000,
10,11,v,t3,0.000000,
10,11,v,t4,0.000000,
10,11,v,t5,0.000000,
10,11,v,t6,0.000000,
10,11,v,t7,0.000000,
10,11,v,t8,-0.000009,
10,11,v,t9,0.000000,
10,11,v,t10,-0.000000,
10,11,v,t11,-0.000001,
10,11,v,t12,-0.000000,
11,0,q,t0,0.000000,
11,0,q,t1,0.000000,
11,0,q,t2,0.000000,
11,0,q,t3,0.000000,
11,0,q,t4,0.000000,
11,0,q,t5,0.000000,
11,0,q,t6,0.000000,
11,0,q,t7,0.000000,
11,0,q,t8,0.000000,
11,0,q,t9,0.000000,
11,0,q,t10,0.000000,
11,0,q,t11,0.000000,
11,0,q,t12,0.001551,
11,0,k,t0,0.000000,
11,0,k,t1,0.000000,
11,0,k,t2,0.000000,
11,0,k,t3,0.000000,
11,0,k,t4,0.000000,
11,0,k,t5,0.000000,
11,0,k,t6,0.000000,
11,0,k,t7,0.000000,
11,0,k,t8,-0.000011,
11,0,k,t9,0.000018,
11,0,k,t10,0.000003,
11,0,k,t11,-0.000001,
11,0,k,t12,0.001145,
11,0,v,t0,0.000000,
11,0,v,t1,0.000000,
11,0,v,t2,0.000000,
11,0,v,t3,0.000000,
11,0,v,t4,0.000000,
11,0,v,t5,0.000000,
11,0,v,t6,0.000000,
11,0,v,t7,0.000000,
11,0,v,t8,0.000038,
11,0,v,t9,-0.000002,
11,0,v,t10,-0.000002,
11,0,v,t11,-0.000009,
11,0,v,t12,0.001938,
11,1,q,t0,0.000000,
11,1,q,t1,0.000000,
11,1,q,t2,0.000000,
11,1,q,t3,0.000000,
11,1,q,t4,0.000000,
11,1,q,t5,0.000000,
11,1,q,t6,0.000000,
11,1,q,t7,0.000000,
11,1,q,t8,0.000000,
11,1,q,t9,0.000000,
11,1,q,t10,0.000000,
11,1,q,t11,0.000000,
11,1,q,t12,-0.000027,
11,1,k,t0,0.000000,
11,1,k,t1,0.000000,
11,1,k,t2,0.000000,
11,1,k,t3,0.000000,
11,1,k,t4,0.000000,
11,1,k,t5,0.000000,
11,1,k,t6,0.000000,
11,1,k,t7,0.000000,
11,1,k,t8,-0.000007,
11,1,k,t9,0.000012,
11,1,k,t10,-0.000000,
11,1,k,t11,-0.000003,
11,1,k,t12,0.000006,
11,1,v,t0,0.000000,
11,1,v,t1,0.000000,
11,1,v,t2,0.000000,
11,1,v,t3,0.000000,
11,1,v,t4,0.000000,
11,1,v,t5,0.000000,
11,1,v,t6,0.000000,
11,1,v,t7,0.000000,
11,1,v,t8,0.000098,
11,1,v,t9,0.000013,
11,1,v,t10,0.000010,
11,1,v,t11,0.000012,
11,1,v,t12,0.000063,
11,2,q,t0,0.000000,
11,2,q,t1,0.000000,
11,2,q,t2,0.000000,
11,2,q,t3,0.000000,
11,2,q,t4,0.000000,
11,2,q,t5,0.000000,
11,2,q,t6,0.000000,
11,2,q,t7,0.000000,
11,2,q,t8,0.000000,
11,2,q,t9,0.000000,
11,2,q,t10,0.000000,
11,2,q,t11,0.000000,
11,2,q,t12,0.000022,
11,2,k,t0,0.000000,
11,2,k,t1,0.000000,
11,2,k,t2,0.000000,
11,2,k,t3,0.000000,
11,2,k,t4,0.000000,
11,2,k,t5,0.000000,
11,2,k,t6,0.000000,
11,2,k,t7,0.000000,
11,2,k,t8,0.000041,
11,2,k,t9,-0.000004,
11,2,k,t10,-0.000000,
11,2,k,t11,-0.000005,
11,2,k,t12,-0.000061,
11,2,v,t0,0.000000,
11,2,v,t1,0.000000,
11,2,v,t2,0.000000,
11,2,v,t3,0.000000,
11,2,v,t4,0.000000,
11,2,v,t5,0.000000,
11,2,v,t6,0.000000,
11,2,v,t7,0.000000,
11,2,v,t8,0.000765,
11,2,v,t9,0.000006,
11,2,v,t10,0.000002,
11,2,v,t11,0.000002,
11,2,v,t12,-0.000055,
11,3,q,t0,0.000000,
11,3,q,t1,0.000000,
11,3,q,t2,0.000000,
11,3,q,t3,0.000000,
11,3,q,t4,0.000000,
11,3,q,t5,0.000000,
11,3,q,t6,0.000000,
11,3,q,t7,0.000000,
11,3,q,t8,0.000000,
11,3,q,t9,0.000000,
11,3,q,t10,0.000000,
11,3,q,t11,0.000000,
11,3,q,t12,-0.000334,
11,3,k,t0,0.000000,
11,3,k,t1,0.000000,
11,3,k,t2,0.000000,
11,3,k,t3,0.000000,
11,3,k,t4,0.000000,
11,3,k,t5,0.000000,
11,3,k,t6,0.000000,
11,3,k,t7,0.000000,
11,3,k,t8,0.000007,
11,3,k,t9,-0.000012,
11,3,k,t10,0.000006,
11,3,k,t11,-0.000003,
11,3,k,t12,0.000021,
11,3,v,t0,0.000000,
11,3,v,t1,0.000000,
11,3,v,t2,0.000000,
11,3,v,t3,0.000000,
11,3,v,t4,0.000000,
11,3,v,t5,0.000000,
11,3,v,t6,0.000000,
11,3,v,t7,0.000000,
11,3,v,t8,-0.000003,
11,3,v,t9,-0.000011,
11,3,v,t10,0.000003,
11,3,v,t11,0.000007,
11,3,v,t12,0.000147,
11,4,q,t0,0.000000,
11,4,q,t1,0.000000,
11,4,q,t2,0.000000,
11,4,q,t3,0.000000,
11,4,q,t4,0.000000,
11,4,q,t5,0.000000,
11,4,q,t6,0.000000,
11,4,q,t7,0.000000,
11,4,q,t8,0.000000,
11,4,q,t9,0.000000,
11,4,q,t10,0.000000,
11,4,q,t11,0.000000,
11,4,q,t12,-0.000435,
11,4,k,t0,0.000000,
11,4,k,t1,0.000000,
11,4,k,t2,0.000000,
11,4,k,t3,0.000000,
11,4,k,t4,0.000000,
11,4,k,t5,0.000000,
11,4,k,t6,0.000000,
11,4,k,t7,0.000000,
11,4,k,t8,0.000011,
11,4,k,t9,-0.000085,
11,4,k,t10,-0.000004,
11,4,k,t11,0.000002,
11,4,k,t12,0.000049,
11,4,v,t0,0.000000,
11,4,v,t1,0.000000,
11,4,v,t2,0.000000,
11,4,v,t3,0.000000,
11,4,v,t4,0.000000,
11,4,v,t5,0.000000,
11,4,v,t6,0.000000,
11,4,v,t7,0.000000,
11,4,v,t8,0.000052,
11,4,v,t9,-0.000054,
11,4,v,t10,0.000004,
11,4,v,t11,-0.000005,
11,4,v,t12,0.000035,
11,5,q,t0,0.000000,
11,5,q,t1,0.000000,
11,5,q,t2,0.000000,
11,5,q,t3,0.000000,
11,5,q,t4,0.000000,
11,5,q,t5,0.000000,
11,5,q,t6,0.000000,
11,5,q,t7,0.000000,
11,5,q,t8,0.000000,
11,5,q,t9,0.000000,
11,5,q,t10,0.000000,
11,5,q,t11,0.000000,
11,5,q,t12,0.000114,
11,5,k,t0,0.000000,
11,5,k,t1,0.000000,
11,5,k,t2,0.000000,
11,5,k,t3,0.000000,
11,5,k,t4,0.000000,
11,5,k,t5,0.000000,
11,5,k,t6,0.000000,
11,5,k,t7,0.000000,
11,5,k,t8,-0.000047,
11,5,k,t9,0.000001,
11,5,k,t10,-0.000000,
11,5,k,t11,0.000010,
11,5,k,t12,0.000002,
11,5,v,t0,0.000000,
11,5,v,t1,0.000000,
11,5,v,t2,0.000000,
11,5,v,t3,0.000000,
11,5,v,t4,0.000000,
11,5,v,t5,0.000000,
11,5,v,t6,0.000000,
11,5,v,t7,0.000000,
11,5,v,t8,-0.000015,
11,5,v,t9,-0.000010,
11,5,v,t10,-0.000002,
11,5,v,t11,-0.000004,
11,5,v,t12,0.000025,
11,6,q,t0,0.000000,
11,6,q,t1,0.000000,
11,6,q,t2,0.000000,
11,6,q,t3,0.000000,
11,6,q,t4,0.000000,
11,6,q,t5,0.000000,
11,6,q,t6,0.000000,
11,6,q,t7,0.000000,
11,6,q,t8,0.000000,
11,6,q,t9,0.000000,
11,6,q,t10,0.000000,
11,6,q,t11,0.000000,
11,6,q,t12,-0.000033,
11,6,k,t0,0.000000,
11,6,k,t1,0.000000,
11,6,k,t2,0.000000,
11,6,k,t3,0.000000,
11,6,k,t4,0.000000,
11,6,k,t5,0.000000,
11,6,k,t6,0.000000,
11,6,k,t7,0.000000,
11,6,k,t8,-0.000000,
11,6,k,t9,0.000001,
11,6,k,t10,-0.000000,
11,6,k,t11,0.000003,
11,6,k,t12,-0.000005,
11,6,v,t0,0.000000,
11,6,v,t1,0.000000,
11,6,v,t2,0.000000,
11,6,v,t3,0.000000,
11,6,v,t4,0.000000,
11,6,v,t5,0.000000,
11,6,v,t6,0.000000,
11,6,v,t7,0.000000,
11,6,v,t8,0.000167,
11,6,v,t9,0.000009,
11,6,v,t10,0.000002,
11,6,v,t11,0.000006,
11,6,v,t12,0.000013,
11,7,q,t0,0.000000,
11,7,q,t1,0.000000,
11,7,q,t2,0.000000,
11,7,q,t3,0.000000,
11,7,q,t4,0.000000,
11,7,q,t5,0.000000,
11,7,q,t6,0.000000,
11,7,q,t7,0.000000,
11,7,q,t8,0.000000,
11,7,q,t9,0.000000,
11,7,q,t10,0.000000,
11,7,q,t11,0.000000,
11,7,q,t12,-0.000231,
11,7,k,t0,0.000000,
11,7,k,t1,0.000000,
11,7,k,t2,0.000000,
11,7,k,t3,0.000000,
11,7,k,t4,0.000000,
11,7,k,t5,0.000000,
11,7,k,t6,0.000000,
11,7,k,t7,0.000000,
11,7,k,t8,0.000000,
11,7,k,t9,-0.000003,
11,7,k,t10,0.000001,
11,7,k,t11,-0.000002,
11,7,k,t12,0.000036,
11,7,v,t0,0.000000,
11,7,v,t1,0.000000,
11,7,v,t2,0.000000,
11,7,v,t3,0.000000,
11,7,v,t4,0.000000,
11,7,v,t5,0.000000,
11,7,v,t6,0.000000,
11,7,v,t7,0.000000,
11,7,v,t8,-0.000101,
11,7,v,t9,0.000007,
11,7,v,t10,0.000004,
11,7,v,t11,0.000010,
11,7,v,t12,0.000052,
11,8,q,t0,0.000000,
11,8,q,t1,0.000000,
11,8,q,t2,0.000000,
11,8,q,t3,0.000000,
11,8,q,t4,0.000000,
11,8,q,t5,0.000000,
11,8,q,t6,0.000000,
11,8,q,t7,0.000000,
11,8,q,t8,0.000000,
11,8,q,t9,0.000000,
11,8,q,t10,0.000000,
11,8,q,t11,0.000000,
11,8,q,t12,0.000638,
11,8,k,t0,0.000000,
11,8,k,t1,0.000000,
11,8,k,t2,0.000000,
11,8,k,t3,0.000000,
11,8,k,t4,0.000000,
11,8,k,t5,0.000000,
11,8,k,t6,0.000000,
11,8,k,t7,0.000000,
11,8,k,t8,0.000075,
11,8,k,t9,-0.000117,
11,8,k,t10,0.000002,
11,8,k,t11,-0.000020,
11,8,k,t12,-0.000464,
11,8,v,t0,0.000000,
11,8,v,t1,0.000000,
11,8,v,t2,0.000000,
11,8,v,t3,0.000000,
11,8,v,t4,0.000000,
11,8,v,t5,0.000000,
11,8,v,t6,0.000000,
11,8,v,t7,0.000000,
11,8,v,t8,-0.000042,
11,8,v,t9,0.000026,
11,8,v,t10,0.000008,
11,8,v,t11,0.000048,
11,8,v,t12,0.006051,
11,9,q,t0,0.000000,
11,9,q,t1,0.000000,
11,9,q,t2,0.000000,
11,9,q,t3,0.000000,
11,9,q,t4,0.000000,
11,9,q,t5,0.000000,
11,9,q,t6,0.000000,
11,9,q,t7,0.000000,
11,9,q,t8,0.000000,
11,9,q,t9,0.000000,
11,9,q,t10,0.000000,
11,9,q,t11,0.000000,
11,9,q,t12,-0.000375,
11,9,k,t0,0.000000,
11,9,k,t1,0.000000,
11,9,k,t2,0.000000,
11,9,k,t3,0.000000,
11,9,k,t4,0.000000,
11,9,k,t5,0.000000,
11,9,k,t6,0.000000,
11,9,k,t7,0.000000,
11,9,k,t8,-0.000339,
11,9,k,t9,0.000000,
11,9,k,t10,0.000001,
11,9,k,t11,-0.000000,
11,9,k,t12,-0.000044,
11,9,v,t0,0.000000,
11,9,v,t1,0.000000,
11,9,v,t2,0.000000,
11,9,v,t3,0.000000,
11,9,v,t4,0.000000,
11,9,v,t5,0.000000,
11,9,v,t6,0.000000,
11,9,v,t7,0.000000,
11,9,v,t8,-0.000170,
11,9,v,t9,0.000002,
11,9,v,t10,0.000002,
11,9,v,t11,-0.000003,
11,9,v,t12,0.000017,
11,10,q,t0,0.000000,
11,10,q,t1,0.000000,
11,10,q,t2,0.000000,
11,10,q,t3,0.000000,
11,10,q,t4,0.000000,
11,10,q,t5,0.000000,
11,10,q,t6,0.000000,
11,10,q,t7,0.000000,
11,10,q,t8,0.000000,
11,10,q,t9,0.000000,
11,10,q,t10,0.000000,
11,10,q,t11,0.000000,
11,10,q,t12,-0.000658,
11,10,k,t0,0.000000,
11,10,k,t1,0.000000,
11,10,k,t2,0.000000,
11,10,k,t3,0.000000,
11,10,k,t4,0.000000,
11,10,k,t5,0.000000,
11,10,k,t6,0.000000,
11,10,k,t7,0.000000,
11,10,k,t8,-0.000004,
11,10,k,t9,-0.000023,
11,10,k,t10,0.000002,
11,10,k,t11,-0.000002,
11,10,k,t12,-0.000038,
11,10,v,t0,0.000000,
11,10,v,t1,0.000000,
11,10,v,t2,0.000000,
11,10,v,t3,0.000000,
11,10,v,t4,0.000000,
11,10,v,t5,0.000000,
11,10,v,t6,0.000000,
11,10,v,t7,0.000000,
11,10,v,t8,-0.000728,
11,10,v,t9,0.000123,
11,10,v,t10,0.000013,
11,10,v,t11,0.000022,
11,10,v,t12,0.000877,
11,11,q,t0,0.000000,
11,11,q,t1,0.000000,
11,11,q,t2,0.000000,
11,11,q,t3,0.000000,
11,11,q,t4,0.000000,
11,11,q,t5,0.000000,
11,11,q,t6,0.000000,
11,11,q,t7,0.000000,
11,11,q,t8,0.000000,
11,11,q,t9,0.000000,
11,11,q,t10,0.000000,
11,11,q,t11,0.000000,
11,11,q,t12,-0.000023,
11,11,k,t0,0.000000,
11,11,k,t1,0.000000,
11,11,k,t2,0.000000,
11,11,k,t3,0.000000,
11,11,k,t4,0.000000,
11,11,k,t5,0.000000,
11,11,k,t6,0.000000,
11,11,k,t7,0.000000,
11,11,k,t8,0.000001,
11,11,k,t9,-0.000001,
11,11,k,t10,0.000002,
11,11,k,t11,-0.000001,
11,11,k,t12,0.000000,
11,11,v,t0,0.000000,
11,11,v,t1,0.000000,
11,11,v,t2,0.000000,
11,11,v,t3,0.000000,
11,11,v,t4,0.000000,
11,11,v,t5,0.000000,
11,11,v,t6,0.000000,
11,11,v,t7,0.000000,
11,11,v,t8,0.000005,
11,11,v,t9,0.000009,
11,11,v,t10,0.000004,
11,11,v,t11,0.000001,
11,11,v,t12,0.000004,
