layer,head,input,position,screen_score,published_class
0,0,q,t0,0.000000,
0,0,q,t1,0.000000,
0,0,q,t2,0.000000,
0,0,q,t3,0.000000,
0,0,q,t4,0.000000,
0,0,q,t5,0.000000,
0,0,q,t6,0.000000,
0,0,q,t7,0.000000,
0,0,q,t8,0.000000,
0,0,q,t9,0.000000,
0,0,q,t10,0.000000,
0,0,q,t11,-0.000121,
0,0,q,t12,0.000000,
0,0,q,t13,0.000000,
0,0,q,t14,0.000000,
0,0,q,t15,0.000000,
0,0,k,t0,0.000000,
0,0,k,t1,0.000000,
0,0,k,t2,0.000000,
0,0,k,t3,0.000000,
0,0,k,t4,0.000000,
0,0,k,t5,0.000000,
0,0,k,t6,0.000000,
0,0,k,t7,0.000000,
0,0,k,t8,0.000000,
0,0,k,t9,0.000000,
0,0,k,t10,0.000000,
0,0,k,t11,-0.000099,
0,0,k,t12,0.000000,
0,0,k,t13,0.000000,
0,0,k,t14,0.000000,
0,0,k,t15,0.000000,
0,0,v,t0,0.000000,
0,0,v,t1,0.000000,
0,0,v,t2,0.000000,
0,0,v,t3,0.000000,
0,0,v,t4,0.000000,
0,0,v,t5,0.000000,
0,0,v,t6,0.000000,
0,0,v,t7,0.000000,
0,0,v,t8,0.000000,
0,0,v,t9,0.000000,
0,0,v,t10,0.000000,
0,0,v,t11,-0.000236,
0,0,v,t12,0.000000,
0,0,v,t13,0.000000,
0,0,v,t14,0.000000,
0,0,v,t15,0.000000,
0,1,q,t0,0.000000,duplicate token
0,1,q,t1,0.000000,duplicate token
0,1,q,t2,0.000000,duplicate token
0,1,q,t3,0.000000,duplicate token
0,1,q,t4,0.000000,duplicate token
0,1,q,t5,0.000000,duplicate token
0,1,q,t6,0.000000,duplicate token
0,1,q,t7,0.000000,duplicate token
0,1,q,t8,0.000000,duplicate token
0,1,q,t9,0.000000,duplicate token
0,1,q,t10,0.000000,duplicate token
0,1,q,t11,-0.019308,duplicate token
0,1,q,t12,0.000000,duplicate token
0,1,q,t13,0.000000,duplicate token
0,1,q,t14,0.000000,duplicate token
0,1,q,t15,0.000000,duplicate token
0,1,k,t0,0.000000,duplicate token
0,1,k,t1,0.000000,duplicate token
0,1,k,t2,0.000000,duplicate token
0,1,k,t3,0.000000,duplicate token
0,1,k,t4,0.000000,duplicate token
0,1,k,t5,0.000000,duplicate token
0,1,k,t6,0.000000,duplicate token
0,1,k,t7,0.000000,duplicate token
0,1,k,t8,0.000000,duplicate token
0,1,k,t9,0.000000,duplicate token
0,1,k,t10,0.000000,duplicate token
0,1,k,t11,-0.006949,duplicate token
0,1,k,t12,0.000000,duplicate token
0,1,k,t13,0.000000,duplicate token
0,1,k,t14,0.000000,duplicate token
0,1,k,t15,0.000000,duplicate token
0,1,v,t0,0.000000,duplicate token
0,1,v,t1,0.000000,duplicate token
0,1,v,t2,0.000000,duplicate token
0,1,v,t3,0.000000,duplicate token
0,1,v,t4,0.000000,duplicate token
0,1,v,t5,0.000000,duplicate token
0,1,v,t6,0.000000,duplicate token
0,1,v,t7,0.000000,duplicate token
0,1,v,t8,0.000000,duplicate token
0,1,v,t9,0.000000,duplicate token
0,1,v,t10,0.000000,duplicate token
0,1,v,t11,-0.003896,duplicate token
0,1,v,t12,0.000000,duplicate token
0,1,v,t13,0.000000,duplicate token
0,1,v,t14,0.000000,duplicate token
0,1,v,t15,0.000000,duplicate token
0,2,q,t0,0.000000,
0,2,q,t1,0.000000,
0,2,q,t2,0.000000,
0,2,q,t3,0.000000,
0,2,q,t4,0.000000,
0,2,q,t5,0.000000,
0,2,q,t6,0.000000,
0,2,q,t7,0.000000,
0,2,q,t8,0.000000,
0,2,q,t9,0.000000,
0,2,q,t10,0.000000,
0,2,q,t11,-0.000425,
0,2,q,t12,0.000000,
0,2,q,t13,0.000000,
0,2,q,t14,0.000000,
0,2,q,t15,0.000000,
0,2,k,t0,0.000000,
0,2,k,t1,0.000000,
0,2,k,t2,0.000000,
0,2,k,t3,0.000000,
0,2,k,t4,0.000000,
0,2,k,t5,0.000000,
0,2,k,t6,0.000000,
0,2,k,t7,0.000000,
0,2,k,t8,0.000000,
0,2,k,t9,0.000000,
0,2,k,t10,0.000000,
0,2,k,t11,-0.000296,
0,2,k,t12,0.000000,
0,2,k,t13,0.000000,
0,2,k,t14,0.000000,
0,2,k,t15,0.000000,
0,2,v,t0,0.000000,
0,2,v,t1,0.000000,
0,2,v,t2,0.000000,
0,2,v,t3,0.000000,
0,2,v,t4,0.000000,
0,2,v,t5,0.000000,
0,2,v,t6,0.000000,
0,2,v,t7,0.000000,
0,2,v,t8,0.000000,
0,2,v,t9,0.000000,
0,2,v,t10,0.000000,
0,2,v,t11,-0.000480,
0,2,v,t12,0.000000,
0,2,v,t13,0.000000,
0,2,v,t14,0.000000,
0,2,v,t15,0.000000,
0,3,q,t0,0.000000,
0,3,q,t1,0.000000,
0,3,q,t2,0.000000,
0,3,q,t3,0.000000,
0,3,q,t4,0.000000,
0,3,q,t5,0.000000,
0,3,q,t6,0.000000,
0,3,q,t7,0.000000,
0,3,q,t8,0.000000,
0,3,q,t9,0.000000,
0,3,q,t10,0.000000,
0,3,q,t11,0.002953,
0,3,q,t12,0.000000,
0,3,q,t13,0.000000,
0,3,q,t14,0.000000,
0,3,q,t15,0.000000,
0,3,k,t0,0.000000,
0,3,k,t1,0.000000,
0,3,k,t2,0.000000,
0,3,k,t3,0.000000,
0,3,k,t4,0.000000,
0,3,k,t5,0.000000,
0,3,k,t6,0.000000,
0,3,k,t7,0.000000,
0,3,k,t8,0.000000,
0,3,k,t9,0.000000,
0,3,k,t10,0.000000,
0,3,k,t11,0.009890,
0,3,k,t12,0.000000,
0,3,k,t13,0.000000,
0,3,k,t14,0.000000,
0,3,k,t15,0.000000,
0,3,v,t0,0.000000,
0,3,v,t1,0.000000,
0,3,v,t2,0.000000,
0,3,v,t3,0.000000,
0,3,v,t4,0.000000,
0,3,v,t5,0.000000,
0,3,v,t6,0.000000,
0,3,v,t7,0.000000,
0,3,v,t8,0.000000,
0,3,v,t9,0.000000,
0,3,v,t10,0.000000,
0,3,v,t11,-0.006207,
0,3,v,t12,0.000000,
0,3,v,t13,0.000000,
0,3,v,t14,0.000000,
0,3,v,t15,0.000000,
0,4,q,t0,0.000000,
0,4,q,t1,0.000000,
0,4,q,t2,0.000000,
0,4,q,t3,0.000000,
0,4,q,t4,0.000000,
0,4,q,t5,0.000000,
0,4,q,t6,0.000000,
0,4,q,t7,0.000000,
0,4,q,t8,0.000000,
0,4,q,t9,0.000000,
0,4,q,t10,0.000000,
0,4,q,t11,-0.006803,
0,4,q,t12,0.000000,
0,4,q,t13,0.000000,
0,4,q,t14,0.000000,
0,4,q,t15,0.000000,
0,4,k,t0,0.000000,
0,4,k,t1,0.000000,
0,4,k,t2,0.000000,
0,4,k,t3,0.000000,
0,4,k,t4,0.000000,
0,4,k,t5,0.000000,
0,4,k,t6,0.000000,
0,4,k,t7,0.000000,
0,4,k,t8,0.000000,
0,4,k,t9,0.000000,
0,4,k,t10,0.000000,
0,4,k,t11,-0.002170,
0,4,k,t12,0.000000,
0,4,k,t13,0.000000,
0,4,k,t14,0.000000,
0,4,k,t15,0.000000,
0,4,v,t0,0.000000,
0,4,v,t1,0.000000,
0,4,v,t2,0.000000,
0,4,v,t3,0.000000,
0,4,v,t4,0.000000,
0,4,v,t5,0.000000,
0,4,v,t6,0.000000,
0,4,v,t7,0.000000,
0,4,v,t8,0.000000,
0,4,v,t9,0.000000,
0,4,v,t10,0.000000,
0,4,v,t11,-0.007810,
0,4,v,t12,0.000000,
0,4,v,t13,0.000000,
0,4,v,t14,0.000000,
0,4,v,t15,0.000000,
0,5,q,t0,0.000000,
0,5,q,t1,0.000000,
0,5,q,t2,0.000000,
0,5,q,t3,0.000000,
0,5,q,t4,0.000000,
0,5,q,t5,0.000000,
0,5,q,t6,0.000000,
0,5,q,t7,0.000000,
0,5,q,t8,0.000000,
0,5,q,t9,0.000000,
0,5,q,t10,0.000000,
0,5,q,t11,-0.008368,
0,5,q,t12,0.000000,
0,5,q,t13,0.000000,
0,5,q,t14,0.000000,
0,5,q,t15,0.000000,
0,5,k,t0,0.000000,
0,5,k,t1,0.000000,
0,5,k,t2,0.000000,
0,5,k,t3,0.000000,
0,5,k,t4,0.000000,
0,5,k,t5,0.000000,
0,5,k,t6,0.000000,
0,5,k,t7,0.000000,
0,5,k,t8,0.000000,
0,5,k,t9,0.000000,
0,5,k,t10,0.000000,
0,5,k,t11,0.000505,
0,5,k,t12,0.000000,
0,5,k,t13,0.000000,
0,5,k,t14,0.000000,
0,5,k,t15,0.000000,
0,5,v,t0,0.000000,
0,5,v,t1,0.000000,
0,5,v,t2,0.000000,
0,5,v,t3,0.000000,
0,5,v,t4,0.000000,
0,5,v,t5,0.000000,
0,5,v,t6,0.000000,
0,5,v,t7,0.000000,
0,5,v,t8,0.000000,
0,5,v,t9,0.000000,
0,5,v,t10,0.000000,
0,5,v,t11,-0.003571,
0,5,v,t12,0.000000,
0,5,v,t13,0.000000,
0,5,v,t14,0.000000,
0,5,v,t15,0.000000,
0,6,q,t0,0.000000,
0,6,q,t1,0.000000,
0,6,q,t2,0.000000,
0,6,q,t3,0.000000,
0,6,q,t4,0.000000,
0,6,q,t5,0.000000,
0,6,q,t6,0.000000,
0,6,q,t7,0.000000,
0,6,q,t8,0.000000,
0,6,q,t9,0.000000,
0,6,q,t10,0.000000,
0,6,q,t11,0.000931,
0,6,q,t12,0.000000,
0,6,q,t13,0.000000,
0,6,q,t14,0.000000,
0,6,q,t15,0.000000,
0,6,k,t0,0.000000,
0,6,k,t1,0.000000,
0,6,k,t2,0.000000,
0,6,k,t3,0.000000,
0,6,k,t4,0.000000,
0,6,k,t5,0.000000,
0,6,k,t6,0.000000,
0,6,k,t7,0.000000,
0,6,k,t8,0.000000,
0,6,k,t9,0.000000,
0,6,k,t10,0.000000,
0,6,k,t11,0.000433,
0,6,k,t12,0.000000,
0,6,k,t13,0.000000,
0,6,k,t14,0.000000,
0,6,k,t15,0.000000,
0,6,v,t0,0.000000,
0,6,v,t1,0.000000,
0,6,v,t2,0.000000,
0,6,v,t3,0.000000,
0,6,v,t4,0.000000,
0,6,v,t5,0.000000,
0,6,v,t6,0.000000,
0,6,v,t7,0.000000,
0,6,v,t8,0.000000,
0,6,v,t9,0.000000,
0,6,v,t10,0.000000,
0,6,v,t11,-0.003768,
0,6,v,t12,0.000000,
0,6,v,t13,0.000000,
0,6,v,t14,0.000000,
0,6,v,t15,0.000000,
0,7,q,t0,0.000000,
0,7,q,t1,0.000000,
0,7,q,t2,0.000000,
0,7,q,t3,0.000000,
0,7,q,t4,0.000000,
0,7,q,t5,0.000000,
0,7,q,t6,0.000000,
0,7,q,t7,0.000000,
0,7,q,t8,0.000000,
0,7,q,t9,0.000000,
0,7,q,t10,0.000000,
0,7,q,t11,0.001022,
0,7,q,t12,0.000000,
0,7,q,t13,0.000000,
0,7,q,t14,0.000000,
0,7,q,t15,0.000000,
0,7,k,t0,0.000000,
0,7,k,t1,0.000000,
0,7,k,t2,0.000000,
0,7,k,t3,0.000000,
0,7,k,t4,0.000000,
0,7,k,t5,0.000000,
0,7,k,t6,0.000000,
0,7,k,t7,0.000000,
0,7,k,t8,0.000000,
0,7,k,t9,0.000000,
0,7,k,t10,0.000000,
0,7,k,t11,0.001954,
0,7,k,t12,0.000000,
0,7,k,t13,0.000000,
0,7,k,t14,0.000000,
0,7,k,t15,0.000000,
0,7,v,t0,0.000000,
0,7,v,t1,0.000000,
0,7,v,t2,0.000000,
0,7,v,t3,0.000000,
0,7,v,t4,0.000000,
0,7,v,t5,0.000000,
0,7,v,t6,0.000000,
0,7,v,t7,0.000000,
0,7,v,t8,0.000000,
0,7,v,t9,0.000000,
0,7,v,t10,0.000000,
0,7,v,t11,-0.000647,
0,7,v,t12,0.000000,
0,7,v,t13,0.000000,
0,7,v,t14,0.000000,
0,7,v,t15,0.000000,
0,8,q,t0,0.000000,
0,8,q,t1,0.000000,
0,8,q,t2,0.000000,
0,8,q,t3,0.000000,
0,8,q,t4,0.000000,
0,8,q,t5,0.000000,
0,8,q,t6,0.000000,
0,8,q,t7,0.000000,
0,8,q,t8,0.000000,
0,8,q,t9,0.000000,
0,8,q,t10,0.000000,
0,8,q,t11,0.000063,
0,8,q,t12,0.000000,
0,8,q,t13,0.000000,
0,8,q,t14,0.000000,
0,8,q,t15,0.000000,
0,8,k,t0,0.000000,
0,8,k,t1,0.000000,
0,8,k,t2,0.000000,
0,8,k,t3,0.000000,
0,8,k,t4,0.000000,
0,8,k,t5,0.000000,
0,8,k,t6,0.000000,
0,8,k,t7,0.000000,
0,8,k,t8,0.000000,
0,8,k,t9,0.000000,
0,8,k,t10,0.000000,
0,8,k,t11,-0.000109,
0,8,k,t12,0.000000,
0,8,k,t13,0.000000,
0,8,k,t14,0.000000,
0,8,k,t15,0.000000,
0,8,v,t0,0.000000,
0,8,v,t1,0.000000,
0,8,v,t2,0.000000,
0,8,v,t3,0.000000,
0,8,v,t4,0.000000,
0,8,v,t5,0.000000,
0,8,v,t6,0.000000,
0,8,v,t7,0.000000,
0,8,v,t8,0.000000,
0,8,v,t9,0.000000,
0,8,v,t10,0.000000,
0,8,v,t11,-0.000169,
0,8,v,t12,0.000000,
0,8,v,t13,0.000000,
0,8,v,t14,0.000000,
0,8,v,t15,0.000000,
0,9,q,t0,0.000000,
0,9,q,t1,0.000000,
0,9,q,t2,0.000000,
0,9,q,t3,0.000000,
0,9,q,t4,0.000000,
0,9,q,t5,0.000000,
0,9,q,t6,0.000000,
0,9,q,t7,0.000000,
0,9,q,t8,0.000000,
0,9,q,t9,0.000000,
0,9,q,t10,0.000000,
0,9,q,t11,0.008900,
0,9,q,t12,0.000000,
0,9,q,t13,0.000000,
0,9,q,t14,0.000000,
0,9,q,t15,0.000000,
0,9,k,t0,0.000000,
0,9,k,t1,0.000000,
0,9,k,t2,0.000000,
0,9,k,t3,0.000000,
0,9,k,t4,0.000000,
0,9,k,t5,0.000000,
0,9,k,t6,0.000000,
0,9,k,t7,0.000000,
0,9,k,t8,0.000000,
0,9,k,t9,0.000000,
0,9,k,t10,0.000000,
0,9,k,t11,0.009177,
0,9,k,t12,0.000000,
0,9,k,t13,0.000000,
0,9,k,t14,0.000000,
0,9,k,t15,0.000000,
0,9,v,t0,0.000000,
0,9,v,t1,0.000000,
0,9,v,t2,0.000000,
0,9,v,t3,0.000000,
0,9,v,t4,0.000000,
0,9,v,t5,0.000000,
0,9,v,t6,0.000000,
0,9,v,t7,0.000000,
0,9,v,t8,0.000000,
0,9,v,t9,0.000000,
0,9,v,t10,0.000000,
0,9,v,t11,-0.000041,
0,9,v,t12,0.000000,
0,9,v,t13,0.000000,
0,9,v,t14,0.000000,
0,9,v,t15,0.000000,
0,10,q,t0,0.000000,duplicate token
0,10,q,t1,0.000000,duplicate token
0,10,q,t2,0.000000,duplicate token
0,10,q,t3,0.000000,duplicate token
0,10,q,t4,0.000000,duplicate token
0,10,q,t5,0.000000,duplicate token
0,10,q,t6,0.000000,duplicate token
0,10,q,t7,0.000000,duplicate token
0,10,q,t8,0.000000,duplicate token
0,10,q,t9,0.000000,duplicate token
0,10,q,t10,0.000000,duplicate token
0,10,q,t11,0.043029,duplicate token
0,10,q,t12,0.000000,duplicate token
0,10,q,t13,0.000000,duplicate token
0,10,q,t14,0.000000,duplicate token
0,10,q,t15,0.000000,duplicate token
0,10,k,t0,0.000000,duplicate token
0,10,k,t1,0.000000,duplicate token
0,10,k,t2,0.000000,duplicate token
0,10,k,t3,0.000000,duplicate token
0,10,k,t4,0.000000,duplicate token
0,10,k,t5,0.000000,duplicate token
0,10,k,t6,0.000000,duplicate token
0,10,k,t7,0.000000,duplicate token
0,10,k,t8,0.000000,duplicate token
0,10,k,t9,0.000000,duplicate token
0,10,k,t10,0.000000,duplicate token
0,10,k,t11,0.039500,duplicate token
0,10,k,t12,0.000000,duplicate token
0,10,k,t13,0.000000,duplicate token
0,10,k,t14,0.000000,duplicate token
0,10,k,t15,0.000000,duplicate token
0,10,v,t0,0.000000,duplicate token
0,10,v,t1,0.000000,duplicate token
0,10,v,t2,0.000000,duplicate token
0,10,v,t3,0.000000,duplicate token
0,10,v,t4,0.000000,duplicate token
0,10,v,t5,0.000000,duplicate token
0,10,v,t6,0.000000,duplicate token
0,10,v,t7,0.000000,duplicate token
0,10,v,t8,0.000000,duplicate token
0,10,v,t9,0.000000,duplicate token
0,10,v,t10,0.000000,duplicate token
0,10,v,t11,0.000802,duplicate token
0,10,v,t12,0.000000,duplicate token
0,10,v,t13,0.000000,duplicate token
0,10,v,t14,0.000000,duplicate token
0,10,v,t15,0.000000,duplicate token
0,11,q,t0,0.000000,
0,11,q,t1,0.000000,
0,11,q,t2,0.000000,
0,11,q,t3,0.000000,
0,11,q,t4,0.000000,
0,11,q,t5,0.000000,
0,11,q,t6,0.000000,
0,11,q,t7,0.000000,
0,11,q,t8,0.000000,
0,11,q,t9,0.000000,
0,11,q,t10,0.000000,
0,11,q,t11,-0.000062,
0,11,q,t12,0.000000,
0,11,q,t13,0.000000,
0,11,q,t14,0.000000,
0,11,q,t15,0.000000,
0,11,k,t0,0.000000,
0,11,k,t1,0.000000,
0,11,k,t2,0.000000,
0,11,k,t3,0.000000,
0,11,k,t4,0.000000,
0,11,k,t5,0.000000,
0,11,k,t6,0.000000,
0,11,k,t7,0.000000,
0,11,k,t8,0.000000,
0,11,k,t9,0.000000,
0,11,k,t10,0.000000,
0,11,k,t11,0.000037,
0,11,k,t12,0.000000,
0,11,k,t13,0.000000,
0,11,k,t14,0.000000,
0,11,k,t15,0.000000,
0,11,v,t0,0.000000,
0,11,v,t1,0.000000,
0,11,v,t2,0.000000,
0,11,v,t3,0.000000,
0,11,v,t4,0.000000,
0,11,v,t5,0.000000,
0,11,v,t6,0.000000,
0,11,v,t7,0.000000,
0,11,v,t8,0.000000,
0,11,v,t9,0.000000,
0,11,v,t10,0.000000,
0,11,v,t11,0.000350,
0,11,v,t12,0.000000,
0,11,v,t13,0.000000,
0,11,v,t14,0.000000,
0,11,v,t15,0.000000,
1,0,q,t0,0.000000,
1,0,q,t1,0.000000,
1,0,q,t2,0.000000,
1,0,q,t3,0.000000,
1,0,q,t4,0.000000,
1,0,q,t5,0.000000,
1,0,q,t6,0.000000,
1,0,q,t7,0.000000,
1,0,q,t8,0.000000,
1,0,q,t9,0.000000,
1,0,q,t10,0.000000,
1,0,q,t11,-0.000496,
1,0,q,t12,-0.000017,
1,0,q,t13,0.000001,
1,0,q,t14,-0.000005,
1,0,q,t15,-0.000014,
1,0,k,t0,0.000000,
1,0,k,t1,0.000000,
1,0,k,t2,0.000000,
1,0,k,t3,0.000000,
1,0,k,t4,0.000000,
1,0,k,t5,0.000000,
1,0,k,t6,0.000000,
1,0,k,t7,0.000000,
1,0,k,t8,0.000000,
1,0,k,t9,0.000000,
1,0,k,t10,0.000000,
1,0,k,t11,-0.000558,
1,0,k,t12,-0.000011,
1,0,k,t13,0.000007,
1,0,k,t14,-0.000002,
1,0,k,t15,0.000001,
1,0,v,t0,0.000000,
1,0,v,t1,0.000000,
1,0,v,t2,0.000000,
1,0,v,t3,0.000000,
1,0,v,t4,0.000000,
1,0,v,t5,0.000000,
1,0,v,t6,0.000000,
1,0,v,t7,0.000000,
1,0,v,t8,0.000000,
1,0,v,t9,0.000000,
1,0,v,t10,0.000000,
1,0,v,t11,-0.000803,
1,0,v,t12,0.000015,
1,0,v,t13,-0.000007,
1,0,v,t14,-0.000007,
1,0,v,t15,0.000000,
1,1,q,t0,0.000000,
1,1,q,t1,0.000000,
1,1,q,t2,0.000000,
1,1,q,t3,0.000000,
1,1,q,t4,0.000000,
1,1,q,t5,0.000000,
1,1,q,t6,0.000000,
1,1,q,t7,0.000000,
1,1,q,t8,0.000000,
1,1,q,t9,0.000000,
1,1,q,t10,0.000000,
1,1,q,t11,-0.000348,
1,1,q,t12,0.000004,
1,1,q,t13,-0.000004,
1,1,q,t14,0.000012,
1,1,q,t15,-0.000015,
1,1,k,t0,0.000000,
1,1,k,t1,0.000000,
1,1,k,t2,0.000000,
1,1,k,t3,0.000000,
1,1,k,t4,0.000000,
1,1,k,t5,0.000000,
1,1,k,t6,0.000000,
1,1,k,t7,0.000000,
1,1,k,t8,0.000000,
1,1,k,t9,0.000000,
1,1,k,t10,0.000000,
1,1,k,t11,-0.000496,
1,1,k,t12,0.000006,
1,1,k,t13,-0.000007,
1,1,k,t14,0.000007,
1,1,k,t15,-0.000004,
1,1,v,t0,0.000000,
1,1,v,t1,0.000000,
1,1,v,t2,0.000000,
1,1,v,t3,0.000000,
1,1,v,t4,0.000000,
1,1,v,t5,0.000000,
1,1,v,t6,0.000000,
1,1,v,t7,0.000000,
1,1,v,t8,0.000000,
1,1,v,t9,0.000000,
1,1,v,t10,0.000000,
1,1,v,t11,-0.000437,
1,1,v,t12,-0.000038,
1,1,v,t13,-0.000028,
1,1,v,t14,-0.000018,
1,1,v,t15,-0.000004,
1,2,q,t0,0.000000,
1,2,q,t1,0.000000,
1,2,q,t2,0.000000,
1,2,q,t3,0.000000,
1,2,q,t4,0.000000,
1,2,q,t5,0.000000,
1,2,q,t6,0.000000,
1,2,q,t7,0.000000,
1,2,q,t8,0.000000,
1,2,q,t9,0.000000,
1,2,q,t10,0.000000,
1,2,q,t11,0.000035,
1,2,q,t12,-0.000001,
1,2,q,t13,-0.000000,
1,2,q,t14,-0.000007,
1,2,q,t15,0.000000,
1,2,k,t0,0.000000,
1,2,k,t1,0.000000,
1,2,k,t2,0.000000,
1,2,k,t3,0.000000,
1,2,k,t4,0.000000,
1,2,k,t5,0.000000,
1,2,k,t6,0.000000,
1,2,k,t7,0.000000,
1,2,k,t8,0.000000,
1,2,k,t9,0.000000,
1,2,k,t10,0.000000,
1,2,k,t11,0.000067,
1,2,k,t12,0.000002,
1,2,k,t13,-0.000000,
1,2,k,t14,-0.000000,
1,2,k,t15,0.000002,
1,2,v,t0,0.000000,
1,2,v,t1,0.000000,
1,2,v,t2,0.000000,
1,2,v,t3,0.000000,
1,2,v,t4,0.000000,
1,2,v,t5,0.000000,
1,2,v,t6,0.000000,
1,2,v,t7,0.000000,
1,2,v,t8,0.000000,
1,2,v,t9,0.000000,
1,2,v,t10,0.000000,
1,2,v,t11,0.000248,
1,2,v,t12,-0.000000,
1,2,v,t13,0.000002,
1,2,v,t14,-0.000007,
1,2,v,t15,0.000004,
1,3,q,t0,0.000000,
1,3,q,t1,0.000000,
1,3,q,t2,0.000000,
1,3,q,t3,0.000000,
1,3,q,t4,0.000000,
1,3,q,t5,0.000000,
1,3,q,t6,0.000000,
1,3,q,t7,0.000000,
1,3,q,t8,0.000000,
1,3,q,t9,0.000000,
1,3,q,t10,0.000000,
1,3,q,t11,0.000545,
1,3,q,t12,-0.000054,
1,3,q,t13,-0.000146,
1,3,q,t14,0.000036,
1,3,q,t15,-0.000002,
1,3,k,t0,0.000000,
1,3,k,t1,0.000000,
1,3,k,t2,0.000000,
1,3,k,t3,0.000000,
1,3,k,t4,0.000000,
1,3,k,t5,0.000000,
1,3,k,t6,0.000000,
1,3,k,t7,0.000000,
1,3,k,t8,0.000000,
1,3,k,t9,0.000000,
1,3,k,t10,0.000000,
1,3,k,t11,-0.000284,
1,3,k,t12,0.000018,
1,3,k,t13,0.000002,
1,3,k,t14,-0.000004,
1,3,k,t15,0.000006,
1,3,v,t0,0.000000,
1,3,v,t1,0.000000,
1,3,v,t2,0.000000,
1,3,v,t3,0.000000,
1,3,v,t4,0.000000,
1,3,v,t5,0.000000,
1,3,v,t6,0.000000,
1,3,v,t7,0.000000,
1,3,v,t8,0.000000,
1,3,v,t9,0.000000,
1,3,v,t10,0.000000,
1,3,v,t11,0.000281,
1,3,v,t12,-0.000012,
1,3,v,t13,0.000005,
1,3,v,t14,0.000001,
1,3,v,t15,-0.000001,
1,4,q,t0,0.000000,
1,4,q,t1,0.000000,
1,4,q,t2,0.000000,
1,4,q,t3,0.000000,
1,4,q,t4,0.000000,
1,4,q,t5,0.000000,
1,4,q,t6,0.000000,
1,4,q,t7,0.000000,
1,4,q,t8,0.000000,
1,4,q,t9,0.000000,
1,4,q,t10,0.000000,
1,4,q,t11,-0.000117,
1,4,q,t12,0.000004,
1,4,q,t13,-0.000006,
1,4,q,t14,0.000020,
1,4,q,t15,0.000005,
1,4,k,t0,0.000000,
1,4,k,t1,0.000000,
1,4,k,t2,0.000000,
1,4,k,t3,0.000000,
1,4,k,t4,0.000000,
1,4,k,t5,0.000000,
1,4,k,t6,0.000000,
1,4,k,t7,0.000000,
1,4,k,t8,0.000000,
1,4,k,t9,0.000000,
1,4,k,t10,0.000000,
1,4,k,t11,0.000045,
1,4,k,t12,-0.000003,
1,4,k,t13,0.000000,
1,4,k,t14,-0.000001,
1,4,k,t15,-0.000000,
1,4,v,t0,0.000000,
1,4,v,t1,0.000000,
1,4,v,t2,0.000000,
1,4,v,t3,0.000000,
1,4,v,t4,0.000000,
1,4,v,t5,0.000000,
1,4,v,t6,0.000000,
1,4,v,t7,0.000000,
1,4,v,t8,0.000000,
1,4,v,t9,0.000000,
1,4,v,t10,0.000000,
1,4,v,t11,-0.000088,
1,4,v,t12,0.000006,
1,4,v,t13,0.000004,
1,4,v,t14,0.000003,
1,4,v,t15,0.000004,
1,5,q,t0,0.000000,
1,5,q,t1,0.000000,
1,5,q,t2,0.000000,
1,5,q,t3,0.000000,
1,5,q,t4,0.000000,
1,5,q,t5,0.000000,
1,5,q,t6,0.000000,
1,5,q,t7,0.000000,
1,5,q,t8,0.000000,
1,5,q,t9,0.000000,
1,5,q,t10,0.000000,
1,5,q,t11,0.002485,
1,5,q,t12,0.000008,
1,5,q,t13,-0.000000,
1,5,q,t14,0.000025,
1,5,q,t15,-0.000007,
1,5,k,t0,0.000000,
1,5,k,t1,0.000000,
1,5,k,t2,0.000000,
1,5,k,t3,0.000000,
1,5,k,t4,0.000000,
1,5,k,t5,0.000000,
1,5,k,t6,0.000000,
1,5,k,t7,0.000000,
1,5,k,t8,0.000000,
1,5,k,t9,0.000000,
1,5,k,t10,0.000000,
1,5,k,t11,0.000391,
1,5,k,t12,0.000001,
1,5,k,t13,-0.000003,
1,5,k,t14,-0.000012,
1,5,k,t15,0.000010,
1,5,v,t0,0.000000,
1,5,v,t1,0.000000,
1,5,v,t2,0.000000,
1,5,v,t3,0.000000,
1,5,v,t4,0.000000,
1,5,v,t5,0.000000,
1,5,v,t6,0.000000,
1,5,v,t7,0.000000,
1,5,v,t8,0.000000,
1,5,v,t9,0.000000,
1,5,v,t10,0.000000,
1,5,v,t11,-0.000497,
1,5,v,t12,-0.000007,
1,5,v,t13,0.000004,
1,5,v,t14,-0.000014,
1,5,v,t15,-0.000014,
1,6,q,t0,0.000000,
1,6,q,t1,0.000000,
1,6,q,t2,0.000000,
1,6,q,t3,0.000000,
1,6,q,t4,0.000000,
1,6,q,t5,0.000000,
1,6,q,t6,0.000000,
1,6,q,t7,0.000000,
1,6,q,t8,0.000000,
1,6,q,t9,0.000000,
1,6,q,t10,0.000000,
1,6,q,t11,-0.000573,
1,6,q,t12,-0.000031,
1,6,q,t13,-0.000005,
1,6,q,t14,0.000114,
1,6,q,t15,0.000011,
1,6,k,t0,0.000000,
1,6,k,t1,0.000000,
1,6,k,t2,0.000000,
1,6,k,t3,0.000000,
1,6,k,t4,0.000000,
1,6,k,t5,0.000000,
1,6,k,t6,0.000000,
1,6,k,t7,0.000000,
1,6,k,t8,0.000000,
1,6,k,t9,0.000000,
1,6,k,t10,0.000000,
1,6,k,t11,0.000179,
1,6,k,t12,-0.000010,
1,6,k,t13,0.000004,
1,6,k,t14,-0.000010,
1,6,k,t15,0.000002,
1,6,v,t0,0.000000,
1,6,v,t1,0.000000,
1,6,v,t2,0.000000,
1,6,v,t3,0.000000,
1,6,v,t4,0.000000,
1,6,v,t5,0.000000,
1,6,v,t6,0.000000,
1,6,v,t7,0.000000,
1,6,v,t8,0.000000,
1,6,v,t9,0.000000,
1,6,v,t10,0.000000,
1,6,v,t11,-0.000579,
1,6,v,t12,-0.000065,
1,6,v,t13,0.000007,
1,6,v,t14,-0.000011,
1,6,v,t15,0.000000,
1,7,q,t0,0.000000,
1,7,q,t1,0.000000,
1,7,q,t2,0.000000,
1,7,q,t3,0.000000,
1,7,q,t4,0.000000,
1,7,q,t5,0.000000,
1,7,q,t6,0.000000,
1,7,q,t7,0.000000,
1,7,q,t8,0.000000,
1,7,q,t9,0.000000,
1,7,q,t10,0.000000,
1,7,q,t11,0.001279,
1,7,q,t12,0.000040,
1,7,q,t13,0.000001,
1,7,q,t14,0.000036,
1,7,q,t15,-0.000031,
1,7,k,t0,0.000000,
1,7,k,t1,0.000000,
1,7,k,t2,0.000000,
1,7,k,t3,0.000000,
1,7,k,t4,0.000000,
1,7,k,t5,0.000000,
1,7,k,t6,0.000000,
1,7,k,t7,0.000000,
1,7,k,t8,0.000000,
1,7,k,t9,0.000000,
1,7,k,t10,0.000000,
1,7,k,t11,0.000666,
1,7,k,t12,0.000003,
1,7,k,t13,-0.000028,
1,7,k,t14,-0.000000,
1,7,k,t15,-0.000002,
1,7,v,t0,0.000000,
1,7,v,t1,0.000000,
1,7,v,t2,0.000000,
1,7,v,t3,0.000000,
1,7,v,t4,0.000000,
1,7,v,t5,0.000000,
1,7,v,t6,0.000000,
1,7,v,t7,0.000000,
1,7,v,t8,0.000000,
1,7,v,t9,0.000000,
1,7,v,t10,0.000000,
1,7,v,t11,-0.000550,
1,7,v,t12,-0.000095,
1,7,v,t13,0.000021,
1,7,v,t14,-0.000012,
1,7,v,t15,-0.000010,
1,8,q,t0,0.000000,
1,8,q,t1,0.000000,
1,8,q,t2,0.000000,
1,8,q,t3,0.000000,
1,8,q,t4,0.000000,
1,8,q,t5,0.000000,
1,8,q,t6,0.000000,
1,8,q,t7,0.000000,
1,8,q,t8,0.000000,
1,8,q,t9,0.000000,
1,8,q,t10,0.000000,
1,8,q,t11,-0.000088,
1,8,q,t12,-0.000030,
1,8,q,t13,0.000001,
1,8,q,t14,0.000005,
1,8,q,t15,0.000012,
1,8,k,t0,0.000000,
1,8,k,t1,0.000000,
1,8,k,t2,0.000000,
1,8,k,t3,0.000000,
1,8,k,t4,0.000000,
1,8,k,t5,0.000000,
1,8,k,t6,0.000000,
1,8,k,t7,0.000000,
1,8,k,t8,0.000000,
1,8,k,t9,0.000000,
1,8,k,t10,0.000000,
1,8,k,t11,-0.000100,
1,8,k,t12,-0.000002,
1,8,k,t13,-0.000001,
1,8,k,t14,-0.000002,
1,8,k,t15,0.000000,
1,8,v,t0,0.000000,
1,8,v,t1,0.000000,
1,8,v,t2,0.000000,
1,8,v,t3,0.000000,
1,8,v,t4,0.000000,
1,8,v,t5,0.000000,
1,8,v,t6,0.000000,
1,8,v,t7,0.000000,
1,8,v,t8,0.000000,
1,8,v,t9,0.000000,
1,8,v,t10,0.000000,
1,8,v,t11,0.000692,
1,8,v,t12,0.000027,
1,8,v,t13,-0.000008,
1,8,v,t14,-0.000001,
1,8,v,t15,-0.000003,
1,9,q,t0,0.000000,
1,9,q,t1,0.000000,
1,9,q,t2,0.000000,
1,9,q,t3,0.000000,
1,9,q,t4,0.000000,
1,9,q,t5,0.000000,
1,9,q,t6,0.000000,
1,9,q,t7,0.000000,
1,9,q,t8,0.000000,
1,9,q,t9,0.000000,
1,9,q,t10,0.000000,
1,9,q,t11,0.000325,
1,9,q,t12,-0.000056,
1,9,q,t13,0.000000,
1,9,q,t14,0.000007,
1,9,q,t15,0.000005,
1,9,k,t0,0.000000,
1,9,k,t1,0.000000,
1,9,k,t2,0.000000,
1,9,k,t3,0.000000,
1,9,k,t4,0.000000,
1,9,k,t5,0.000000,
1,9,k,t6,0.000000,
1,9,k,t7,0.000000,
1,9,k,t8,0.000000,
1,9,k,t9,0.000000,
1,9,k,t10,0.000000,
1,9,k,t11,0.000212,
1,9,k,t12,0.000001,
1,9,k,t13,-0.000002,
1,9,k,t14,0.000002,
1,9,k,t15,0.000000,
1,9,v,t0,0.000000,
1,9,v,t1,0.000000,
1,9,v,t2,0.000000,
1,9,v,t3,0.000000,
1,9,v,t4,0.000000,
1,9,v,t5,0.000000,
1,9,v,t6,0.000000,
1,9,v,t7,0.000000,
1,9,v,t8,0.000000,
1,9,v,t9,0.000000,
1,9,v,t10,0.000000,
1,9,v,t11,0.000435,
1,9,v,t12,0.000012,
1,9,v,t13,-0.000010,
1,9,v,t14,0.000002,
1,9,v,t15,-0.000003,
1,10,q,t0,0.000000,
1,10,q,t1,0.000000,
1,10,q,t2,0.000000,
1,10,q,t3,0.000000,
1,10,q,t4,0.000000,
1,10,q,t5,0.000000,
1,10,q,t6,0.000000,
1,10,q,t7,0.000000,
1,10,q,t8,0.000000,
1,10,q,t9,0.000000,
1,10,q,t10,0.000000,
1,10,q,t11,-0.000018,
1,10,q,t12,0.000003,
1,10,q,t13,-0.000002,
1,10,q,t14,0.000005,
1,10,q,t15,-0.000001,
1,10,k,t0,0.000000,
1,10,k,t1,0.000000,
1,10,k,t2,0.000000,
1,10,k,t3,0.000000,
1,10,k,t4,0.000000,
1,10,k,t5,0.000000,
1,10,k,t6,0.000000,
1,10,k,t7,0.000000,
1,10,k,t8,0.000000,
1,10,k,t9,0.000000,
1,10,k,t10,0.000000,
1,10,k,t11,-0.000018,
1,10,k,t12,0.000010,
1,10,k,t13,0.000002,
1,10,k,t14,-0.000001,
1,10,k,t15,0.000001,
1,10,v,t0,0.000000,
1,10,v,t1,0.000000,
1,10,v,t2,0.000000,
1,10,v,t3,0.000000,
1,10,v,t4,0.000000,
1,10,v,t5,0.000000,
1,10,v,t6,0.000000,
1,10,v,t7,0.000000,
1,10,v,t8,0.000000,
1,10,v,t9,0.000000,
1,10,v,t10,0.000000,
1,10,v,t11,-0.000339,
1,10,v,t12,0.000004,
1,10,v,t13,0.000005,
1,10,v,t14,-0.000007,
1,10,v,t15,0.000005,
1,11,q,t0,0.000000,
1,11,q,t1,0.000000,
1,11,q,t2,0.000000,
1,11,q,t3,0.000000,
1,11,q,t4,0.000000,
1,11,q,t5,0.000000,
1,11,q,t6,0.000000,
1,11,q,t7,0.000000,
1,11,q,t8,0.000000,
1,11,q,t9,0.000000,
1,11,q,t10,0.000000,
1,11,q,t11,0.001611,
1,11,q,t12,-0.000044,
1,11,q,t13,0.000005,
1,11,q,t14,0.000016,
1,11,q,t15,0.000005,
1,11,k,t0,0.000000,
1,11,k,t1,0.000000,
1,11,k,t2,0.000000,
1,11,k,t3,0.000000,
1,11,k,t4,0.000000,
1,11,k,t5,0.000000,
1,11,k,t6,0.000000,
1,11,k,t7,0.000000,
1,11,k,t8,0.000000,
1,11,k,t9,0.000000,
1,11,k,t10,0.000000,
1,11,k,t11,-0.000795,
1,11,k,t12,-0.000022,
1,11,k,t13,0.000015,
1,11,k,t14,0.000044,
1,11,k,t15,-0.000004,
1,11,v,t0,0.000000,
1,11,v,t1,0.000000,
1,11,v,t2,0.000000,
1,11,v,t3,0.000000,
1,11,v,t4,0.000000,
1,11,v,t5,0.000000,
1,11,v,t6,0.000000,
1,11,v,t7,0.000000,
1,11,v,t8,0.000000,
1,11,v,t9,0.000000,
1,11,v,t10,0.000000,
1,11,v,t11,0.000528,
1,11,v,t12,0.000219,
1,11,v,t13,-0.000042,
1,11,v,t14,-0.000081,
1,11,v,t15,0.000081,
2,0,q,t0,0.000000,
2,0,q,t1,0.000000,
2,0,q,t2,0.000000,
2,0,q,t3,0.000000,
2,0,q,t4,0.000000,
2,0,q,t5,0.000000,
2,0,q,t6,0.000000,
2,0,q,t7,0.000000,
2,0,q,t8,0.000000,
2,0,q,t9,0.000000,
2,0,q,t10,0.000000,
2,0,q,t11,-0.002128,
2,0,q,t12,-0.000007,
2,0,q,t13,-0.000015,
2,0,q,t14,0.000004,
2,0,q,t15,0.000052,
2,0,k,t0,0.000000,
2,0,k,t1,0.000000,
2,0,k,t2,0.000000,
2,0,k,t3,0.000000,
2,0,k,t4,0.000000,
2,0,k,t5,0.000000,
2,0,k,t6,0.000000,
2,0,k,t7,0.000000,
2,0,k,t8,0.000000,
2,0,k,t9,0.000000,
2,0,k,t10,0.000000,
2,0,k,t11,-0.002331,
2,0,k,t12,-0.000119,
2,0,k,t13,0.000002,
2,0,k,t14,-0.000025,
2,0,k,t15,0.000007,
2,0,v,t0,0.000000,
2,0,v,t1,0.000000,
2,0,v,t2,0.000000,
2,0,v,t3,0.000000,
2,0,v,t4,0.000000,
2,0,v,t5,0.000000,
2,0,v,t6,0.000000,
2,0,v,t7,0.000000,
2,0,v,t8,0.000000,
2,0,v,t9,0.000000,
2,0,v,t10,0.000000,
2,0,v,t11,0.000243,
2,0,v,t12,-0.000033,
2,0,v,t13,-0.000007,
2,0,v,t14,-0.000022,
2,0,v,t15,-0.000009,
2,1,q,t0,0.000000,
2,1,q,t1,0.000000,
2,1,q,t2,0.000000,
2,1,q,t3,0.000000,
2,1,q,t4,0.000000,
2,1,q,t5,0.000000,
2,1,q,t6,0.000000,
2,1,q,t7,0.000000,
2,1,q,t8,0.000000,
2,1,q,t9,0.000000,
2,1,q,t10,0.000000,
2,1,q,t11,0.000764,
2,1,q,t12,0.000069,
2,1,q,t13,0.000003,
2,1,q,t14,-0.000055,
2,1,q,t15,0.000017,
2,1,k,t0,0.000000,
2,1,k,t1,0.000000,
2,1,k,t2,0.000000,
2,1,k,t3,0.000000,
2,1,k,t4,0.000000,
2,1,k,t5,0.000000,
2,1,k,t6,0.000000,
2,1,k,t7,0.000000,
2,1,k,t8,0.000000,
2,1,k,t9,0.000000,
2,1,k,t10,0.000000,
2,1,k,t11,0.000003,
2,1,k,t12,-0.000022,
2,1,k,t13,-0.000001,
2,1,k,t14,0.000015,
2,1,k,t15,-0.000003,
2,1,v,t0,0.000000,
2,1,v,t1,0.000000,
2,1,v,t2,0.000000,
2,1,v,t3,0.000000,
2,1,v,t4,0.000000,
2,1,v,t5,0.000000,
2,1,v,t6,0.000000,
2,1,v,t7,0.000000,
2,1,v,t8,0.000000,
2,1,v,t9,0.000000,
2,1,v,t10,0.000000,
2,1,v,t11,-0.001143,
2,1,v,t12,-0.000147,
2,1,v,t13,-0.000016,
2,1,v,t14,-0.000010,
2,1,v,t15,-0.000015,
2,2,q,t0,0.000000,previous token
2,2,q,t1,0.000000,previous token
2,2,q,t2,0.000000,previous token
2,2,q,t3,0.000000,previous token
2,2,q,t4,0.000000,previous token
2,2,q,t5,0.000000,previous token
2,2,q,t6,0.000000,previous token
2,2,q,t7,0.000000,previous token
2,2,q,t8,0.000000,previous token
2,2,q,t9,0.000000,previous token
2,2,q,t10,0.000000,previous token
2,2,q,t11,-0.005081,previous token
2,2,q,t12,0.000011,previous token
2,2,q,t13,-0.000005,previous token
2,2,q,t14,-0.000012,previous token
2,2,q,t15,0.000012,previous token
2,2,k,t0,0.000000,previous token
2,2,k,t1,0.000000,previous token
2,2,k,t2,0.000000,previous token
2,2,k,t3,0.000000,previous token
2,2,k,t4,0.000000,previous token
2,2,k,t5,0.000000,previous token
2,2,k,t6,0.000000,previous token
2,2,k,t7,0.000000,previous token
2,2,k,t8,0.000000,previous token
2,2,k,t9,0.000000,previous token
2,2,k,t10,0.000000,previous token
2,2,k,t11,-0.005242,previous token
2,2,k,t12,-0.000119,previous token
2,2,k,t13,0.000011,previous token
2,2,k,t14,0.000070,previous token
2,2,k,t15,-0.000007,previous token
2,2,v,t0,0.000000,previous token
2,2,v,t1,0.000000,previous token
2,2,v,t2,0.000000,previous token
2,2,v,t3,0.000000,previous token
2,2,v,t4,0.000000,previous token
2,2,v,t5,0.000000,previous token
2,2,v,t6,0.000000,previous token
2,2,v,t7,0.000000,previous token
2,2,v,t8,0.000000,previous token
2,2,v,t9,0.000000,previous token
2,2,v,t10,0.000000,previous token
2,2,v,t11,0.000155,previous token
2,2,v,t12,-0.000054,previous token
2,2,v,t13,0.000056,previous token
2,2,v,t14,0.000008,previous token
2,2,v,t15,-0.000001,previous token
2,3,q,t0,0.000000,
2,3,q,t1,0.000000,
2,3,q,t2,0.000000,
2,3,q,t3,0.000000,
2,3,q,t4,0.000000,
2,3,q,t5,0.000000,
2,3,q,t6,0.000000,
2,3,q,t7,0.000000,
2,3,q,t8,0.000000,
2,3,q,t9,0.000000,
2,3,q,t10,0.000000,
2,3,q,t11,-0.000046,
2,3,q,t12,0.000004,
2,3,q,t13,-0.000011,
2,3,q,t14,-0.000006,
2,3,q,t15,-0.000095,
2,3,k,t0,0.000000,
2,3,k,t1,0.000000,
2,3,k,t2,0.000000,
2,3,k,t3,0.000000,
2,3,k,t4,0.000000,
2,3,k,t5,0.000000,
2,3,k,t6,0.000000,
2,3,k,t7,0.000000,
2,3,k,t8,0.000000,
2,3,k,t9,0.000000,
2,3,k,t10,0.000000,
2,3,k,t11,-0.000209,
2,3,k,t12,-0.000179,
2,3,k,t13,0.000262,
2,3,k,t14,-0.000011,
2,3,k,t15,-0.000031,
2,3,v,t0,0.000000,
2,3,v,t1,0.000000,
2,3,v,t2,0.000000,
2,3,v,t3,0.000000,
2,3,v,t4,0.000000,
2,3,v,t5,0.000000,
2,3,v,t6,0.000000,
2,3,v,t7,0.000000,
2,3,v,t8,0.000000,
2,3,v,t9,0.000000,
2,3,v,t10,0.000000,
2,3,v,t11,0.000256,
2,3,v,t12,-0.000057,
2,3,v,t13,-0.000076,
2,3,v,t14,-0.000019,
2,3,v,t15,-0.000003,
2,4,q,t0,0.000000,
2,4,q,t1,0.000000,
2,4,q,t2,0.000000,
2,4,q,t3,0.000000,
2,4,q,t4,0.000000,
2,4,q,t5,0.000000,
2,4,q,t6,0.000000,
2,4,q,t7,0.000000,
2,4,q,t8,0.000000,
2,4,q,t9,0.000000,
2,4,q,t10,0.000000,
2,4,q,t11,-0.000449,
2,4,q,t12,0.000006,
2,4,q,t13,-0.000018,
2,4,q,t14,-0.000001,
2,4,q,t15,0.000023,
2,4,k,t0,0.000000,
2,4,k,t1,0.000000,
2,4,k,t2,0.000000,
2,4,k,t3,0.000000,
2,4,k,t4,0.000000,
2,4,k,t5,0.000000,
2,4,k,t6,0.000000,
2,4,k,t7,0.000000,
2,4,k,t8,0.000000,
2,4,k,t9,0.000000,
2,4,k,t10,0.000000,
2,4,k,t11,-0.000200,
2,4,k,t12,0.000016,
2,4,k,t13,-0.000074,
2,4,k,t14,0.000141,
2,4,k,t15,-0.000051,
2,4,v,t0,0.000000,
2,4,v,t1,0.000000,
2,4,v,t2,0.000000,
2,4,v,t3,0.000000,
2,4,v,t4,0.000000,
2,4,v,t5,0.000000,
2,4,v,t6,0.000000,
2,4,v,t7,0.000000,
2,4,v,t8,0.000000,
2,4,v,t9,0.000000,
2,4,v,t10,0.000000,
2,4,v,t11,-0.000476,
2,4,v,t12,-0.000029,
2,4,v,t13,-0.000005,
2,4,v,t14,0.000035,
2,4,v,t15,0.000009,
2,5,q,t0,0.000000,
2,5,q,t1,0.000000,
2,5,q,t2,0.000000,
2,5,q,t3,0.000000,
2,5,q,t4,0.000000,
2,5,q,t5,0.000000,
2,5,q,t6,0.000000,
2,5,q,t7,0.000000,
2,5,q,t8,0.000000,
2,5,q,t9,0.000000,
2,5,q,t10,0.000000,
2,5,q,t11,-0.000416,
2,5,q,t12,0.000003,
2,5,q,t13,-0.000005,
2,5,q,t14,-0.000003,
2,5,q,t15,-0.000016,
2,5,k,t0,0.000000,
2,5,k,t1,0.000000,
2,5,k,t2,0.000000,
2,5,k,t3,0.000000,
2,5,k,t4,0.000000,
2,5,k,t5,0.000000,
2,5,k,t6,0.000000,
2,5,k,t7,0.000000,
2,5,k,t8,0.000000,
2,5,k,t9,0.000000,
2,5,k,t10,0.000000,
2,5,k,t11,-0.000669,
2,5,k,t12,-0.000001,
2,5,k,t13,0.000045,
2,5,k,t14,-0.000151,
2,5,k,t15,0.000094,
2,5,v,t0,0.000000,
2,5,v,t1,0.000000,
2,5,v,t2,0.000000,
2,5,v,t3,0.000000,
2,5,v,t4,0.000000,
2,5,v,t5,0.000000,
2,5,v,t6,0.000000,
2,5,v,t7,0.000000,
2,5,v,t8,0.000000,
2,5,v,t9,0.000000,
2,5,v,t10,0.000000,
2,5,v,t11,-0.000491,
2,5,v,t12,-0.000054,
2,5,v,t13,-0.000002,
2,5,v,t14,0.000005,
2,5,v,t15,-0.000003,
2,6,q,t0,0.000000,
2,6,q,t1,0.000000,
2,6,q,t2,0.000000,
2,6,q,t3,0.000000,
2,6,q,t4,0.000000,
2,6,q,t5,0.000000,
2,6,q,t6,0.000000,
2,6,q,t7,0.000000,
2,6,q,t8,0.000000,
2,6,q,t9,0.000000,
2,6,q,t10,0.000000,
2,6,q,t11,-0.000088,
2,6,q,t12,0.000020,
2,6,q,t13,-0.000016,
2,6,q,t14,0.000008,
2,6,q,t15,0.000081,
2,6,k,t0,0.000000,
2,6,k,t1,0.000000,
2,6,k,t2,0.000000,
2,6,k,t3,0.000000,
2,6,k,t4,0.000000,
2,6,k,t5,0.000000,
2,6,k,t6,0.000000,
2,6,k,t7,0.000000,
2,6,k,t8,0.000000,
2,6,k,t9,0.000000,
2,6,k,t10,0.000000,
2,6,k,t11,0.000146,
2,6,k,t12,-0.000006,
2,6,k,t13,-0.000019,
2,6,k,t14,-0.000017,
2,6,k,t15,-0.000018,
2,6,v,t0,0.000000,
2,6,v,t1,0.000000,
2,6,v,t2,0.000000,
2,6,v,t3,0.000000,
2,6,v,t4,0.000000,
2,6,v,t5,0.000000,
2,6,v,t6,0.000000,
2,6,v,t7,0.000000,
2,6,v,t8,0.000000,
2,6,v,t9,0.000000,
2,6,v,t10,0.000000,
2,6,v,t11,-0.000132,
2,6,v,t12,0.000049,
2,6,v,t13,0.000016,
2,6,v,t14,-0.000001,
2,6,v,t15,0.000010,
2,7,q,t0,0.000000,
2,7,q,t1,0.000000,
2,7,q,t2,0.000000,
2,7,q,t3,0.000000,
2,7,q,t4,0.000000,
2,7,q,t5,0.000000,
2,7,q,t6,0.000000,
2,7,q,t7,0.000000,
2,7,q,t8,0.000000,
2,7,q,t9,0.000000,
2,7,q,t10,0.000000,
2,7,q,t11,-0.000121,
2,7,q,t12,0.000006,
2,7,q,t13,0.000002,
2,7,q,t14,0.000002,
2,7,q,t15,0.000002,
2,7,k,t0,0.000000,
2,7,k,t1,0.000000,
2,7,k,t2,0.000000,
2,7,k,t3,0.000000,
2,7,k,t4,0.000000,
2,7,k,t5,0.000000,
2,7,k,t6,0.000000,
2,7,k,t7,0.000000,
2,7,k,t8,0.000000,
2,7,k,t9,0.000000,
2,7,k,t10,0.000000,
2,7,k,t11,-0.000320,
2,7,k,t12,0.000007,
2,7,k,t13,0.000004,
2,7,k,t14,-0.000002,
2,7,k,t15,-0.000001,
2,7,v,t0,0.000000,
2,7,v,t1,0.000000,
2,7,v,t2,0.000000,
2,7,v,t3,0.000000,
2,7,v,t4,0.000000,
2,7,v,t5,0.000000,
2,7,v,t6,0.000000,
2,7,v,t7,0.000000,
2,7,v,t8,0.000000,
2,7,v,t9,0.000000,
2,7,v,t10,0.000000,
2,7,v,t11,0.001318,
2,7,v,t12,0.000115,
2,7,v,t13,0.000020,
2,7,v,t14,0.000022,
2,7,v,t15,0.000007,
2,8,q,t0,0.000000,
2,8,q,t1,0.000000,
2,8,q,t2,0.000000,
2,8,q,t3,0.000000,
2,8,q,t4,0.000000,
2,8,q,t5,0.000000,
2,8,q,t6,0.000000,
2,8,q,t7,0.000000,
2,8,q,t8,0.000000,
2,8,q,t9,0.000000,
2,8,q,t10,0.000000,
2,8,q,t11,-0.000082,
2,8,q,t12,-0.000003,
2,8,q,t13,-0.000005,
2,8,q,t14,0.000051,
2,8,q,t15,-0.000035,
2,8,k,t0,0.000000,
2,8,k,t1,0.000000,
2,8,k,t2,0.000000,
2,8,k,t3,0.000000,
2,8,k,t4,0.000000,
2,8,k,t5,0.000000,
2,8,k,t6,0.000000,
2,8,k,t7,0.000000,
2,8,k,t8,0.000000,
2,8,k,t9,0.000000,
2,8,k,t10,0.000000,
2,8,k,t11,0.000079,
2,8,k,t12,0.000055,
2,8,k,t13,-0.000078,
2,8,k,t14,-0.000024,
2,8,k,t15,0.000006,
2,8,v,t0,0.000000,
2,8,v,t1,0.000000,
2,8,v,t2,0.000000,
2,8,v,t3,0.000000,
2,8,v,t4,0.000000,
2,8,v,t5,0.000000,
2,8,v,t6,0.000000,
2,8,v,t7,0.000000,
2,8,v,t8,0.000000,
2,8,v,t9,0.000000,
2,8,v,t10,0.000000,
2,8,v,t11,-0.000062,
2,8,v,t12,0.000045,
2,8,v,t13,-0.000012,
2,8,v,t14,-0.000001,
2,8,v,t15,-0.000000,
2,9,q,t0,0.000000,
2,9,q,t1,0.000000,
2,9,q,t2,0.000000,
2,9,q,t3,0.000000,
2,9,q,t4,0.000000,
2,9,q,t5,0.000000,
2,9,q,t6,0.000000,
2,9,q,t7,0.000000,
2,9,q,t8,0.000000,
2,9,q,t9,0.000000,
2,9,q,t10,0.000000,
2,9,q,t11,0.000194,
2,9,q,t12,-0.000013,
2,9,q,t13,0.000015,
2,9,q,t14,-0.000055,
2,9,q,t15,-0.000006,
2,9,k,t0,0.000000,
2,9,k,t1,0.000000,
2,9,k,t2,0.000000,
2,9,k,t3,0.000000,
2,9,k,t4,0.000000,
2,9,k,t5,0.000000,
2,9,k,t6,0.000000,
2,9,k,t7,0.000000,
2,9,k,t8,0.000000,
2,9,k,t9,0.000000,
2,9,k,t10,0.000000,
2,9,k,t11,-0.000539,
2,9,k,t12,-0.000031,
2,9,k,t13,0.000055,
2,9,k,t14,-0.000055,
2,9,k,t15,0.000019,
2,9,v,t0,0.000000,
2,9,v,t1,0.000000,
2,9,v,t2,0.000000,
2,9,v,t3,0.000000,
2,9,v,t4,0.000000,
2,9,v,t5,0.000000,
2,9,v,t6,0.000000,
2,9,v,t7,0.000000,
2,9,v,t8,0.000000,
2,9,v,t9,0.000000,
2,9,v,t10,0.000000,
2,9,v,t11,-0.000071,
2,9,v,t12,-0.000045,
2,9,v,t13,0.000002,
2,9,v,t14,0.000030,
2,9,v,t15,-0.000001,
2,10,q,t0,0.000000,
2,10,q,t1,0.000000,
2,10,q,t2,0.000000,
2,10,q,t3,0.000000,
2,10,q,t4,0.000000,
2,10,q,t5,0.000000,
2,10,q,t6,0.000000,
2,10,q,t7,0.000000,
2,10,q,t8,0.000000,
2,10,q,t9,0.000000,
2,10,q,t10,0.000000,
2,10,q,t11,0.000280,
2,10,q,t12,0.000034,
2,10,q,t13,-0.000017,
2,10,q,t14,-0.000021,
2,10,q,t15,0.000045,
2,10,k,t0,0.000000,
2,10,k,t1,0.000000,
2,10,k,t2,0.000000,
2,10,k,t3,0.000000,
2,10,k,t4,0.000000,
2,10,k,t5,0.000000,
2,10,k,t6,0.000000,
2,10,k,t7,0.000000,
2,10,k,t8,0.000000,
2,10,k,t9,0.000000,
2,10,k,t10,0.000000,
2,10,k,t11,-0.000070,
2,10,k,t12,0.000004,
2,10,k,t13,-0.000032,
2,10,k,t14,-0.000019,
2,10,k,t15,0.000034,
2,10,v,t0,0.000000,
2,10,v,t1,0.000000,
2,10,v,t2,0.000000,
2,10,v,t3,0.000000,
2,10,v,t4,0.000000,
2,10,v,t5,0.000000,
2,10,v,t6,0.000000,
2,10,v,t7,0.000000,
2,10,v,t8,0.000000,
2,10,v,t9,0.000000,
2,10,v,t10,0.000000,
2,10,v,t11,0.000198,
2,10,v,t12,-0.000001,
2,10,v,t13,-0.000015,
2,10,v,t14,-0.000047,
2,10,v,t15,-0.000006,
2,11,q,t0,0.000000,
2,11,q,t1,0.000000,
2,11,q,t2,0.000000,
2,11,q,t3,0.000000,
2,11,q,t4,0.000000,
2,11,q,t5,0.000000,
2,11,q,t6,0.000000,
2,11,q,t7,0.000000,
2,11,q,t8,0.000000,
2,11,q,t9,0.000000,
2,11,q,t10,0.000000,
2,11,q,t11,-0.001696,
2,11,q,t12,0.000448,
2,11,q,t13,-0.000247,
2,11,q,t14,-0.000222,
2,11,q,t15,0.000205,
2,11,k,t0,0.000000,
2,11,k,t1,0.000000,
2,11,k,t2,0.000000,
2,11,k,t3,0.000000,
2,11,k,t4,0.000000,
2,11,k,t5,0.000000,
2,11,k,t6,0.000000,
2,11,k,t7,0.000000,
2,11,k,t8,0.000000,
2,11,k,t9,0.000000,
2,11,k,t10,0.000000,
2,11,k,t11,-0.001047,
2,11,k,t12,-0.000009,
2,11,k,t13,0.000046,
2,11,k,t14,0.000021,
2,11,k,t15,-0.000039,
2,11,v,t0,0.000000,
2,11,v,t1,0.000000,
2,11,v,t2,0.000000,
2,11,v,t3,0.000000,
2,11,v,t4,0.000000,
2,11,v,t5,0.000000,
2,11,v,t6,0.000000,
2,11,v,t7,0.000000,
2,11,v,t8,0.000000,
2,11,v,t9,0.000000,
2,11,v,t10,0.000000,
2,11,v,t11,-0.000090,
2,11,v,t12,-0.000003,
2,11,v,t13,0.000009,
2,11,v,t14,0.000007,
2,11,v,t15,0.000000,
3,0,q,t0,0.000000,duplicate token
3,0,q,t1,0.000000,duplicate token
3,0,q,t2,0.000000,duplicate token
3,0,q,t3,0.000000,duplicate token
3,0,q,t4,0.000000,duplicate token
3,0,q,t5,0.000000,duplicate token
3,0,q,t6,0.000000,duplicate token
3,0,q,t7,0.000000,duplicate token
3,0,q,t8,0.000000,duplicate token
3,0,q,t9,0.000000,duplicate token
3,0,q,t10,0.000000,duplicate token
3,0,q,t11,0.048561,duplicate token
3,0,q,t12,0.000004,duplicate token
3,0,q,t13,0.000001,duplicate token
3,0,q,t14,0.000028,duplicate token
3,0,q,t15,0.000009,duplicate token
3,0,k,t0,0.000000,duplicate token
3,0,k,t1,0.000000,duplicate token
3,0,k,t2,0.000000,duplicate token
3,0,k,t3,0.000000,duplicate token
3,0,k,t4,0.000000,duplicate token
3,0,k,t5,0.000000,duplicate token
3,0,k,t6,0.000000,duplicate token
3,0,k,t7,0.000000,duplicate token
3,0,k,t8,0.000000,duplicate token
3,0,k,t9,0.000000,duplicate token
3,0,k,t10,0.000000,duplicate token
3,0,k,t11,0.000383,duplicate token
3,0,k,t12,0.000021,duplicate token
3,0,k,t13,-0.000002,duplicate token
3,0,k,t14,-0.000035,duplicate token
3,0,k,t15,0.000002,duplicate token
3,0,v,t0,0.000000,duplicate token
3,0,v,t1,0.000000,duplicate token
3,0,v,t2,0.000000,duplicate token
3,0,v,t3,0.000000,duplicate token
3,0,v,t4,0.000000,duplicate token
3,0,v,t5,0.000000,duplicate token
3,0,v,t6,0.000000,duplicate token
3,0,v,t7,0.000000,duplicate token
3,0,v,t8,0.000000,duplicate token
3,0,v,t9,0.000000,duplicate token
3,0,v,t10,0.000000,duplicate token
3,0,v,t11,-0.000009,duplicate token
3,0,v,t12,0.000040,duplicate token
3,0,v,t13,-0.000000,duplicate token
3,0,v,t14,-0.000036,duplicate token
3,0,v,t15,-0.000001,duplicate token
3,1,q,t0,0.000000,
3,1,q,t1,0.000000,
3,1,q,t2,0.000000,
3,1,q,t3,0.000000,
3,1,q,t4,0.000000,
3,1,q,t5,0.000000,
3,1,q,t6,0.000000,
3,1,q,t7,0.000000,
3,1,q,t8,0.000000,
3,1,q,t9,0.000000,
3,1,q,t10,0.000000,
3,1,q,t11,-0.000229,
3,1,q,t12,-0.000018,
3,1,q,t13,0.000009,
3,1,q,t14,0.000010,
3,1,q,t15,0.000004,
3,1,k,t0,0.000000,
3,1,k,t1,0.000000,
3,1,k,t2,0.000000,
3,1,k,t3,0.000000,
3,1,k,t4,0.000000,
3,1,k,t5,0.000000,
3,1,k,t6,0.000000,
3,1,k,t7,0.000000,
3,1,k,t8,0.000000,
3,1,k,t9,0.000000,
3,1,k,t10,0.000000,
3,1,k,t11,0.000004,
3,1,k,t12,-0.000011,
3,1,k,t13,-0.000009,
3,1,k,t14,-0.000008,
3,1,k,t15,0.000020,
3,1,v,t0,0.000000,
3,1,v,t1,0.000000,
3,1,v,t2,0.000000,
3,1,v,t3,0.000000,
3,1,v,t4,0.000000,
3,1,v,t5,0.000000,
3,1,v,t6,0.000000,
3,1,v,t7,0.000000,
3,1,v,t8,0.000000,
3,1,v,t9,0.000000,
3,1,v,t10,0.000000,
3,1,v,t11,-0.000089,
3,1,v,t12,-0.000072,
3,1,v,t13,-0.000005,
3,1,v,t14,0.000004,
3,1,v,t15,0.000009,
3,2,q,t0,0.000000,
3,2,q,t1,0.000000,
3,2,q,t2,0.000000,
3,2,q,t3,0.000000,
3,2,q,t4,0.000000,
3,2,q,t5,0.000000,
3,2,q,t6,0.000000,
3,2,q,t7,0.000000,
3,2,q,t8,0.000000,
3,2,q,t9,0.000000,
3,2,q,t10,0.000000,
3,2,q,t11,0.001071,
3,2,q,t12,-0.000054,
3,2,q,t13,-0.000004,
3,2,q,t14,0.000032,
3,2,q,t15,-0.000031,
3,2,k,t0,0.000000,
3,2,k,t1,0.000000,
3,2,k,t2,0.000000,
3,2,k,t3,0.000000,
3,2,k,t4,0.000000,
3,2,k,t5,0.000000,
3,2,k,t6,0.000000,
3,2,k,t7,0.000000,
3,2,k,t8,0.000000,
3,2,k,t9,0.000000,
3,2,k,t10,0.000000,
3,2,k,t11,0.001081,
3,2,k,t12,-0.000239,
3,2,k,t13,0.000207,
3,2,k,t14,-0.000026,
3,2,k,t15,-0.000015,
3,2,v,t0,0.000000,
3,2,v,t1,0.000000,
3,2,v,t2,0.000000,
3,2,v,t3,0.000000,
3,2,v,t4,0.000000,
3,2,v,t5,0.000000,
3,2,v,t6,0.000000,
3,2,v,t7,0.000000,
3,2,v,t8,0.000000,
3,2,v,t9,0.000000,
3,2,v,t10,0.000000,
3,2,v,t11,-0.000116,
3,2,v,t12,-0.000324,
3,2,v,t13,-0.000083,
3,2,v,t14,-0.000006,
3,2,v,t15,0.000000,
3,3,q,t0,0.000000,
3,3,q,t1,0.000000,
3,3,q,t2,0.000000,
3,3,q,t3,0.000000,
3,3,q,t4,0.000000,
3,3,q,t5,0.000000,
3,3,q,t6,0.000000,
3,3,q,t7,0.000000,
3,3,q,t8,0.000000,
3,3,q,t9,0.000000,
3,3,q,t10,0.000000,
3,3,q,t11,-0.000304,
3,3,q,t12,0.000006,
3,3,q,t13,0.000057,
3,3,q,t14,0.000009,
3,3,q,t15,-0.000079,
3,3,k,t0,0.000000,
3,3,k,t1,0.000000,
3,3,k,t2,0.000000,
3,3,k,t3,0.000000,
3,3,k,t4,0.000000,
3,3,k,t5,0.000000,
3,3,k,t6,0.000000,
3,3,k,t7,0.000000,
3,3,k,t8,0.000000,
3,3,k,t9,0.000000,
3,3,k,t10,0.000000,
3,3,k,t11,-0.000464,
3,3,k,t12,0.000012,
3,3,k,t13,-0.000081,
3,3,k,t14,0.000047,
3,3,k,t15,-0.000139,
3,3,v,t0,0.000000,
3,3,v,t1,0.000000,
3,3,v,t2,0.000000,
3,3,v,t3,0.000000,
3,3,v,t4,0.000000,
3,3,v,t5,0.000000,
3,3,v,t6,0.000000,
3,3,v,t7,0.000000,
3,3,v,t8,0.000000,
3,3,v,t9,0.000000,
3,3,v,t10,0.000000,
3,3,v,t11,-0.000407,
3,3,v,t12,0.000006,
3,3,v,t13,0.000021,
3,3,v,t14,-0.000014,
3,3,v,t15,-0.000002,
3,4,q,t0,0.000000,
3,4,q,t1,0.000000,
3,4,q,t2,0.000000,
3,4,q,t3,0.000000,
3,4,q,t4,0.000000,
3,4,q,t5,0.000000,
3,4,q,t6,0.000000,
3,4,q,t7,0.000000,
3,4,q,t8,0.000000,
3,4,q,t9,0.000000,
3,4,q,t10,0.000000,
3,4,q,t11,0.013525,
3,4,q,t12,0.000017,
3,4,q,t13,-0.000003,
3,4,q,t14,0.000003,
3,4,q,t15,-0.000005,
3,4,k,t0,0.000000,
3,4,k,t1,0.000000,
3,4,k,t2,0.000000,
3,4,k,t3,0.000000,
3,4,k,t4,0.000000,
3,4,k,t5,0.000000,
3,4,k,t6,0.000000,
3,4,k,t7,0.000000,
3,4,k,t8,0.000000,
3,4,k,t9,0.000000,
3,4,k,t10,0.000000,
3,4,k,t11,0.008764,
3,4,k,t12,0.000005,
3,4,k,t13,-0.000005,
3,4,k,t14,0.000004,
3,4,k,t15,-0.000001,
3,4,v,t0,0.000000,
3,4,v,t1,0.000000,
3,4,v,t2,0.000000,
3,4,v,t3,0.000000,
3,4,v,t4,0.000000,
3,4,v,t5,0.000000,
3,4,v,t6,0.000000,
3,4,v,t7,0.000000,
3,4,v,t8,0.000000,
3,4,v,t9,0.000000,
3,4,v,t10,0.000000,
3,4,v,t11,-0.000383,
3,4,v,t12,0.000005,
3,4,v,t13,0.000001,
3,4,v,t14,-0.000002,
3,4,v,t15,-0.000000,
3,5,q,t0,0.000000,
3,5,q,t1,0.000000,
3,5,q,t2,0.000000,
3,5,q,t3,0.000000,
3,5,q,t4,0.000000,
3,5,q,t5,0.000000,
3,5,q,t6,0.000000,
3,5,q,t7,0.000000,
3,5,q,t8,0.000000,
3,5,q,t9,0.000000,
3,5,q,t10,0.000000,
3,5,q,t11,-0.000127,
3,5,q,t12,0.000009,
3,5,q,t13,0.000007,
3,5,q,t14,0.000050,
3,5,q,t15,0.000025,
3,5,k,t0,0.000000,
3,5,k,t1,0.000000,
3,5,k,t2,0.000000,
3,5,k,t3,0.000000,
3,5,k,t4,0.000000,
3,5,k,t5,0.000000,
3,5,k,t6,0.000000,
3,5,k,t7,0.000000,
3,5,k,t8,0.000000,
3,5,k,t9,0.000000,
3,5,k,t10,0.000000,
3,5,k,t11,-0.000375,
3,5,k,t12,-0.000031,
3,5,k,t13,-0.000013,
3,5,k,t14,-0.000009,
3,5,k,t15,0.000007,
3,5,v,t0,0.000000,
3,5,v,t1,0.000000,
3,5,v,t2,0.000000,
3,5,v,t3,0.000000,
3,5,v,t4,0.000000,
3,5,v,t5,0.000000,
3,5,v,t6,0.000000,
3,5,v,t7,0.000000,
3,5,v,t8,0.000000,
3,5,v,t9,0.000000,
3,5,v,t10,0.000000,
3,5,v,t11,-0.001904,
3,5,v,t12,-0.000055,
3,5,v,t13,0.000013,
3,5,v,t14,-0.000072,
3,5,v,t15,-0.000018,
3,6,q,t0,0.000000,
3,6,q,t1,0.000000,
3,6,q,t2,0.000000,
3,6,q,t3,0.000000,
3,6,q,t4,0.000000,
3,6,q,t5,0.000000,
3,6,q,t6,0.000000,
3,6,q,t7,0.000000,
3,6,q,t8,0.000000,
3,6,q,t9,0.000000,
3,6,q,t10,0.000000,
3,6,q,t11,-0.000624,
3,6,q,t12,0.000003,
3,6,q,t13,-0.000051,
3,6,q,t14,-0.000016,
3,6,q,t15,-0.000027,
3,6,k,t0,0.000000,
3,6,k,t1,0.000000,
3,6,k,t2,0.000000,
3,6,k,t3,0.000000,
3,6,k,t4,0.000000,
3,6,k,t5,0.000000,
3,6,k,t6,0.000000,
3,6,k,t7,0.000000,
3,6,k,t8,0.000000,
3,6,k,t9,0.000000,
3,6,k,t10,0.000000,
3,6,k,t11,-0.000883,
3,6,k,t12,0.000010,
3,6,k,t13,-0.000081,
3,6,k,t14,0.000036,
3,6,k,t15,-0.000034,
3,6,v,t0,0.000000,
3,6,v,t1,0.000000,
3,6,v,t2,0.000000,
3,6,v,t3,0.000000,
3,6,v,t4,0.000000,
3,6,v,t5,0.000000,
3,6,v,t6,0.000000,
3,6,v,t7,0.000000,
3,6,v,t8,0.000000,
3,6,v,t9,0.000000,
3,6,v,t10,0.000000,
3,6,v,t11,0.004853,
3,6,v,t12,-0.000066,
3,6,v,t13,-0.000007,
3,6,v,t14,0.000030,
3,6,v,t15,0.000001,
3,7,q,t0,0.000000,
3,7,q,t1,0.000000,
3,7,q,t2,0.000000,
3,7,q,t3,0.000000,
3,7,q,t4,0.000000,
3,7,q,t5,0.000000,
3,7,q,t6,0.000000,
3,7,q,t7,0.000000,
3,7,q,t8,0.000000,
3,7,q,t9,0.000000,
3,7,q,t10,0.000000,
3,7,q,t11,0.003194,
3,7,q,t12,0.000004,
3,7,q,t13,0.000017,
3,7,q,t14,0.000001,
3,7,q,t15,0.000068,
3,7,k,t0,0.000000,
3,7,k,t1,0.000000,
3,7,k,t2,0.000000,
3,7,k,t3,0.000000,
3,7,k,t4,0.000000,
3,7,k,t5,0.000000,
3,7,k,t6,0.000000,
3,7,k,t7,0.000000,
3,7,k,t8,0.000000,
3,7,k,t9,0.000000,
3,7,k,t10,0.000000,
3,7,k,t11,0.003243,
3,7,k,t12,0.000148,
3,7,k,t13,0.000052,
3,7,k,t14,0.000021,
3,7,k,t15,0.000101,
3,7,v,t0,0.000000,
3,7,v,t1,0.000000,
3,7,v,t2,0.000000,
3,7,v,t3,0.000000,
3,7,v,t4,0.000000,
3,7,v,t5,0.000000,
3,7,v,t6,0.000000,
3,7,v,t7,0.000000,
3,7,v,t8,0.000000,
3,7,v,t9,0.000000,
3,7,v,t10,0.000000,
3,7,v,t11,-0.000358,
3,7,v,t12,0.000001,
3,7,v,t13,-0.000020,
3,7,v,t14,-0.000231,
3,7,v,t15,-0.000012,
3,8,q,t0,0.000000,
3,8,q,t1,0.000000,
3,8,q,t2,0.000000,
3,8,q,t3,0.000000,
3,8,q,t4,0.000000,
3,8,q,t5,0.000000,
3,8,q,t6,0.000000,
3,8,q,t7,0.000000,
3,8,q,t8,0.000000,
3,8,q,t9,0.000000,
3,8,q,t10,0.000000,
3,8,q,t11,0.000202,
3,8,q,t12,-0.000007,
3,8,q,t13,-0.000039,
3,8,q,t14,-0.000013,
3,8,q,t15,-0.000052,
3,8,k,t0,0.000000,
3,8,k,t1,0.000000,
3,8,k,t2,0.000000,
3,8,k,t3,0.000000,
3,8,k,t4,0.000000,
3,8,k,t5,0.000000,
3,8,k,t6,0.000000,
3,8,k,t7,0.000000,
3,8,k,t8,0.000000,
3,8,k,t9,0.000000,
3,8,k,t10,0.000000,
3,8,k,t11,0.000215,
3,8,k,t12,0.000376,
3,8,k,t13,-0.000070,
3,8,k,t14,-0.000004,
3,8,k,t15,0.000014,
3,8,v,t0,0.000000,
3,8,v,t1,0.000000,
3,8,v,t2,0.000000,
3,8,v,t3,0.000000,
3,8,v,t4,0.000000,
3,8,v,t5,0.000000,
3,8,v,t6,0.000000,
3,8,v,t7,0.000000,
3,8,v,t8,0.000000,
3,8,v,t9,0.000000,
3,8,v,t10,0.000000,
3,8,v,t11,-0.000129,
3,8,v,t12,-0.000102,
3,8,v,t13,0.000014,
3,8,v,t14,-0.000009,
3,8,v,t15,0.000006,
3,9,q,t0,0.000000,
3,9,q,t1,0.000000,
3,9,q,t2,0.000000,
3,9,q,t3,0.000000,
3,9,q,t4,0.000000,
3,9,q,t5,0.000000,
3,9,q,t6,0.000000,
3,9,q,t7,0.000000,
3,9,q,t8,0.000000,
3,9,q,t9,0.000000,
3,9,q,t10,0.000000,
3,9,q,t11,0.000090,
3,9,q,t12,-0.000002,
3,9,q,t13,0.000141,
3,9,q,t14,0.000087,
3,9,q,t15,0.000110,
3,9,k,t0,0.000000,
3,9,k,t1,0.000000,
3,9,k,t2,0.000000,
3,9,k,t3,0.000000,
3,9,k,t4,0.000000,
3,9,k,t5,0.000000,
3,9,k,t6,0.000000,
3,9,k,t7,0.000000,
3,9,k,t8,0.000000,
3,9,k,t9,0.000000,
3,9,k,t10,0.000000,
3,9,k,t11,0.000265,
3,9,k,t12,-0.000445,
3,9,k,t13,0.000103,
3,9,k,t14,0.000019,
3,9,k,t15,-0.000005,
3,9,v,t0,0.000000,
3,9,v,t1,0.000000,
3,9,v,t2,0.000000,
3,9,v,t3,0.000000,
3,9,v,t4,0.000000,
3,9,v,t5,0.000000,
3,9,v,t6,0.000000,
3,9,v,t7,0.000000,
3,9,v,t8,0.000000,
3,9,v,t9,0.000000,
3,9,v,t10,0.000000,
3,9,v,t11,-0.000158,
3,9,v,t12,0.000150,
3,9,v,t13,0.000054,
3,9,v,t14,-0.000011,
3,9,v,t15,0.000002,
3,10,q,t0,0.000000,
3,10,q,t1,0.000000,
3,10,q,t2,0.000000,
3,10,q,t3,0.000000,
3,10,q,t4,0.000000,
3,10,q,t5,0.000000,
3,10,q,t6,0.000000,
3,10,q,t7,0.000000,
3,10,q,t8,0.000000,
3,10,q,t9,0.000000,
3,10,q,t10,0.000000,
3,10,q,t11,-0.000203,
3,10,q,t12,-0.000024,
3,10,q,t13,0.000005,
3,10,q,t14,-0.000014,
3,10,q,t15,-0.000034,
3,10,k,t0,0.000000,
3,10,k,t1,0.000000,
3,10,k,t2,0.000000,
3,10,k,t3,0.000000,
3,10,k,t4,0.000000,
3,10,k,t5,0.000000,
3,10,k,t6,0.000000,
3,10,k,t7,0.000000,
3,10,k,t8,0.000000,
3,10,k,t9,0.000000,
3,10,k,t10,0.000000,
3,10,k,t11,-0.000874,
3,10,k,t12,-0.000018,
3,10,k,t13,0.000034,
3,10,k,t14,-0.000011,
3,10,k,t15,0.000028,
3,10,v,t0,0.000000,
3,10,v,t1,0.000000,
3,10,v,t2,0.000000,
3,10,v,t3,0.000000,
3,10,v,t4,0.000000,
3,10,v,t5,0.000000,
3,10,v,t6,0.000000,
3,10,v,t7,0.000000,
3,10,v,t8,0.000000,
3,10,v,t9,0.000000,
3,10,v,t10,0.000000,
3,10,v,t11,0.000780,
3,10,v,t12,-0.000048,
3,10,v,t13,0.000018,
3,10,v,t14,0.000049,
3,10,v,t15,0.000048,
3,11,q,t0,0.000000,
3,11,q,t1,0.000000,
3,11,q,t2,0.000000,
3,11,q,t3,0.000000,
3,11,q,t4,0.000000,
3,11,q,t5,0.000000,
3,11,q,t6,0.000000,
3,11,q,t7,0.000000,
3,11,q,t8,0.000000,
3,11,q,t9,0.000000,
3,11,q,t10,0.000000,
3,11,q,t11,-0.000596,
3,11,q,t12,0.000021,
3,11,q,t13,-0.000007,
3,11,q,t14,0.000008,
3,11,q,t15,-0.000074,
3,11,k,t0,0.000000,
3,11,k,t1,0.000000,
3,11,k,t2,0.000000,
3,11,k,t3,0.000000,
3,11,k,t4,0.000000,
3,11,k,t5,0.000000,
3,11,k,t6,0.000000,
3,11,k,t7,0.000000,
3,11,k,t8,0.000000,
3,11,k,t9,0.000000,
3,11,k,t10,0.000000,
3,11,k,t11,-0.000576,
3,11,k,t12,0.000116,
3,11,k,t13,0.000012,
3,11,k,t14,-0.000069,
3,11,k,t15,-0.000025,
3,11,v,t0,0.000000,
3,11,v,t1,0.000000,
3,11,v,t2,0.000000,
3,11,v,t3,0.000000,
3,11,v,t4,0.000000,
3,11,v,t5,0.000000,
3,11,v,t6,0.000000,
3,11,v,t7,0.000000,
3,11,v,t8,0.000000,
3,11,v,t9,0.000000,
3,11,v,t10,0.000000,
3,11,v,t11,-0.000235,
3,11,v,t12,-0.000007,
3,11,v,t13,0.000019,
3,11,v,t14,0.000001,
3,11,v,t15,0.000009,
4,0,q,t0,0.000000,
4,0,q,t1,0.000000,
4,0,q,t2,0.000000,
4,0,q,t3,0.000000,
4,0,q,t4,0.000000,
4,0,q,t5,0.000000,
4,0,q,t6,0.000000,
4,0,q,t7,0.000000,
4,0,q,t8,0.000000,
4,0,q,t9,0.000000,
4,0,q,t10,0.000000,
4,0,q,t11,-0.000073,
4,0,q,t12,-0.000001,
4,0,q,t13,-0.000014,
4,0,q,t14,0.000012,
4,0,q,t15,0.000053,
4,0,k,t0,0.000000,
4,0,k,t1,0.000000,
4,0,k,t2,0.000000,
4,0,k,t3,0.000000,
4,0,k,t4,0.000000,
4,0,k,t5,0.000000,
4,0,k,t6,0.000000,
4,0,k,t7,0.000000,
4,0,k,t8,0.000000,
4,0,k,t9,0.000000,
4,0,k,t10,0.000000,
4,0,k,t11,-0.000220,
4,0,k,t12,0.000126,
4,0,k,t13,-0.000039,
4,0,k,t14,-0.000005,
4,0,k,t15,0.000031,
4,0,v,t0,0.000000,
4,0,v,t1,0.000000,
4,0,v,t2,0.000000,
4,0,v,t3,0.000000,
4,0,v,t4,0.000000,
4,0,v,t5,0.000000,
4,0,v,t6,0.000000,
4,0,v,t7,0.000000,
4,0,v,t8,0.000000,
4,0,v,t9,0.000000,
4,0,v,t10,0.000000,
4,0,v,t11,-0.000034,
4,0,v,t12,0.000557,
4,0,v,t13,0.000062,
4,0,v,t14,-0.000003,
4,0,v,t15,0.000002,
4,1,q,t0,0.000000,
4,1,q,t1,0.000000,
4,1,q,t2,0.000000,
4,1,q,t3,0.000000,
4,1,q,t4,0.000000,
4,1,q,t5,0.000000,
4,1,q,t6,0.000000,
4,1,q,t7,0.000000,
4,1,q,t8,0.000000,
4,1,q,t9,0.000000,
4,1,q,t10,0.000000,
4,1,q,t11,0.000306,
4,1,q,t12,0.000022,
4,1,q,t13,-0.000002,
4,1,q,t14,0.000019,
4,1,q,t15,-0.000007,
4,1,k,t0,0.000000,
4,1,k,t1,0.000000,
4,1,k,t2,0.000000,
4,1,k,t3,0.000000,
4,1,k,t4,0.000000,
4,1,k,t5,0.000000,
4,1,k,t6,0.000000,
4,1,k,t7,0.000000,
4,1,k,t8,0.000000,
4,1,k,t9,0.000000,
4,1,k,t10,0.000000,
4,1,k,t11,-0.000020,
4,1,k,t12,-0.000005,
4,1,k,t13,-0.000014,
4,1,k,t14,-0.000093,
4,1,k,t15,-0.000012,
4,1,v,t0,0.000000,
4,1,v,t1,0.000000,
4,1,v,t2,0.000000,
4,1,v,t3,0.000000,
4,1,v,t4,0.000000,
4,1,v,t5,0.000000,
4,1,v,t6,0.000000,
4,1,v,t7,0.000000,
4,1,v,t8,0.000000,
4,1,v,t9,0.000000,
4,1,v,t10,0.000000,
4,1,v,t11,0.000186,
4,1,v,t12,0.000038,
4,1,v,t13,0.000002,
4,1,v,t14,-0.000009,
4,1,v,t15,0.000006,
4,2,q,t0,0.000000,
4,2,q,t1,0.000000,
4,2,q,t2,0.000000,
4,2,q,t3,0.000000,
4,2,q,t4,0.000000,
4,2,q,t5,0.000000,
4,2,q,t6,0.000000,
4,2,q,t7,0.000000,
4,2,q,t8,0.000000,
4,2,q,t9,0.000000,
4,2,q,t10,0.000000,
4,2,q,t11,-0.000107,
4,2,q,t12,-0.000019,
4,2,q,t13,0.000007,
4,2,q,t14,-0.000018,
4,2,q,t15,-0.000010,
4,2,k,t0,0.000000,
4,2,k,t1,0.000000,
4,2,k,t2,0.000000,
4,2,k,t3,0.000000,
4,2,k,t4,0.000000,
4,2,k,t5,0.000000,
4,2,k,t6,0.000000,
4,2,k,t7,0.000000,
4,2,k,t8,0.000000,
4,2,k,t9,0.000000,
4,2,k,t10,0.000000,
4,2,k,t11,-0.000170,
4,2,k,t12,-0.000008,
4,2,k,t13,-0.000004,
4,2,k,t14,-0.000006,
4,2,k,t15,0.000001,
4,2,v,t0,0.000000,
4,2,v,t1,0.000000,
4,2,v,t2,0.000000,
4,2,v,t3,0.000000,
4,2,v,t4,0.000000,
4,2,v,t5,0.000000,
4,2,v,t6,0.000000,
4,2,v,t7,0.000000,
4,2,v,t8,0.000000,
4,2,v,t9,0.000000,
4,2,v,t10,0.000000,
4,2,v,t11,0.000160,
4,2,v,t12,0.000003,
4,2,v,t13,-0.000007,
4,2,v,t14,0.000008,
4,2,v,t15,-0.000001,
4,3,q,t0,0.000000,
4,3,q,t1,0.000000,
4,3,q,t2,0.000000,
4,3,q,t3,0.000000,
4,3,q,t4,0.000000,
4,3,q,t5,0.000000,
4,3,q,t6,0.000000,
4,3,q,t7,0.000000,
4,3,q,t8,0.000000,
4,3,q,t9,0.000000,
4,3,q,t10,0.000000,
4,3,q,t11,0.000041,
4,3,q,t12,0.000054,
4,3,q,t13,-0.000015,
4,3,q,t14,-0.000025,
4,3,q,t15,0.000037,
4,3,k,t0,0.000000,
4,3,k,t1,0.000000,
4,3,k,t2,0.000000,
4,3,k,t3,0.000000,
4,3,k,t4,0.000000,
4,3,k,t5,0.000000,
4,3,k,t6,0.000000,
4,3,k,t7,0.000000,
4,3,k,t8,0.000000,
4,3,k,t9,0.000000,
4,3,k,t10,0.000000,
4,3,k,t11,0.001239,
4,3,k,t12,-0.000013,
4,3,k,t13,-0.000006,
4,3,k,t14,0.000051,
4,3,k,t15,0.000001,
4,3,v,t0,0.000000,
4,3,v,t1,0.000000,
4,3,v,t2,0.000000,
4,3,v,t3,0.000000,
4,3,v,t4,0.000000,
4,3,v,t5,0.000000,
4,3,v,t6,0.000000,
4,3,v,t7,0.000000,
4,3,v,t8,0.000000,
4,3,v,t9,0.000000,
4,3,v,t10,0.000000,
4,3,v,t11,0.013316,
4,3,v,t12,-0.000078,
4,3,v,t13,0.000004,
4,3,v,t14,0.000067,
4,3,v,t15,-0.000003,
4,4,q,t0,0.000000,
4,4,q,t1,0.000000,
4,4,q,t2,0.000000,
4,4,q,t3,0.000000,
4,4,q,t4,0.000000,
4,4,q,t5,0.000000,
4,4,q,t6,0.000000,
4,4,q,t7,0.000000,
4,4,q,t8,0.000000,
4,4,q,t9,0.000000,
4,4,q,t10,0.000000,
4,4,q,t11,0.002608,
4,4,q,t12,-0.000001,
4,4,q,t13,0.000022,
4,4,q,t14,0.000010,
4,4,q,t15,-0.000004,
4,4,k,t0,0.000000,
4,4,k,t1,0.000000,
4,4,k,t2,0.000000,
4,4,k,t3,0.000000,
4,4,k,t4,0.000000,
4,4,k,t5,0.000000,
4,4,k,t6,0.000000,
4,4,k,t7,0.000000,
4,4,k,t8,0.000000,
4,4,k,t9,0.000000,
4,4,k,t10,0.000000,
4,4,k,t11,0.001935,
4,4,k,t12,0.000022,
4,4,k,t13,-0.000035,
4,4,k,t14,-0.000030,
4,4,k,t15,0.000007,
4,4,v,t0,0.000000,
4,4,v,t1,0.000000,
4,4,v,t2,0.000000,
4,4,v,t3,0.000000,
4,4,v,t4,0.000000,
4,4,v,t5,0.000000,
4,4,v,t6,0.000000,
4,4,v,t7,0.000000,
4,4,v,t8,0.000000,
4,4,v,t9,0.000000,
4,4,v,t10,0.000000,
4,4,v,t11,0.000178,
4,4,v,t12,-0.000004,
4,4,v,t13,0.000003,
4,4,v,t14,0.000004,
4,4,v,t15,0.000010,
4,5,q,t0,0.000000,
4,5,q,t1,0.000000,
4,5,q,t2,0.000000,
4,5,q,t3,0.000000,
4,5,q,t4,0.000000,
4,5,q,t5,0.000000,
4,5,q,t6,0.000000,
4,5,q,t7,0.000000,
4,5,q,t8,0.000000,
4,5,q,t9,0.000000,
4,5,q,t10,0.000000,
4,5,q,t11,0.000254,
4,5,q,t12,-0.000009,
4,5,q,t13,-0.000010,
4,5,q,t14,0.000016,
4,5,q,t15,-0.000024,
4,5,k,t0,0.000000,
4,5,k,t1,0.000000,
4,5,k,t2,0.000000,
4,5,k,t3,0.000000,
4,5,k,t4,0.000000,
4,5,k,t5,0.000000,
4,5,k,t6,0.000000,
4,5,k,t7,0.000000,
4,5,k,t8,0.000000,
4,5,k,t9,0.000000,
4,5,k,t10,0.000000,
4,5,k,t11,0.000135,
4,5,k,t12,-0.000025,
4,5,k,t13,-0.000022,
4,5,k,t14,0.000075,
4,5,k,t15,-0.000004,
4,5,v,t0,0.000000,
4,5,v,t1,0.000000,
4,5,v,t2,0.000000,
4,5,v,t3,0.000000,
4,5,v,t4,0.000000,
4,5,v,t5,0.000000,
4,5,v,t6,0.000000,
4,5,v,t7,0.000000,
4,5,v,t8,0.000000,
4,5,v,t9,0.000000,
4,5,v,t10,0.000000,
4,5,v,t11,-0.000090,
4,5,v,t12,-0.000171,
4,5,v,t13,-0.000003,
4,5,v,t14,0.000021,
4,5,v,t15,0.000002,
4,6,q,t0,0.000000,
4,6,q,t1,0.000000,
4,6,q,t2,0.000000,
4,6,q,t3,0.000000,
4,6,q,t4,0.000000,
4,6,q,t5,0.000000,
4,6,q,t6,0.000000,
4,6,q,t7,0.000000,
4,6,q,t8,0.000000,
4,6,q,t9,0.000000,
4,6,q,t10,0.000000,
4,6,q,t11,-0.005980,
4,6,q,t12,0.000103,
4,6,q,t13,-0.000003,
4,6,q,t14,-0.000005,
4,6,q,t15,-0.000023,
4,6,k,t0,0.000000,
4,6,k,t1,0.000000,
4,6,k,t2,0.000000,
4,6,k,t3,0.000000,
4,6,k,t4,0.000000,
4,6,k,t5,0.000000,
4,6,k,t6,0.000000,
4,6,k,t7,0.000000,
4,6,k,t8,0.000000,
4,6,k,t9,0.000000,
4,6,k,t10,0.000000,
4,6,k,t11,-0.006038,
4,6,k,t12,-0.000058,
4,6,k,t13,-0.000018,
4,6,k,t14,0.000143,
4,6,k,t15,-0.000006,
4,6,v,t0,0.000000,
4,6,v,t1,0.000000,
4,6,v,t2,0.000000,
4,6,v,t3,0.000000,
4,6,v,t4,0.000000,
4,6,v,t5,0.000000,
4,6,v,t6,0.000000,
4,6,v,t7,0.000000,
4,6,v,t8,0.000000,
4,6,v,t9,0.000000,
4,6,v,t10,0.000000,
4,6,v,t11,-0.001176,
4,6,v,t12,-0.000037,
4,6,v,t13,0.000003,
4,6,v,t14,-0.000031,
4,6,v,t15,-0.000001,
4,7,q,t0,0.000000,
4,7,q,t1,0.000000,
4,7,q,t2,0.000000,
4,7,q,t3,0.000000,
4,7,q,t4,0.000000,
4,7,q,t5,0.000000,
4,7,q,t6,0.000000,
4,7,q,t7,0.000000,
4,7,q,t8,0.000000,
4,7,q,t9,0.000000,
4,7,q,t10,0.000000,
4,7,q,t11,0.000628,
4,7,q,t12,-0.000249,
4,7,q,t13,0.000009,
4,7,q,t14,-0.000038,
4,7,q,t15,-0.000088,
4,7,k,t0,0.000000,
4,7,k,t1,0.000000,
4,7,k,t2,0.000000,
4,7,k,t3,0.000000,
4,7,k,t4,0.000000,
4,7,k,t5,0.000000,
4,7,k,t6,0.000000,
4,7,k,t7,0.000000,
4,7,k,t8,0.000000,
4,7,k,t9,0.000000,
4,7,k,t10,0.000000,
4,7,k,t11,0.000036,
4,7,k,t12,-0.000320,
4,7,k,t13,0.000010,
4,7,k,t14,0.000002,
4,7,k,t15,-0.000015,
4,7,v,t0,0.000000,
4,7,v,t1,0.000000,
4,7,v,t2,0.000000,
4,7,v,t3,0.000000,
4,7,v,t4,0.000000,
4,7,v,t5,0.000000,
4,7,v,t6,0.000000,
4,7,v,t7,0.000000,
4,7,v,t8,0.000000,
4,7,v,t9,0.000000,
4,7,v,t10,0.000000,
4,7,v,t11,-0.000653,
4,7,v,t12,-0.000697,
4,7,v,t13,-0.000362,
4,7,v,t14,-0.000211,
4,7,v,t15,-0.000290,
4,8,q,t0,0.000000,
4,8,q,t1,0.000000,
4,8,q,t2,0.000000,
4,8,q,t3,0.000000,
4,8,q,t4,0.000000,
4,8,q,t5,0.000000,
4,8,q,t6,0.000000,
4,8,q,t7,0.000000,
4,8,q,t8,0.000000,
4,8,q,t9,0.000000,
4,8,q,t10,0.000000,
4,8,q,t11,0.000912,
4,8,q,t12,-0.000095,
4,8,q,t13,0.000013,
4,8,q,t14,-0.000019,
4,8,q,t15,-0.000063,
4,8,k,t0,0.000000,
4,8,k,t1,0.000000,
4,8,k,t2,0.000000,
4,8,k,t3,0.000000,
4,8,k,t4,0.000000,
4,8,k,t5,0.000000,
4,8,k,t6,0.000000,
4,8,k,t7,0.000000,
4,8,k,t8,0.000000,
4,8,k,t9,0.000000,
4,8,k,t10,0.000000,
4,8,k,t11,0.002148,
4,8,k,t12,-0.000009,
4,8,k,t13,0.000001,
4,8,k,t14,0.000006,
4,8,k,t15,0.000005,
4,8,v,t0,0.000000,
4,8,v,t1,0.000000,
4,8,v,t2,0.000000,
4,8,v,t3,0.000000,
4,8,v,t4,0.000000,
4,8,v,t5,0.000000,
4,8,v,t6,0.000000,
4,8,v,t7,0.000000,
4,8,v,t8,0.000000,
4,8,v,t9,0.000000,
4,8,v,t10,0.000000,
4,8,v,t11,-0.000187,
4,8,v,t12,-0.000020,
4,8,v,t13,-0.000006,
4,8,v,t14,-0.000009,
4,8,v,t15,-0.000008,
4,9,q,t0,0.000000,
4,9,q,t1,0.000000,
4,9,q,t2,0.000000,
4,9,q,t3,0.000000,
4,9,q,t4,0.000000,
4,9,q,t5,0.000000,
4,9,q,t6,0.000000,
4,9,q,t7,0.000000,
4,9,q,t8,0.000000,
4,9,q,t9,0.000000,
4,9,q,t10,0.000000,
4,9,q,t11,-0.000050,
4,9,q,t12,-0.000006,
4,9,q,t13,0.000004,
4,9,q,t14,0.000014,
4,9,q,t15,0.000006,
4,9,k,t0,0.000000,
4,9,k,t1,0.000000,
4,9,k,t2,0.000000,
4,9,k,t3,0.000000,
4,9,k,t4,0.000000,
4,9,k,t5,0.000000,
4,9,k,t6,0.000000,
4,9,k,t7,0.000000,
4,9,k,t8,0.000000,
4,9,k,t9,0.000000,
4,9,k,t10,0.000000,
4,9,k,t11,-0.000044,
4,9,k,t12,-0.000049,
4,9,k,t13,0.000001,
4,9,k,t14,0.000041,
4,9,k,t15,0.000000,
4,9,v,t0,0.000000,
4,9,v,t1,0.000000,
4,9,v,t2,0.000000,
4,9,v,t3,0.000000,
4,9,v,t4,0.000000,
4,9,v,t5,0.000000,
4,9,v,t6,0.000000,
4,9,v,t7,0.000000,
4,9,v,t8,0.000000,
4,9,v,t9,0.000000,
4,9,v,t10,0.000000,
4,9,v,t11,-0.000300,
4,9,v,t12,-0.000477,
4,9,v,t13,-0.000020,
4,9,v,t14,-0.000070,
4,9,v,t15,-0.000016,
4,10,q,t0,0.000000,
4,10,q,t1,0.000000,
4,10,q,t2,0.000000,
4,10,q,t3,0.000000,
4,10,q,t4,0.000000,
4,10,q,t5,0.000000,
4,10,q,t6,0.000000,
4,10,q,t7,0.000000,
4,10,q,t8,0.000000,
4,10,q,t9,0.000000,
4,10,q,t10,0.000000,
4,10,q,t11,-0.000006,
4,10,q,t12,-0.000022,
4,10,q,t13,-0.000016,
4,10,q,t14,-0.000002,
4,10,q,t15,-0.000046,
4,10,k,t0,0.000000,
4,10,k,t1,0.000000,
4,10,k,t2,0.000000,
4,10,k,t3,0.000000,
4,10,k,t4,0.000000,
4,10,k,t5,0.000000,
4,10,k,t6,0.000000,
4,10,k,t7,0.000000,
4,10,k,t8,0.000000,
4,10,k,t9,0.000000,
4,10,k,t10,0.000000,
4,10,k,t11,0.000237,
4,10,k,t12,-0.000011,
4,10,k,t13,0.000005,
4,10,k,t14,0.000014,
4,10,k,t15,-0.000005,
4,10,v,t0,0.000000,
4,10,v,t1,0.000000,
4,10,v,t2,0.000000,
4,10,v,t3,0.000000,
4,10,v,t4,0.000000,
4,10,v,t5,0.000000,
4,10,v,t6,0.000000,
4,10,v,t7,0.000000,
4,10,v,t8,0.000000,
4,10,v,t9,0.000000,
4,10,v,t10,0.000000,
4,10,v,t11,0.000273,
4,10,v,t12,-0.000009,
4,10,v,t13,-0.000004,
4,10,v,t14,-0.000010,
4,10,v,t15,0.000002,
4,11,q,t0,0.000000,previous token
4,11,q,t1,0.000000,previous token
4,11,q,t2,0.000000,previous token
4,11,q,t3,0.000000,previous token
4,11,q,t4,0.000000,previous token
4,11,q,t5,0.000000,previous token
4,11,q,t6,0.000000,previous token
4,11,q,t7,0.000000,previous token
4,11,q,t8,0.000000,previous token
4,11,q,t9,0.000000,previous token
4,11,q,t10,0.000000,previous token
4,11,q,t11,0.000020,previous token
4,11,q,t12,-0.000000,previous token
4,11,q,t13,0.000000,previous token
4,11,q,t14,0.000000,previous token
4,11,q,t15,-0.000000,previous token
4,11,k,t0,0.000000,previous token
4,11,k,t1,0.000000,previous token
4,11,k,t2,0.000000,previous token
4,11,k,t3,0.000000,previous token
4,11,k,t4,0.000000,previous token
4,11,k,t5,0.000000,previous token
4,11,k,t6,0.000000,previous token
4,11,k,t7,0.000000,previous token
4,11,k,t8,0.000000,previous token
4,11,k,t9,0.000000,previous token
4,11,k,t10,0.000000,previous token
4,11,k,t11,0.000103,previous token
4,11,k,t12,0.000001,previous token
4,11,k,t13,0.000000,previous token
4,11,k,t14,-0.000000,previous token
4,11,k,t15,-0.000000,previous token
4,11,v,t0,0.000000,previous token
4,11,v,t1,0.000000,previous token
4,11,v,t2,0.000000,previous token
4,11,v,t3,0.000000,previous token
4,11,v,t4,0.000000,previous token
4,11,v,t5,0.000000,previous token
4,11,v,t6,0.000000,previous token
4,11,v,t7,0.000000,previous token
4,11,v,t8,0.000000,previous token
4,11,v,t9,0.000000,previous token
4,11,v,t10,0.000000,previous token
4,11,v,t11,-0.001157,previous token
4,11,v,t12,0.000253,previous token
4,11,v,t13,0.000203,previous token
4,11,v,t14,0.000257,previous token
4,11,v,t15,0.000000,previous token
5,0,q,t0,0.000000,
5,0,q,t1,0.000000,
5,0,q,t2,0.000000,
5,0,q,t3,0.000000,
5,0,q,t4,0.000000,
5,0,q,t5,0.000000,
5,0,q,t6,0.000000,
5,0,q,t7,0.000000,
5,0,q,t8,0.000000,
5,0,q,t9,0.000000,
5,0,q,t10,0.000000,
5,0,q,t11,0.000383,
5,0,q,t12,0.000098,
5,0,q,t13,0.000011,
5,0,q,t14,-0.000011,
5,0,q,t15,-0.000038,
5,0,k,t0,0.000000,
5,0,k,t1,0.000000,
5,0,k,t2,0.000000,
5,0,k,t3,0.000000,
5,0,k,t4,0.000000,
5,0,k,t5,0.000000,
5,0,k,t6,0.000000,
5,0,k,t7,0.000000,
5,0,k,t8,0.000000,
5,0,k,t9,0.000000,
5,0,k,t10,0.000000,
5,0,k,t11,-0.000180,
5,0,k,t12,-0.000004,
5,0,k,t13,0.000006,
5,0,k,t14,0.000000,
5,0,k,t15,-0.000017,
5,0,v,t0,0.000000,
5,0,v,t1,0.000000,
5,0,v,t2,0.000000,
5,0,v,t3,0.000000,
5,0,v,t4,0.000000,
5,0,v,t5,0.000000,
5,0,v,t6,0.000000,
5,0,v,t7,0.000000,
5,0,v,t8,0.000000,
5,0,v,t9,0.000000,
5,0,v,t10,0.000000,
5,0,v,t11,-0.000053,
5,0,v,t12,0.000012,
5,0,v,t13,0.000005,
5,0,v,t14,0.000002,
5,0,v,t15,-0.000011,
5,1,q,t0,0.000000,
5,1,q,t1,0.000000,
5,1,q,t2,0.000000,
5,1,q,t3,0.000000,
5,1,q,t4,0.000000,
5,1,q,t5,0.000000,
5,1,q,t6,0.000000,
5,1,q,t7,0.000000,
5,1,q,t8,0.000000,
5,1,q,t9,0.000000,
5,1,q,t10,0.000000,
5,1,q,t11,0.003699,
5,1,q,t12,-0.000005,
5,1,q,t13,-0.000001,
5,1,q,t14,0.000001,
5,1,q,t15,0.000000,
5,1,k,t0,0.000000,
5,1,k,t1,0.000000,
5,1,k,t2,0.000000,
5,1,k,t3,0.000000,
5,1,k,t4,0.000000,
5,1,k,t5,0.000000,
5,1,k,t6,0.000000,
5,1,k,t7,0.000000,
5,1,k,t8,0.000000,
5,1,k,t9,0.000000,
5,1,k,t10,0.000000,
5,1,k,t11,0.000000,
5,1,k,t12,0.000009,
5,1,k,t13,-0.000000,
5,1,k,t14,0.000002,
5,1,k,t15,-0.000000,
5,1,v,t0,0.000000,
5,1,v,t1,0.000000,
5,1,v,t2,0.000000,
5,1,v,t3,0.000000,
5,1,v,t4,0.000000,
5,1,v,t5,0.000000,
5,1,v,t6,0.000000,
5,1,v,t7,0.000000,
5,1,v,t8,0.000000,
5,1,v,t9,0.000000,
5,1,v,t10,0.000000,
5,1,v,t11,0.000002,
5,1,v,t12,0.000000,
5,1,v,t13,0.000000,
5,1,v,t14,-0.000001,
5,1,v,t15,-0.000000,
5,2,q,t0,0.000000,
5,2,q,t1,0.000000,
5,2,q,t2,0.000000,
5,2,q,t3,0.000000,
5,2,q,t4,0.000000,
5,2,q,t5,0.000000,
5,2,q,t6,0.000000,
5,2,q,t7,0.000000,
5,2,q,t8,0.000000,
5,2,q,t9,0.000000,
5,2,q,t10,0.000000,
5,2,q,t11,0.000028,
5,2,q,t12,-0.000110,
5,2,q,t13,-0.000017,
5,2,q,t14,0.000063,
5,2,q,t15,-0.000052,
5,2,k,t0,0.000000,
5,2,k,t1,0.000000,
5,2,k,t2,0.000000,
5,2,k,t3,0.000000,
5,2,k,t4,0.000000,
5,2,k,t5,0.000000,
5,2,k,t6,0.000000,
5,2,k,t7,0.000000,
5,2,k,t8,0.000000,
5,2,k,t9,0.000000,
5,2,k,t10,0.000000,
5,2,k,t11,-0.000200,
5,2,k,t12,-0.000322,
5,2,k,t13,0.000026,
5,2,k,t14,-0.000071,
5,2,k,t15,0.000010,
5,2,v,t0,0.000000,
5,2,v,t1,0.000000,
5,2,v,t2,0.000000,
5,2,v,t3,0.000000,
5,2,v,t4,0.000000,
5,2,v,t5,0.000000,
5,2,v,t6,0.000000,
5,2,v,t7,0.000000,
5,2,v,t8,0.000000,
5,2,v,t9,0.000000,
5,2,v,t10,0.000000,
5,2,v,t11,-0.000335,
5,2,v,t12,0.000238,
5,2,v,t13,0.000120,
5,2,v,t14,0.000377,
5,2,v,t15,0.000001,
5,3,q,t0,0.000000,
5,3,q,t1,0.000000,
5,3,q,t2,0.000000,
5,3,q,t3,0.000000,
5,3,q,t4,0.000000,
5,3,q,t5,0.000000,
5,3,q,t6,0.000000,
5,3,q,t7,0.000000,
5,3,q,t8,0.000000,
5,3,q,t9,0.000000,
5,3,q,t10,0.000000,
5,3,q,t11,-0.001335,
5,3,q,t12,0.000380,
5,3,q,t13,0.000019,
5,3,q,t14,0.000051,
5,3,q,t15,0.000195,
5,3,k,t0,0.000000,
5,3,k,t1,0.000000,
5,3,k,t2,0.000000,
5,3,k,t3,0.000000,
5,3,k,t4,0.000000,
5,3,k,t5,0.000000,
5,3,k,t6,0.000000,
5,3,k,t7,0.000000,
5,3,k,t8,0.000000,
5,3,k,t9,0.000000,
5,3,k,t10,0.000000,
5,3,k,t11,-0.001115,
5,3,k,t12,0.000007,
5,3,k,t13,0.000017,
5,3,k,t14,0.000001,
5,3,k,t15,0.000017,
5,3,v,t0,0.000000,
5,3,v,t1,0.000000,
5,3,v,t2,0.000000,
5,3,v,t3,0.000000,
5,3,v,t4,0.000000,
5,3,v,t5,0.000000,
5,3,v,t6,0.000000,
5,3,v,t7,0.000000,
5,3,v,t8,0.000000,
5,3,v,t9,0.000000,
5,3,v,t10,0.000000,
5,3,v,t11,-0.000504,
5,3,v,t12,-0.000263,
5,3,v,t13,-0.000037,
5,3,v,t14,-0.000010,
5,3,v,t15,0.000009,
5,4,q,t0,0.000000,
5,4,q,t1,0.000000,
5,4,q,t2,0.000000,
5,4,q,t3,0.000000,
5,4,q,t4,0.000000,
5,4,q,t5,0.000000,
5,4,q,t6,0.000000,
5,4,q,t7,0.000000,
5,4,q,t8,0.000000,
5,4,q,t9,0.000000,
5,4,q,t10,0.000000,
5,4,q,t11,0.001673,
5,4,q,t12,0.000106,
5,4,q,t13,0.000006,
5,4,q,t14,-0.000001,
5,4,q,t15,-0.000023,
5,4,k,t0,0.000000,
5,4,k,t1,0.000000,
5,4,k,t2,0.000000,
5,4,k,t3,0.000000,
5,4,k,t4,0.000000,
5,4,k,t5,0.000000,
5,4,k,t6,0.000000,
5,4,k,t7,0.000000,
5,4,k,t8,0.000000,
5,4,k,t9,0.000000,
5,4,k,t10,0.000000,
5,4,k,t11,-0.000036,
5,4,k,t12,0.000047,
5,4,k,t13,0.000038,
5,4,k,t14,0.000086,
5,4,k,t15,-0.000011,
5,4,v,t0,0.000000,
5,4,v,t1,0.000000,
5,4,v,t2,0.000000,
5,4,v,t3,0.000000,
5,4,v,t4,0.000000,
5,4,v,t5,0.000000,
5,4,v,t6,0.000000,
5,4,v,t7,0.000000,
5,4,v,t8,0.000000,
5,4,v,t9,0.000000,
5,4,v,t10,0.000000,
5,4,v,t11,0.000069,
5,4,v,t12,-0.000913,
5,4,v,t13,-0.000179,
5,4,v,t14,-0.000020,
5,4,v,t15,0.000019,
5,5,q,t0,0.000000,induction
5,5,q,t1,0.000000,induction
5,5,q,t2,0.000000,induction
5,5,q,t3,0.000000,induction
5,5,q,t4,0.000000,induction
5,5,q,t5,0.000000,induction
5,5,q,t6,0.000000,induction
5,5,q,t7,0.000000,induction
5,5,q,t8,0.000000,induction
5,5,q,t9,0.000000,induction
5,5,q,t10,0.000000,induction
5,5,q,t11,0.224403,induction
5,5,q,t12,-0.000156,induction
5,5,q,t13,0.000002,induction
5,5,q,t14,0.000010,induction
5,5,q,t15,-0.000119,induction
5,5,k,t0,0.000000,induction
5,5,k,t1,0.000000,induction
5,5,k,t2,0.000000,induction
5,5,k,t3,0.000000,induction
5,5,k,t4,0.000000,induction
5,5,k,t5,0.000000,induction
5,5,k,t6,0.000000,induction
5,5,k,t7,0.000000,induction
5,5,k,t8,0.000000,induction
5,5,k,t9,0.000000,induction
5,5,k,t10,0.000000,induction
5,5,k,t11,0.000317,induction
5,5,k,t12,0.000200,induction
5,5,k,t13,0.000027,induction
5,5,k,t14,0.000014,induction
5,5,k,t15,0.000020,induction
5,5,v,t0,0.000000,induction
5,5,v,t1,0.000000,induction
5,5,v,t2,0.000000,induction
5,5,v,t3,0.000000,induction
5,5,v,t4,0.000000,induction
5,5,v,t5,0.000000,induction
5,5,v,t6,0.000000,induction
5,5,v,t7,0.000000,induction
5,5,v,t8,0.000000,induction
5,5,v,t9,0.000000,induction
5,5,v,t10,0.000000,induction
5,5,v,t11,-0.000138,induction
5,5,v,t12,0.000080,induction
5,5,v,t13,-0.000009,induction
5,5,v,t14,-0.000029,induction
5,5,v,t15,-0.000035,induction
5,6,q,t0,0.000000,
5,6,q,t1,0.000000,
5,6,q,t2,0.000000,
5,6,q,t3,0.000000,
5,6,q,t4,0.000000,
5,6,q,t5,0.000000,
5,6,q,t6,0.000000,
5,6,q,t7,0.000000,
5,6,q,t8,0.000000,
5,6,q,t9,0.000000,
5,6,q,t10,0.000000,
5,6,q,t11,-0.000201,
5,6,q,t12,0.000269,
5,6,q,t13,0.000255,
5,6,q,t14,0.000026,
5,6,q,t15,0.000079,
5,6,k,t0,0.000000,
5,6,k,t1,0.000000,
5,6,k,t2,0.000000,
5,6,k,t3,0.000000,
5,6,k,t4,0.000000,
5,6,k,t5,0.000000,
5,6,k,t6,0.000000,
5,6,k,t7,0.000000,
5,6,k,t8,0.000000,
5,6,k,t9,0.000000,
5,6,k,t10,0.000000,
5,6,k,t11,0.000144,
5,6,k,t12,0.000361,
5,6,k,t13,-0.000026,
5,6,k,t14,-0.000171,
5,6,k,t15,0.000002,
5,6,v,t0,0.000000,
5,6,v,t1,0.000000,
5,6,v,t2,0.000000,
5,6,v,t3,0.000000,
5,6,v,t4,0.000000,
5,6,v,t5,0.000000,
5,6,v,t6,0.000000,
5,6,v,t7,0.000000,
5,6,v,t8,0.000000,
5,6,v,t9,0.000000,
5,6,v,t10,0.000000,
5,6,v,t11,0.000092,
5,6,v,t12,-0.000061,
5,6,v,t13,0.000015,
5,6,v,t14,-0.000025,
5,6,v,t15,0.000001,
5,7,q,t0,0.000000,
5,7,q,t1,0.000000,
5,7,q,t2,0.000000,
5,7,q,t3,0.000000,
5,7,q,t4,0.000000,
5,7,q,t5,0.000000,
5,7,q,t6,0.000000,
5,7,q,t7,0.000000,
5,7,q,t8,0.000000,
5,7,q,t9,0.000000,
5,7,q,t10,0.000000,
5,7,q,t11,0.000054,
5,7,q,t12,-0.000012,
5,7,q,t13,-0.000001,
5,7,q,t14,0.000002,
5,7,q,t15,-0.000150,
5,7,k,t0,0.000000,
5,7,k,t1,0.000000,
5,7,k,t2,0.000000,
5,7,k,t3,0.000000,
5,7,k,t4,0.000000,
5,7,k,t5,0.000000,
5,7,k,t6,0.000000,
5,7,k,t7,0.000000,
5,7,k,t8,0.000000,
5,7,k,t9,0.000000,
5,7,k,t10,0.000000,
5,7,k,t11,0.000019,
5,7,k,t12,-0.000898,
5,7,k,t13,0.000035,
5,7,k,t14,-0.000413,
5,7,k,t15,0.000034,
5,7,v,t0,0.000000,
5,7,v,t1,0.000000,
5,7,v,t2,0.000000,
5,7,v,t3,0.000000,
5,7,v,t4,0.000000,
5,7,v,t5,0.000000,
5,7,v,t6,0.000000,
5,7,v,t7,0.000000,
5,7,v,t8,0.000000,
5,7,v,t9,0.000000,
5,7,v,t10,0.000000,
5,7,v,t11,-0.000033,
5,7,v,t12,-0.000626,
5,7,v,t13,-0.000048,
5,7,v,t14,-0.000187,
5,7,v,t15,-0.000009,
5,8,q,t0,0.000000,induction
5,8,q,t1,0.000000,induction
5,8,q,t2,0.000000,induction
5,8,q,t3,0.000000,induction
5,8,q,t4,0.000000,induction
5,8,q,t5,0.000000,induction
5,8,q,t6,0.000000,induction
5,8,q,t7,0.000000,induction
5,8,q,t8,0.000000,induction
5,8,q,t9,0.000000,induction
5,8,q,t10,0.000000,induction
5,8,q,t11,-0.017956,induction
5,8,q,t12,-0.000259,induction
5,8,q,t13,-0.000019,induction
5,8,q,t14,-0.000005,induction
5,8,q,t15,-0.000012,induction
5,8,k,t0,0.000000,induction
5,8,k,t1,0.000000,induction
5,8,k,t2,0.000000,induction
5,8,k,t3,0.000000,induction
5,8,k,t4,0.000000,induction
5,8,k,t5,0.000000,induction
5,8,k,t6,0.000000,induction
5,8,k,t7,0.000000,induction
5,8,k,t8,0.000000,induction
5,8,k,t9,0.000000,induction
5,8,k,t10,0.000000,induction
5,8,k,t11,0.000189,induction
5,8,k,t12,0.000020,induction
5,8,k,t13,-0.000012,induction
5,8,k,t14,-0.000019,induction
5,8,k,t15,-0.000011,induction
5,8,v,t0,0.000000,induction
5,8,v,t1,0.000000,induction
5,8,v,t2,0.000000,induction
5,8,v,t3,0.000000,induction
5,8,v,t4,0.000000,induction
5,8,v,t5,0.000000,induction
5,8,v,t6,0.000000,induction
5,8,v,t7,0.000000,induction
5,8,v,t8,0.000000,induction
5,8,v,t9,0.000000,induction
5,8,v,t10,0.000000,induction
5,8,v,t11,0.000183,induction
5,8,v,t12,0.000122,induction
5,8,v,t13,0.000059,induction
5,8,v,t14,0.000037,induction
5,8,v,t15,0.000007,induction
5,9,q,t0,0.000000,induction
5,9,q,t1,0.000000,induction
5,9,q,t2,0.000000,induction
5,9,q,t3,0.000000,induction
5,9,q,t4,0.000000,induction
5,9,q,t5,0.000000,induction
5,9,q,t6,0.000000,induction
5,9,q,t7,0.000000,induction
5,9,q,t8,0.000000,induction
5,9,q,t9,0.000000,induction
5,9,q,t10,0.000000,induction
5,9,q,t11,0.021078,induction
5,9,q,t12,-0.001238,induction
5,9,q,t13,0.000025,induction
5,9,q,t14,0.000004,induction
5,9,q,t15,0.000258,induction
5,9,k,t0,0.000000,induction
5,9,k,t1,0.000000,induction
5,9,k,t2,0.000000,induction
5,9,k,t3,0.000000,induction
5,9,k,t4,0.000000,induction
5,9,k,t5,0.000000,induction
5,9,k,t6,0.000000,induction
5,9,k,t7,0.000000,induction
5,9,k,t8,0.000000,induction
5,9,k,t9,0.000000,induction
5,9,k,t10,0.000000,induction
5,9,k,t11,-0.004872,induction
5,9,k,t12,0.000101,induction
5,9,k,t13,-0.000017,induction
5,9,k,t14,0.000024,induction
5,9,k,t15,0.000014,induction
5,9,v,t0,0.000000,induction
5,9,v,t1,0.000000,induction
5,9,v,t2,0.000000,induction
5,9,v,t3,0.000000,induction
5,9,v,t4,0.000000,induction
5,9,v,t5,0.000000,induction
5,9,v,t6,0.000000,induction
5,9,v,t7,0.000000,induction
5,9,v,t8,0.000000,induction
5,9,v,t9,0.000000,induction
5,9,v,t10,0.000000,induction
5,9,v,t11,-0.003226,induction
5,9,v,t12,-0.000096,induction
5,9,v,t13,0.000036,induction
5,9,v,t14,0.000074,induction
5,9,v,t15,0.000053,induction
5,10,q,t0,0.000000,
5,10,q,t1,0.000000,
5,10,q,t2,0.000000,
5,10,q,t3,0.000000,
5,10,q,t4,0.000000,
5,10,q,t5,0.000000,
5,10,q,t6,0.000000,
5,10,q,t7,0.000000,
5,10,q,t8,0.000000,
5,10,q,t9,0.000000,
5,10,q,t10,0.000000,
5,10,q,t11,-0.000654,
5,10,q,t12,0.001309,
5,10,q,t13,0.000052,
5,10,q,t14,-0.000004,
5,10,q,t15,-0.000095,
5,10,k,t0,0.000000,
5,10,k,t1,0.000000,
5,10,k,t2,0.000000,
5,10,k,t3,0.000000,
5,10,k,t4,0.000000,
5,10,k,t5,0.000000,
5,10,k,t6,0.000000,
5,10,k,t7,0.000000,
5,10,k,t8,0.000000,
5,10,k,t9,0.000000,
5,10,k,t10,0.000000,
5,10,k,t11,0.000418,
5,10,k,t12,0.000050,
5,10,k,t13,0.000035,
5,10,k,t14,0.000066,
5,10,k,t15,-0.000005,
5,10,v,t0,0.000000,
5,10,v,t1,0.000000,
5,10,v,t2,0.000000,
5,10,v,t3,0.000000,
5,10,v,t4,0.000000,
5,10,v,t5,0.000000,
5,10,v,t6,0.000000,
5,10,v,t7,0.000000,
5,10,v,t8,0.000000,
5,10,v,t9,0.000000,
5,10,v,t10,0.000000,
5,10,v,t11,0.000045,
5,10,v,t12,0.000328,
5,10,v,t13,-0.000076,
5,10,v,t14,-0.000688,
5,10,v,t15,-0.000132,
5,11,q,t0,0.000000,
5,11,q,t1,0.000000,
5,11,q,t2,0.000000,
5,11,q,t3,0.000000,
5,11,q,t4,0.000000,
5,11,q,t5,0.000000,
5,11,q,t6,0.000000,
5,11,q,t7,0.000000,
5,11,q,t8,0.000000,
5,11,q,t9,0.000000,
5,11,q,t10,0.000000,
5,11,q,t11,-0.001091,
5,11,q,t12,-0.000027,
5,11,q,t13,-0.000007,
5,11,q,t14,0.000033,
5,11,q,t15,-0.000039,
5,11,k,t0,0.000000,
5,11,k,t1,0.000000,
5,11,k,t2,0.000000,
5,11,k,t3,0.000000,
5,11,k,t4,0.000000,
5,11,k,t5,0.000000,
5,11,k,t6,0.000000,
5,11,k,t7,0.000000,
5,11,k,t8,0.000000,
5,11,k,t9,0.000000,
5,11,k,t10,0.000000,
5,11,k,t11,-0.000512,
5,11,k,t12,0.000029,
5,11,k,t13,0.000000,
5,11,k,t14,0.000009,
5,11,k,t15,0.000024,
5,11,v,t0,0.000000,
5,11,v,t1,0.000000,
5,11,v,t2,0.000000,
5,11,v,t3,0.000000,
5,11,v,t4,0.000000,
5,11,v,t5,0.000000,
5,11,v,t6,0.000000,
5,11,v,t7,0.000000,
5,11,v,t8,0.000000,
5,11,v,t9,0.000000,
5,11,v,t10,0.000000,
5,11,v,t11,0.000437,
5,11,v,t12,-0.000800,
5,11,v,t13,0.000006,
5,11,v,t14,0.000008,
5,11,v,t15,-0.000078,
6,0,q,t0,0.000000,
6,0,q,t1,0.000000,
6,0,q,t2,0.000000,
6,0,q,t3,0.000000,
6,0,q,t4,0.000000,
6,0,q,t5,0.000000,
6,0,q,t6,0.000000,
6,0,q,t7,0.000000,
6,0,q,t8,0.000000,
6,0,q,t9,0.000000,
6,0,q,t10,0.000000,
6,0,q,t11,0.000377,
6,0,q,t12,-0.000688,
6,0,q,t13,-0.000019,
6,0,q,t14,0.000010,
6,0,q,t15,0.000363,
6,0,k,t0,0.000000,
6,0,k,t1,0.000000,
6,0,k,t2,0.000000,
6,0,k,t3,0.000000,
6,0,k,t4,0.000000,
6,0,k,t5,0.000000,
6,0,k,t6,0.000000,
6,0,k,t7,0.000000,
6,0,k,t8,0.000000,
6,0,k,t9,0.000000,
6,0,k,t10,0.000000,
6,0,k,t11,0.000571,
6,0,k,t12,-0.000244,
6,0,k,t13,0.000056,
6,0,k,t14,0.000045,
6,0,k,t15,-0.000000,
6,0,v,t0,0.000000,
6,0,v,t1,0.000000,
6,0,v,t2,0.000000,
6,0,v,t3,0.000000,
6,0,v,t4,0.000000,
6,0,v,t5,0.000000,
6,0,v,t6,0.000000,
6,0,v,t7,0.000000,
6,0,v,t8,0.000000,
6,0,v,t9,0.000000,
6,0,v,t10,0.000000,
6,0,v,t11,0.022174,
6,0,v,t12,-0.000747,
6,0,v,t13,-0.000086,
6,0,v,t14,0.000015,
6,0,v,t15,-0.000004,
6,1,q,t0,0.000000,
6,1,q,t1,0.000000,
6,1,q,t2,0.000000,
6,1,q,t3,0.000000,
6,1,q,t4,0.000000,
6,1,q,t5,0.000000,
6,1,q,t6,0.000000,
6,1,q,t7,0.000000,
6,1,q,t8,0.000000,
6,1,q,t9,0.000000,
6,1,q,t10,0.000000,
6,1,q,t11,-0.000180,
6,1,q,t12,0.000050,
6,1,q,t13,0.000002,
6,1,q,t14,0.000001,
6,1,q,t15,-0.000705,
6,1,k,t0,0.000000,
6,1,k,t1,0.000000,
6,1,k,t2,0.000000,
6,1,k,t3,0.000000,
6,1,k,t4,0.000000,
6,1,k,t5,0.000000,
6,1,k,t6,0.000000,
6,1,k,t7,0.000000,
6,1,k,t8,0.000000,
6,1,k,t9,0.000000,
6,1,k,t10,0.000000,
6,1,k,t11,0.007849,
6,1,k,t12,-0.000059,
6,1,k,t13,0.000003,
6,1,k,t14,-0.000038,
6,1,k,t15,-0.000005,
6,1,v,t0,0.000000,
6,1,v,t1,0.000000,
6,1,v,t2,0.000000,
6,1,v,t3,0.000000,
6,1,v,t4,0.000000,
6,1,v,t5,0.000000,
6,1,v,t6,0.000000,
6,1,v,t7,0.000000,
6,1,v,t8,0.000000,
6,1,v,t9,0.000000,
6,1,v,t10,0.000000,
6,1,v,t11,0.011039,
6,1,v,t12,0.000313,
6,1,v,t13,-0.000004,
6,1,v,t14,-0.000096,
6,1,v,t15,-0.000016,
6,2,q,t0,0.000000,
6,2,q,t1,0.000000,
6,2,q,t2,0.000000,
6,2,q,t3,0.000000,
6,2,q,t4,0.000000,
6,2,q,t5,0.000000,
6,2,q,t6,0.000000,
6,2,q,t7,0.000000,
6,2,q,t8,0.000000,
6,2,q,t9,0.000000,
6,2,q,t10,0.000000,
6,2,q,t11,0.000754,
6,2,q,t12,-0.000424,
6,2,q,t13,-0.000054,
6,2,q,t14,-0.000032,
6,2,q,t15,-0.000227,
6,2,k,t0,0.000000,
6,2,k,t1,0.000000,
6,2,k,t2,0.000000,
6,2,k,t3,0.000000,
6,2,k,t4,0.000000,
6,2,k,t5,0.000000,
6,2,k,t6,0.000000,
6,2,k,t7,0.000000,
6,2,k,t8,0.000000,
6,2,k,t9,0.000000,
6,2,k,t10,0.000000,
6,2,k,t11,0.000457,
6,2,k,t12,-0.000044,
6,2,k,t13,-0.000015,
6,2,k,t14,0.000039,
6,2,k,t15,-0.000042,
6,2,v,t0,0.000000,
6,2,v,t1,0.000000,
6,2,v,t2,0.000000,
6,2,v,t3,0.000000,
6,2,v,t4,0.000000,
6,2,v,t5,0.000000,
6,2,v,t6,0.000000,
6,2,v,t7,0.000000,
6,2,v,t8,0.000000,
6,2,v,t9,0.000000,
6,2,v,t10,0.000000,
6,2,v,t11,-0.000372,
6,2,v,t12,-0.000009,
6,2,v,t13,0.000094,
6,2,v,t14,0.000046,
6,2,v,t15,0.000134,
6,3,q,t0,0.000000,
6,3,q,t1,0.000000,
6,3,q,t2,0.000000,
6,3,q,t3,0.000000,
6,3,q,t4,0.000000,
6,3,q,t5,0.000000,
6,3,q,t6,0.000000,
6,3,q,t7,0.000000,
6,3,q,t8,0.000000,
6,3,q,t9,0.000000,
6,3,q,t10,0.000000,
6,3,q,t11,-0.004177,
6,3,q,t12,-0.000348,
6,3,q,t13,-0.000096,
6,3,q,t14,-0.000012,
6,3,q,t15,-0.000282,
6,3,k,t0,0.000000,
6,3,k,t1,0.000000,
6,3,k,t2,0.000000,
6,3,k,t3,0.000000,
6,3,k,t4,0.000000,
6,3,k,t5,0.000000,
6,3,k,t6,0.000000,
6,3,k,t7,0.000000,
6,3,k,t8,0.000000,
6,3,k,t9,0.000000,
6,3,k,t10,0.000000,
6,3,k,t11,-0.001056,
6,3,k,t12,0.000167,
6,3,k,t13,0.000013,
6,3,k,t14,0.000024,
6,3,k,t15,0.000008,
6,3,v,t0,0.000000,
6,3,v,t1,0.000000,
6,3,v,t2,0.000000,
6,3,v,t3,0.000000,
6,3,v,t4,0.000000,
6,3,v,t5,0.000000,
6,3,v,t6,0.000000,
6,3,v,t7,0.000000,
6,3,v,t8,0.000000,
6,3,v,t9,0.000000,
6,3,v,t10,0.000000,
6,3,v,t11,-0.006112,
6,3,v,t12,0.000086,
6,3,v,t13,-0.000022,
6,3,v,t14,0.000022,
6,3,v,t15,-0.000009,
6,4,q,t0,0.000000,
6,4,q,t1,0.000000,
6,4,q,t2,0.000000,
6,4,q,t3,0.000000,
6,4,q,t4,0.000000,
6,4,q,t5,0.000000,
6,4,q,t6,0.000000,
6,4,q,t7,0.000000,
6,4,q,t8,0.000000,
6,4,q,t9,0.000000,
6,4,q,t10,0.000000,
6,4,q,t11,-0.000113,
6,4,q,t12,0.000201,
6,4,q,t13,-0.000005,
6,4,q,t14,0.000019,
6,4,q,t15,-0.000113,
6,4,k,t0,0.000000,
6,4,k,t1,0.000000,
6,4,k,t2,0.000000,
6,4,k,t3,0.000000,
6,4,k,t4,0.000000,
6,4,k,t5,0.000000,
6,4,k,t6,0.000000,
6,4,k,t7,0.000000,
6,4,k,t8,0.000000,
6,4,k,t9,0.000000,
6,4,k,t10,0.000000,
6,4,k,t11,-0.000347,
6,4,k,t12,-0.000076,
6,4,k,t13,-0.000035,
6,4,k,t14,-0.000177,
6,4,k,t15,-0.000059,
6,4,v,t0,0.000000,
6,4,v,t1,0.000000,
6,4,v,t2,0.000000,
6,4,v,t3,0.000000,
6,4,v,t4,0.000000,
6,4,v,t5,0.000000,
6,4,v,t6,0.000000,
6,4,v,t7,0.000000,
6,4,v,t8,0.000000,
6,4,v,t9,0.000000,
6,4,v,t10,0.000000,
6,4,v,t11,-0.000233,
6,4,v,t12,-0.000011,
6,4,v,t13,-0.000006,
6,4,v,t14,-0.000122,
6,4,v,t15,-0.000052,
6,5,q,t0,0.000000,
6,5,q,t1,0.000000,
6,5,q,t2,0.000000,
6,5,q,t3,0.000000,
6,5,q,t4,0.000000,
6,5,q,t5,0.000000,
6,5,q,t6,0.000000,
6,5,q,t7,0.000000,
6,5,q,t8,0.000000,
6,5,q,t9,0.000000,
6,5,q,t10,0.000000,
6,5,q,t11,0.001628,
6,5,q,t12,0.000025,
6,5,q,t13,0.000007,
6,5,q,t14,0.000031,
6,5,q,t15,0.000875,
6,5,k,t0,0.000000,
6,5,k,t1,0.000000,
6,5,k,t2,0.000000,
6,5,k,t3,0.000000,
6,5,k,t4,0.000000,
6,5,k,t5,0.000000,
6,5,k,t6,0.000000,
6,5,k,t7,0.000000,
6,5,k,t8,0.000000,
6,5,k,t9,0.000000,
6,5,k,t10,0.000000,
6,5,k,t11,-0.002954,
6,5,k,t12,-0.000835,
6,5,k,t13,-0.000077,
6,5,k,t14,-0.000022,
6,5,k,t15,-0.000004,
6,5,v,t0,0.000000,
6,5,v,t1,0.000000,
6,5,v,t2,0.000000,
6,5,v,t3,0.000000,
6,5,v,t4,0.000000,
6,5,v,t5,0.000000,
6,5,v,t6,0.000000,
6,5,v,t7,0.000000,
6,5,v,t8,0.000000,
6,5,v,t9,0.000000,
6,5,v,t10,0.000000,
6,5,v,t11,0.000192,
6,5,v,t12,-0.000895,
6,5,v,t13,-0.000018,
6,5,v,t14,0.000043,
6,5,v,t15,0.000132,
6,6,q,t0,0.000000,
6,6,q,t1,0.000000,
6,6,q,t2,0.000000,
6,6,q,t3,0.000000,
6,6,q,t4,0.000000,
6,6,q,t5,0.000000,
6,6,q,t6,0.000000,
6,6,q,t7,0.000000,
6,6,q,t8,0.000000,
6,6,q,t9,0.000000,
6,6,q,t10,0.000000,
6,6,q,t11,0.001725,
6,6,q,t12,-0.000339,
6,6,q,t13,-0.000008,
6,6,q,t14,0.000023,
6,6,q,t15,0.000215,
6,6,k,t0,0.000000,
6,6,k,t1,0.000000,
6,6,k,t2,0.000000,
6,6,k,t3,0.000000,
6,6,k,t4,0.000000,
6,6,k,t5,0.000000,
6,6,k,t6,0.000000,
6,6,k,t7,0.000000,
6,6,k,t8,0.000000,
6,6,k,t9,0.000000,
6,6,k,t10,0.000000,
6,6,k,t11,0.001530,
6,6,k,t12,-0.000003,
6,6,k,t13,-0.000007,
6,6,k,t14,-0.000058,
6,6,k,t15,-0.000130,
6,6,v,t0,0.000000,
6,6,v,t1,0.000000,
6,6,v,t2,0.000000,
6,6,v,t3,0.000000,
6,6,v,t4,0.000000,
6,6,v,t5,0.000000,
6,6,v,t6,0.000000,
6,6,v,t7,0.000000,
6,6,v,t8,0.000000,
6,6,v,t9,0.000000,
6,6,v,t10,0.000000,
6,6,v,t11,-0.002215,
6,6,v,t12,-0.000574,
6,6,v,t13,0.000045,
6,6,v,t14,0.000002,
6,6,v,t15,-0.000106,
6,7,q,t0,0.000000,
6,7,q,t1,0.000000,
6,7,q,t2,0.000000,
6,7,q,t3,0.000000,
6,7,q,t4,0.000000,
6,7,q,t5,0.000000,
6,7,q,t6,0.000000,
6,7,q,t7,0.000000,
6,7,q,t8,0.000000,
6,7,q,t9,0.000000,
6,7,q,t10,0.000000,
6,7,q,t11,-0.000417,
6,7,q,t12,-0.000277,
6,7,q,t13,-0.000027,
6,7,q,t14,0.000005,
6,7,q,t15,-0.000097,
6,7,k,t0,0.000000,
6,7,k,t1,0.000000,
6,7,k,t2,0.000000,
6,7,k,t3,0.000000,
6,7,k,t4,0.000000,
6,7,k,t5,0.000000,
6,7,k,t6,0.000000,
6,7,k,t7,0.000000,
6,7,k,t8,0.000000,
6,7,k,t9,0.000000,
6,7,k,t10,0.000000,
6,7,k,t11,0.000540,
6,7,k,t12,0.000117,
6,7,k,t13,0.000002,
6,7,k,t14,0.000031,
6,7,k,t15,0.000005,
6,7,v,t0,0.000000,
6,7,v,t1,0.000000,
6,7,v,t2,0.000000,
6,7,v,t3,0.000000,
6,7,v,t4,0.000000,
6,7,v,t5,0.000000,
6,7,v,t6,0.000000,
6,7,v,t7,0.000000,
6,7,v,t8,0.000000,
6,7,v,t9,0.000000,
6,7,v,t10,0.000000,
6,7,v,t11,-0.000314,
6,7,v,t12,-0.000344,
6,7,v,t13,-0.000091,
6,7,v,t14,-0.000122,
6,7,v,t15,-0.000039,
6,8,q,t0,0.000000,
6,8,q,t1,0.000000,
6,8,q,t2,0.000000,
6,8,q,t3,0.000000,
6,8,q,t4,0.000000,
6,8,q,t5,0.000000,
6,8,q,t6,0.000000,
6,8,q,t7,0.000000,
6,8,q,t8,0.000000,
6,8,q,t9,0.000000,
6,8,q,t10,0.000000,
6,8,q,t11,0.000048,
6,8,q,t12,-0.000411,
6,8,q,t13,-0.000009,
6,8,q,t14,0.000015,
6,8,q,t15,-0.000277,
6,8,k,t0,0.000000,
6,8,k,t1,0.000000,
6,8,k,t2,0.000000,
6,8,k,t3,0.000000,
6,8,k,t4,0.000000,
6,8,k,t5,0.000000,
6,8,k,t6,0.000000,
6,8,k,t7,0.000000,
6,8,k,t8,0.000000,
6,8,k,t9,0.000000,
6,8,k,t10,0.000000,
6,8,k,t11,0.000072,
6,8,k,t12,0.000146,
6,8,k,t13,-0.000212,
6,8,k,t14,-0.000094,
6,8,k,t15,0.000004,
6,8,v,t0,0.000000,
6,8,v,t1,0.000000,
6,8,v,t2,0.000000,
6,8,v,t3,0.000000,
6,8,v,t4,0.000000,
6,8,v,t5,0.000000,
6,8,v,t6,0.000000,
6,8,v,t7,0.000000,
6,8,v,t8,0.000000,
6,8,v,t9,0.000000,
6,8,v,t10,0.000000,
6,8,v,t11,-0.001107,
6,8,v,t12,-0.000225,
6,8,v,t13,-0.000017,
6,8,v,t14,0.000050,
6,8,v,t15,-0.000022,
6,9,q,t0,0.000000,induction
6,9,q,t1,0.000000,induction
6,9,q,t2,0.000000,induction
6,9,q,t3,0.000000,induction
6,9,q,t4,0.000000,induction
6,9,q,t5,0.000000,induction
6,9,q,t6,0.000000,induction
6,9,q,t7,0.000000,induction
6,9,q,t8,0.000000,induction
6,9,q,t9,0.000000,induction
6,9,q,t10,0.000000,induction
6,9,q,t11,0.036685,induction
6,9,q,t12,-0.000014,induction
6,9,q,t13,-0.000001,induction
6,9,q,t14,-0.000000,induction
6,9,q,t15,-0.000068,induction
6,9,k,t0,0.000000,induction
6,9,k,t1,0.000000,induction
6,9,k,t2,0.000000,induction
6,9,k,t3,0.000000,induction
6,9,k,t4,0.000000,induction
6,9,k,t5,0.000000,induction
6,9,k,t6,0.000000,induction
6,9,k,t7,0.000000,induction
6,9,k,t8,0.000000,induction
6,9,k,t9,0.000000,induction
6,9,k,t10,0.000000,induction
6,9,k,t11,0.000017,induction
6,9,k,t12,0.000001,induction
6,9,k,t13,-0.000003,induction
6,9,k,t14,-0.000030,induction
6,9,k,t15,0.000000,induction
6,9,v,t0,0.000000,induction
6,9,v,t1,0.000000,induction
6,9,v,t2,0.000000,induction
6,9,v,t3,0.000000,induction
6,9,v,t4,0.000000,induction
6,9,v,t5,0.000000,induction
6,9,v,t6,0.000000,induction
6,9,v,t7,0.000000,induction
6,9,v,t8,0.000000,induction
6,9,v,t9,0.000000,induction
6,9,v,t10,0.000000,induction
6,9,v,t11,-0.000011,induction
6,9,v,t12,0.000001,induction
6,9,v,t13,0.000001,induction
6,9,v,t14,-0.000016,induction
6,9,v,t15,-0.000005,induction
6,10,q,t0,0.000000,
6,10,q,t1,0.000000,
6,10,q,t2,0.000000,
6,10,q,t3,0.000000,
6,10,q,t4,0.000000,
6,10,q,t5,0.000000,
6,10,q,t6,0.000000,
6,10,q,t7,0.000000,
6,10,q,t8,0.000000,
6,10,q,t9,0.000000,
6,10,q,t10,0.000000,
6,10,q,t11,-0.001532,
6,10,q,t12,0.000046,
6,10,q,t13,0.000005,
6,10,q,t14,0.000002,
6,10,q,t15,-0.000005,
6,10,k,t0,0.000000,
6,10,k,t1,0.000000,
6,10,k,t2,0.000000,
6,10,k,t3,0.000000,
6,10,k,t4,0.000000,
6,10,k,t5,0.000000,
6,10,k,t6,0.000000,
6,10,k,t7,0.000000,
6,10,k,t8,0.000000,
6,10,k,t9,0.000000,
6,10,k,t10,0.000000,
6,10,k,t11,-0.000460,
6,10,k,t12,-0.000015,
6,10,k,t13,0.000015,
6,10,k,t14,0.000000,
6,10,k,t15,0.000007,
6,10,v,t0,0.000000,
6,10,v,t1,0.000000,
6,10,v,t2,0.000000,
6,10,v,t3,0.000000,
6,10,v,t4,0.000000,
6,10,v,t5,0.000000,
6,10,v,t6,0.000000,
6,10,v,t7,0.000000,
6,10,v,t8,0.000000,
6,10,v,t9,0.000000,
6,10,v,t10,0.000000,
6,10,v,t11,-0.000579,
6,10,v,t12,-0.000145,
6,10,v,t13,-0.000073,
6,10,v,t14,-0.000034,
6,10,v,t15,-0.000015,
6,11,q,t0,0.000000,
6,11,q,t1,0.000000,
6,11,q,t2,0.000000,
6,11,q,t3,0.000000,
6,11,q,t4,0.000000,
6,11,q,t5,0.000000,
6,11,q,t6,0.000000,
6,11,q,t7,0.000000,
6,11,q,t8,0.000000,
6,11,q,t9,0.000000,
6,11,q,t10,0.000000,
6,11,q,t11,-0.001636,
6,11,q,t12,0.000040,
6,11,q,t13,0.000013,
6,11,q,t14,0.000002,
6,11,q,t15,0.000104,
6,11,k,t0,0.000000,
6,11,k,t1,0.000000,
6,11,k,t2,0.000000,
6,11,k,t3,0.000000,
6,11,k,t4,0.000000,
6,11,k,t5,0.000000,
6,11,k,t6,0.000000,
6,11,k,t7,0.000000,
6,11,k,t8,0.000000,
6,11,k,t9,0.000000,
6,11,k,t10,0.000000,
6,11,k,t11,-0.000202,
6,11,k,t12,0.000174,
6,11,k,t13,0.000002,
6,11,k,t14,0.000004,
6,11,k,t15,0.000006,
6,11,v,t0,0.000000,
6,11,v,t1,0.000000,
6,11,v,t2,0.000000,
6,11,v,t3,0.000000,
6,11,v,t4,0.000000,
6,11,v,t5,0.000000,
6,11,v,t6,0.000000,
6,11,v,t7,0.000000,
6,11,v,t8,0.000000,
6,11,v,t9,0.000000,
6,11,v,t10,0.000000,
6,11,v,t11,0.000398,
6,11,v,t12,-0.000074,
6,11,v,t13,-0.000050,
6,11,v,t14,0.000012,
6,11,v,t15,0.000026,
7,0,q,t0,0.000000,
7,0,q,t1,0.000000,
7,0,q,t2,0.000000,
7,0,q,t3,0.000000,
7,0,q,t4,0.000000,
7,0,q,t5,0.000000,
7,0,q,t6,0.000000,
7,0,q,t7,0.000000,
7,0,q,t8,0.000000,
7,0,q,t9,0.000000,
7,0,q,t10,0.000000,
7,0,q,t11,-0.000203,
7,0,q,t12,-0.000002,
7,0,q,t13,-0.000007,
7,0,q,t14,0.000003,
7,0,q,t15,0.000374,
7,0,k,t0,0.000000,
7,0,k,t1,0.000000,
7,0,k,t2,0.000000,
7,0,k,t3,0.000000,
7,0,k,t4,0.000000,
7,0,k,t5,0.000000,
7,0,k,t6,0.000000,
7,0,k,t7,0.000000,
7,0,k,t8,0.000000,
7,0,k,t9,0.000000,
7,0,k,t10,0.000000,
7,0,k,t11,0.000016,
7,0,k,t12,-0.000131,
7,0,k,t13,-0.000058,
7,0,k,t14,-0.000108,
7,0,k,t15,0.000097,
7,0,v,t0,0.000000,
7,0,v,t1,0.000000,
7,0,v,t2,0.000000,
7,0,v,t3,0.000000,
7,0,v,t4,0.000000,
7,0,v,t5,0.000000,
7,0,v,t6,0.000000,
7,0,v,t7,0.000000,
7,0,v,t8,0.000000,
7,0,v,t9,0.000000,
7,0,v,t10,0.000000,
7,0,v,t11,-0.000038,
7,0,v,t12,-0.000205,
7,0,v,t13,-0.000069,
7,0,v,t14,-0.000276,
7,0,v,t15,-0.000110,
7,1,q,t0,0.000000,
7,1,q,t1,0.000000,
7,1,q,t2,0.000000,
7,1,q,t3,0.000000,
7,1,q,t4,0.000000,
7,1,q,t5,0.000000,
7,1,q,t6,0.000000,
7,1,q,t7,0.000000,
7,1,q,t8,0.000000,
7,1,q,t9,0.000000,
7,1,q,t10,0.000000,
7,1,q,t11,-0.002071,
7,1,q,t12,-0.000244,
7,1,q,t13,0.000003,
7,1,q,t14,-0.000002,
7,1,q,t15,-0.000375,
7,1,k,t0,0.000000,
7,1,k,t1,0.000000,
7,1,k,t2,0.000000,
7,1,k,t3,0.000000,
7,1,k,t4,0.000000,
7,1,k,t5,0.000000,
7,1,k,t6,0.000000,
7,1,k,t7,0.000000,
7,1,k,t8,0.000000,
7,1,k,t9,0.000000,
7,1,k,t10,0.000000,
7,1,k,t11,0.000122,
7,1,k,t12,0.000155,
7,1,k,t13,0.000264,
7,1,k,t14,-0.000015,
7,1,k,t15,0.000053,
7,1,v,t0,0.000000,
7,1,v,t1,0.000000,
7,1,v,t2,0.000000,
7,1,v,t3,0.000000,
7,1,v,t4,0.000000,
7,1,v,t5,0.000000,
7,1,v,t6,0.000000,
7,1,v,t7,0.000000,
7,1,v,t8,0.000000,
7,1,v,t9,0.000000,
7,1,v,t10,0.000000,
7,1,v,t11,0.000269,
7,1,v,t12,-0.000024,
7,1,v,t13,-0.000128,
7,1,v,t14,-0.000097,
7,1,v,t15,-0.000033,
7,2,q,t0,0.000000,
7,2,q,t1,0.000000,
7,2,q,t2,0.000000,
7,2,q,t3,0.000000,
7,2,q,t4,0.000000,
7,2,q,t5,0.000000,
7,2,q,t6,0.000000,
7,2,q,t7,0.000000,
7,2,q,t8,0.000000,
7,2,q,t9,0.000000,
7,2,q,t10,0.000000,
7,2,q,t11,0.000520,
7,2,q,t12,-0.000001,
7,2,q,t13,0.000000,
7,2,q,t14,-0.000000,
7,2,q,t15,-0.000025,
7,2,k,t0,0.000000,
7,2,k,t1,0.000000,
7,2,k,t2,0.000000,
7,2,k,t3,0.000000,
7,2,k,t4,0.000000,
7,2,k,t5,0.000000,
7,2,k,t6,0.000000,
7,2,k,t7,0.000000,
7,2,k,t8,0.000000,
7,2,k,t9,0.000000,
7,2,k,t10,0.000000,
7,2,k,t11,-0.000020,
7,2,k,t12,-0.000001,
7,2,k,t13,-0.000003,
7,2,k,t14,0.000013,
7,2,k,t15,-0.000002,
7,2,v,t0,0.000000,
7,2,v,t1,0.000000,
7,2,v,t2,0.000000,
7,2,v,t3,0.000000,
7,2,v,t4,0.000000,
7,2,v,t5,0.000000,
7,2,v,t6,0.000000,
7,2,v,t7,0.000000,
7,2,v,t8,0.000000,
7,2,v,t9,0.000000,
7,2,v,t10,0.000000,
7,2,v,t11,0.000071,
7,2,v,t12,-0.000002,
7,2,v,t13,-0.000005,
7,2,v,t14,-0.000011,
7,2,v,t15,-0.000002,
7,3,q,t0,0.000000,s-inhibition
7,3,q,t1,0.000000,s-inhibition
7,3,q,t2,0.000000,s-inhibition
7,3,q,t3,0.000000,s-inhibition
7,3,q,t4,0.000000,s-inhibition
7,3,q,t5,0.000000,s-inhibition
7,3,q,t6,0.000000,s-inhibition
7,3,q,t7,0.000000,s-inhibition
7,3,q,t8,0.000000,s-inhibition
7,3,q,t9,0.000000,s-inhibition
7,3,q,t10,0.000000,s-inhibition
7,3,q,t11,0.002123,s-inhibition
7,3,q,t12,-0.001122,s-inhibition
7,3,q,t13,-0.000005,s-inhibition
7,3,q,t14,-0.000071,s-inhibition
7,3,q,t15,-0.004004,s-inhibition
7,3,k,t0,0.000000,s-inhibition
7,3,k,t1,0.000000,s-inhibition
7,3,k,t2,0.000000,s-inhibition
7,3,k,t3,0.000000,s-inhibition
7,3,k,t4,0.000000,s-inhibition
7,3,k,t5,0.000000,s-inhibition
7,3,k,t6,0.000000,s-inhibition
7,3,k,t7,0.000000,s-inhibition
7,3,k,t8,0.000000,s-inhibition
7,3,k,t9,0.000000,s-inhibition
7,3,k,t10,0.000000,s-inhibition
7,3,k,t11,-0.000587,s-inhibition
7,3,k,t12,0.001841,s-inhibition
7,3,k,t13,0.000088,s-inhibition
7,3,k,t14,-0.000082,s-inhibition
7,3,k,t15,0.000190,s-inhibition
7,3,v,t0,0.000000,s-inhibition
7,3,v,t1,0.000000,s-inhibition
7,3,v,t2,0.000000,s-inhibition
7,3,v,t3,0.000000,s-inhibition
7,3,v,t4,0.000000,s-inhibition
7,3,v,t5,0.000000,s-inhibition
7,3,v,t6,0.000000,s-inhibition
7,3,v,t7,0.000000,s-inhibition
7,3,v,t8,0.000000,s-inhibition
7,3,v,t9,0.000000,s-inhibition
7,3,v,t10,0.000000,s-inhibition
7,3,v,t11,0.039381,s-inhibition
7,3,v,t12,0.042022,s-inhibition
7,3,v,t13,0.006310,s-inhibition
7,3,v,t14,0.003168,s-inhibition
7,3,v,t15,0.002031,s-inhibition
7,4,q,t0,0.000000,
7,4,q,t1,0.000000,
7,4,q,t2,0.000000,
7,4,q,t3,0.000000,
7,4,q,t4,0.000000,
7,4,q,t5,0.000000,
7,4,q,t6,0.000000,
7,4,q,t7,0.000000,
7,4,q,t8,0.000000,
7,4,q,t9,0.000000,
7,4,q,t10,0.000000,
7,4,q,t11,0.000142,
7,4,q,t12,0.000045,
7,4,q,t13,-0.000001,
7,4,q,t14,-0.000011,
7,4,q,t15,0.000364,
7,4,k,t0,0.000000,
7,4,k,t1,0.000000,
7,4,k,t2,0.000000,
7,4,k,t3,0.000000,
7,4,k,t4,0.000000,
7,4,k,t5,0.000000,
7,4,k,t6,0.000000,
7,4,k,t7,0.000000,
7,4,k,t8,0.000000,
7,4,k,t9,0.000000,
7,4,k,t10,0.000000,
7,4,k,t11,0.000127,
7,4,k,t12,-0.000097,
7,4,k,t13,0.000133,
7,4,k,t14,-0.000040,
7,4,k,t15,-0.000040,
7,4,v,t0,0.000000,
7,4,v,t1,0.000000,
7,4,v,t2,0.000000,
7,4,v,t3,0.000000,
7,4,v,t4,0.000000,
7,4,v,t5,0.000000,
7,4,v,t6,0.000000,
7,4,v,t7,0.000000,
7,4,v,t8,0.000000,
7,4,v,t9,0.000000,
7,4,v,t10,0.000000,
7,4,v,t11,-0.000064,
7,4,v,t12,-0.000278,
7,4,v,t13,-0.000088,
7,4,v,t14,-0.000136,
7,4,v,t15,-0.000096,
7,5,q,t0,0.000000,
7,5,q,t1,0.000000,
7,5,q,t2,0.000000,
7,5,q,t3,0.000000,
7,5,q,t4,0.000000,
7,5,q,t5,0.000000,
7,5,q,t6,0.000000,
7,5,q,t7,0.000000,
7,5,q,t8,0.000000,
7,5,q,t9,0.000000,
7,5,q,t10,0.000000,
7,5,q,t11,-0.002000,
7,5,q,t12,-0.000040,
7,5,q,t13,-0.000004,
7,5,q,t14,-0.000011,
7,5,q,t15,0.000102,
7,5,k,t0,0.000000,
7,5,k,t1,0.000000,
7,5,k,t2,0.000000,
7,5,k,t3,0.000000,
7,5,k,t4,0.000000,
7,5,k,t5,0.000000,
7,5,k,t6,0.000000,
7,5,k,t7,0.000000,
7,5,k,t8,0.000000,
7,5,k,t9,0.000000,
7,5,k,t10,0.000000,
7,5,k,t11,-0.001151,
7,5,k,t12,-0.000353,
7,5,k,t13,-0.000060,
7,5,k,t14,0.000020,
7,5,k,t15,-0.000048,
7,5,v,t0,0.000000,
7,5,v,t1,0.000000,
7,5,v,t2,0.000000,
7,5,v,t3,0.000000,
7,5,v,t4,0.000000,
7,5,v,t5,0.000000,
7,5,v,t6,0.000000,
7,5,v,t7,0.000000,
7,5,v,t8,0.000000,
7,5,v,t9,0.000000,
7,5,v,t10,0.000000,
7,5,v,t11,-0.003170,
7,5,v,t12,-0.003356,
7,5,v,t13,-0.002593,
7,5,v,t14,-0.001007,
7,5,v,t15,-0.000403,
7,6,q,t0,0.000000,
7,6,q,t1,0.000000,
7,6,q,t2,0.000000,
7,6,q,t3,0.000000,
7,6,q,t4,0.000000,
7,6,q,t5,0.000000,
7,6,q,t6,0.000000,
7,6,q,t7,0.000000,
7,6,q,t8,0.000000,
7,6,q,t9,0.000000,
7,6,q,t10,0.000000,
7,6,q,t11,-0.000166,
7,6,q,t12,0.000572,
7,6,q,t13,0.000016,
7,6,q,t14,0.000013,
7,6,q,t15,0.003903,
7,6,k,t0,0.000000,
7,6,k,t1,0.000000,
7,6,k,t2,0.000000,
7,6,k,t3,0.000000,
7,6,k,t4,0.000000,
7,6,k,t5,0.000000,
7,6,k,t6,0.000000,
7,6,k,t7,0.000000,
7,6,k,t8,0.000000,
7,6,k,t9,0.000000,
7,6,k,t10,0.000000,
7,6,k,t11,-0.000582,
7,6,k,t12,-0.000473,
7,6,k,t13,-0.000143,
7,6,k,t14,-0.000041,
7,6,k,t15,-0.000064,
7,6,v,t0,0.000000,
7,6,v,t1,0.000000,
7,6,v,t2,0.000000,
7,6,v,t3,0.000000,
7,6,v,t4,0.000000,
7,6,v,t5,0.000000,
7,6,v,t6,0.000000,
7,6,v,t7,0.000000,
7,6,v,t8,0.000000,
7,6,v,t9,0.000000,
7,6,v,t10,0.000000,
7,6,v,t11,-0.000209,
7,6,v,t12,0.000090,
7,6,v,t13,0.000066,
7,6,v,t14,0.000229,
7,6,v,t15,0.000082,
7,7,q,t0,0.000000,
7,7,q,t1,0.000000,
7,7,q,t2,0.000000,
7,7,q,t3,0.000000,
7,7,q,t4,0.000000,
7,7,q,t5,0.000000,
7,7,q,t6,0.000000,
7,7,q,t7,0.000000,
7,7,q,t8,0.000000,
7,7,q,t9,0.000000,
7,7,q,t10,0.000000,
7,7,q,t11,0.000531,
7,7,q,t12,0.000077,
7,7,q,t13,0.000001,
7,7,q,t14,0.000005,
7,7,q,t15,-0.000024,
7,7,k,t0,0.000000,
7,7,k,t1,0.000000,
7,7,k,t2,0.000000,
7,7,k,t3,0.000000,
7,7,k,t4,0.000000,
7,7,k,t5,0.000000,
7,7,k,t6,0.000000,
7,7,k,t7,0.000000,
7,7,k,t8,0.000000,
7,7,k,t9,0.000000,
7,7,k,t10,0.000000,
7,7,k,t11,-0.000796,
7,7,k,t12,0.000128,
7,7,k,t13,0.000016,
7,7,k,t14,-0.000006,
7,7,k,t15,-0.000011,
7,7,v,t0,0.000000,
7,7,v,t1,0.000000,
7,7,v,t2,0.000000,
7,7,v,t3,0.000000,
7,7,v,t4,0.000000,
7,7,v,t5,0.000000,
7,7,v,t6,0.000000,
7,7,v,t7,0.000000,
7,7,v,t8,0.000000,
7,7,v,t9,0.000000,
7,7,v,t10,0.000000,
7,7,v,t11,-0.002542,
7,7,v,t12,-0.000185,
7,7,v,t13,-0.000047,
7,7,v,t14,-0.000055,
7,7,v,t15,-0.000016,
7,8,q,t0,0.000000,
7,8,q,t1,0.000000,
7,8,q,t2,0.000000,
7,8,q,t3,0.000000,
7,8,q,t4,0.000000,
7,8,q,t5,0.000000,
7,8,q,t6,0.000000,
7,8,q,t7,0.000000,
7,8,q,t8,0.000000,
7,8,q,t9,0.000000,
7,8,q,t10,0.000000,
7,8,q,t11,-0.000112,
7,8,q,t12,-0.000022,
7,8,q,t13,0.000008,
7,8,q,t14,0.000016,
7,8,q,t15,0.000407,
7,8,k,t0,0.000000,
7,8,k,t1,0.000000,
7,8,k,t2,0.000000,
7,8,k,t3,0.000000,
7,8,k,t4,0.000000,
7,8,k,t5,0.000000,
7,8,k,t6,0.000000,
7,8,k,t7,0.000000,
7,8,k,t8,0.000000,
7,8,k,t9,0.000000,
7,8,k,t10,0.000000,
7,8,k,t11,-0.000152,
7,8,k,t12,0.000537,
7,8,k,t13,-0.000087,
7,8,k,t14,-0.000045,
7,8,k,t15,-0.000007,
7,8,v,t0,0.000000,
7,8,v,t1,0.000000,
7,8,v,t2,0.000000,
7,8,v,t3,0.000000,
7,8,v,t4,0.000000,
7,8,v,t5,0.000000,
7,8,v,t6,0.000000,
7,8,v,t7,0.000000,
7,8,v,t8,0.000000,
7,8,v,t9,0.000000,
7,8,v,t10,0.000000,
7,8,v,t11,-0.000792,
7,8,v,t12,-0.004875,
7,8,v,t13,-0.001270,
7,8,v,t14,-0.000742,
7,8,v,t15,-0.000044,
7,9,q,t0,0.000000,s-inhibition
7,9,q,t1,0.000000,s-inhibition
7,9,q,t2,0.000000,s-inhibition
7,9,q,t3,0.000000,s-inhibition
7,9,q,t4,0.000000,s-inhibition
7,9,q,t5,0.000000,s-inhibition
7,9,q,t6,0.000000,s-inhibition
7,9,q,t7,0.000000,s-inhibition
7,9,q,t8,0.000000,s-inhibition
7,9,q,t9,0.000000,s-inhibition
7,9,q,t10,0.000000,s-inhibition
7,9,q,t11,-0.000783,s-inhibition
7,9,q,t12,-0.000457,s-inhibition
7,9,q,t13,0.000007,s-inhibition
7,9,q,t14,0.000001,s-inhibition
7,9,q,t15,-0.007427,s-inhibition
7,9,k,t0,0.000000,s-inhibition
7,9,k,t1,0.000000,s-inhibition
7,9,k,t2,0.000000,s-inhibition
7,9,k,t3,0.000000,s-inhibition
7,9,k,t4,0.000000,s-inhibition
7,9,k,t5,0.000000,s-inhibition
7,9,k,t6,0.000000,s-inhibition
7,9,k,t7,0.000000,s-inhibition
7,9,k,t8,0.000000,s-inhibition
7,9,k,t9,0.000000,s-inhibition
7,9,k,t10,0.000000,s-inhibition
7,9,k,t11,-0.016324,s-inhibition
7,9,k,t12,-0.000482,s-inhibition
7,9,k,t13,-0.000117,s-inhibition
7,9,k,t14,-0.000007,s-inhibition
7,9,k,t15,0.000151,s-inhibition
7,9,v,t0,0.000000,s-inhibition
7,9,v,t1,0.000000,s-inhibition
7,9,v,t2,0.000000,s-inhibition
7,9,v,t3,0.000000,s-inhibition
7,9,v,t4,0.000000,s-inhibition
7,9,v,t5,0.000000,s-inhibition
7,9,v,t6,0.000000,s-inhibition
7,9,v,t7,0.000000,s-inhibition
7,9,v,t8,0.000000,s-inhibition
7,9,v,t9,0.000000,s-inhibition
7,9,v,t10,0.000000,s-inhibition
7,9,v,t11,0.139173,s-inhibition
7,9,v,t12,0.001416,s-inhibition
7,9,v,t13,0.000300,s-inhibition
7,9,v,t14,0.000028,s-inhibition
7,9,v,t15,0.000046,s-inhibition
7,10,q,t0,0.000000,
7,10,q,t1,0.000000,
7,10,q,t2,0.000000,
7,10,q,t3,0.000000,
7,10,q,t4,0.000000,
7,10,q,t5,0.000000,
7,10,q,t6,0.000000,
7,10,q,t7,0.000000,
7,10,q,t8,0.000000,
7,10,q,t9,0.000000,
7,10,q,t10,0.000000,
7,10,q,t11,-0.001677,
7,10,q,t12,0.000009,
7,10,q,t13,0.000000,
7,10,q,t14,-0.000000,
7,10,q,t15,0.000159,
7,10,k,t0,0.000000,
7,10,k,t1,0.000000,
7,10,k,t2,0.000000,
7,10,k,t3,0.000000,
7,10,k,t4,0.000000,
7,10,k,t5,0.000000,
7,10,k,t6,0.000000,
7,10,k,t7,0.000000,
7,10,k,t8,0.000000,
7,10,k,t9,0.000000,
7,10,k,t10,0.000000,
7,10,k,t11,0.000002,
7,10,k,t12,0.000010,
7,10,k,t13,0.000021,
7,10,k,t14,-0.000008,
7,10,k,t15,0.000010,
7,10,v,t0,0.000000,
7,10,v,t1,0.000000,
7,10,v,t2,0.000000,
7,10,v,t3,0.000000,
7,10,v,t4,0.000000,
7,10,v,t5,0.000000,
7,10,v,t6,0.000000,
7,10,v,t7,0.000000,
7,10,v,t8,0.000000,
7,10,v,t9,0.000000,
7,10,v,t10,0.000000,
7,10,v,t11,-0.000042,
7,10,v,t12,-0.000006,
7,10,v,t13,-0.000003,
7,10,v,t14,-0.000001,
7,10,v,t15,0.000001,
7,11,q,t0,0.000000,
7,11,q,t1,0.000000,
7,11,q,t2,0.000000,
7,11,q,t3,0.000000,
7,11,q,t4,0.000000,
7,11,q,t5,0.000000,
7,11,q,t6,0.000000,
7,11,q,t7,0.000000,
7,11,q,t8,0.000000,
7,11,q,t9,0.000000,
7,11,q,t10,0.000000,
7,11,q,t11,0.001378,
7,11,q,t12,-0.000011,
7,11,q,t13,-0.000004,
7,11,q,t14,-0.000001,
7,11,q,t15,0.000118,
7,11,k,t0,0.000000,
7,11,k,t1,0.000000,
7,11,k,t2,0.000000,
7,11,k,t3,0.000000,
7,11,k,t4,0.000000,
7,11,k,t5,0.000000,
7,11,k,t6,0.000000,
7,11,k,t7,0.000000,
7,11,k,t8,0.000000,
7,11,k,t9,0.000000,
7,11,k,t10,0.000000,
7,11,k,t11,0.000087,
7,11,k,t12,-0.000049,
7,11,k,t13,-0.000030,
7,11,k,t14,0.000007,
7,11,k,t15,-0.000002,
7,11,v,t0,0.000000,
7,11,v,t1,0.000000,
7,11,v,t2,0.000000,
7,11,v,t3,0.000000,
7,11,v,t4,0.000000,
7,11,v,t5,0.000000,
7,11,v,t6,0.000000,
7,11,v,t7,0.000000,
7,11,v,t8,0.000000,
7,11,v,t9,0.000000,
7,11,v,t10,0.000000,
7,11,v,t11,-0.002451,
7,11,v,t12,0.000030,
7,11,v,t13,-0.000007,
7,11,v,t14,-0.000011,
7,11,v,t15,-0.000004,
8,0,q,t0,0.000000,
8,0,q,t1,0.000000,
8,0,q,t2,0.000000,
8,0,q,t3,0.000000,
8,0,q,t4,0.000000,
8,0,q,t5,0.000000,
8,0,q,t6,0.000000,
8,0,q,t7,0.000000,
8,0,q,t8,0.000000,
8,0,q,t9,0.000000,
8,0,q,t10,0.000000,
8,0,q,t11,-0.000083,
8,0,q,t12,0.000003,
8,0,q,t13,0.000001,
8,0,q,t14,-0.000009,
8,0,q,t15,-0.000068,
8,0,k,t0,0.000000,
8,0,k,t1,0.000000,
8,0,k,t2,0.000000,
8,0,k,t3,0.000000,
8,0,k,t4,0.000000,
8,0,k,t5,0.000000,
8,0,k,t6,0.000000,
8,0,k,t7,0.000000,
8,0,k,t8,0.000000,
8,0,k,t9,0.000000,
8,0,k,t10,0.000000,
8,0,k,t11,0.000137,
8,0,k,t12,0.000073,
8,0,k,t13,-0.000141,
8,0,k,t14,-0.000009,
8,0,k,t15,0.000430,
8,0,v,t0,0.000000,
8,0,v,t1,0.000000,
8,0,v,t2,0.000000,
8,0,v,t3,0.000000,
8,0,v,t4,0.000000,
8,0,v,t5,0.000000,
8,0,v,t6,0.000000,
8,0,v,t7,0.000000,
8,0,v,t8,0.000000,
8,0,v,t9,0.000000,
8,0,v,t10,0.000000,
8,0,v,t11,-0.000436,
8,0,v,t12,-0.000211,
8,0,v,t13,-0.000370,
8,0,v,t14,-0.000076,
8,0,v,t15,-0.000779,
8,1,q,t0,0.000000,
8,1,q,t1,0.000000,
8,1,q,t2,0.000000,
8,1,q,t3,0.000000,
8,1,q,t4,0.000000,
8,1,q,t5,0.000000,
8,1,q,t6,0.000000,
8,1,q,t7,0.000000,
8,1,q,t8,0.000000,
8,1,q,t9,0.000000,
8,1,q,t10,0.000000,
8,1,q,t11,-0.000076,
8,1,q,t12,0.000006,
8,1,q,t13,-0.000002,
8,1,q,t14,0.000000,
8,1,q,t15,0.000819,
8,1,k,t0,0.000000,
8,1,k,t1,0.000000,
8,1,k,t2,0.000000,
8,1,k,t3,0.000000,
8,1,k,t4,0.000000,
8,1,k,t5,0.000000,
8,1,k,t6,0.000000,
8,1,k,t7,0.000000,
8,1,k,t8,0.000000,
8,1,k,t9,0.000000,
8,1,k,t10,0.000000,
8,1,k,t11,-0.000046,
8,1,k,t12,0.000013,
8,1,k,t13,-0.000015,
8,1,k,t14,-0.000003,
8,1,k,t15,-0.000016,
8,1,v,t0,0.000000,
8,1,v,t1,0.000000,
8,1,v,t2,0.000000,
8,1,v,t3,0.000000,
8,1,v,t4,0.000000,
8,1,v,t5,0.000000,
8,1,v,t6,0.000000,
8,1,v,t7,0.000000,
8,1,v,t8,0.000000,
8,1,v,t9,0.000000,
8,1,v,t10,0.000000,
8,1,v,t11,-0.000268,
8,1,v,t12,0.000003,
8,1,v,t13,-0.000000,
8,1,v,t14,0.000000,
8,1,v,t15,0.000014,
8,2,q,t0,0.000000,
8,2,q,t1,0.000000,
8,2,q,t2,0.000000,
8,2,q,t3,0.000000,
8,2,q,t4,0.000000,
8,2,q,t5,0.000000,
8,2,q,t6,0.000000,
8,2,q,t7,0.000000,
8,2,q,t8,0.000000,
8,2,q,t9,0.000000,
8,2,q,t10,0.000000,
8,2,q,t11,0.000035,
8,2,q,t12,-0.000005,
8,2,q,t13,0.000002,
8,2,q,t14,-0.000011,
8,2,q,t15,-0.001027,
8,2,k,t0,0.000000,
8,2,k,t1,0.000000,
8,2,k,t2,0.000000,
8,2,k,t3,0.000000,
8,2,k,t4,0.000000,
8,2,k,t5,0.000000,
8,2,k,t6,0.000000,
8,2,k,t7,0.000000,
8,2,k,t8,0.000000,
8,2,k,t9,0.000000,
8,2,k,t10,0.000000,
8,2,k,t11,-0.000826,
8,2,k,t12,0.000124,
8,2,k,t13,-0.000057,
8,2,k,t14,-0.000016,
8,2,k,t15,0.000191,
8,2,v,t0,0.000000,
8,2,v,t1,0.000000,
8,2,v,t2,0.000000,
8,2,v,t3,0.000000,
8,2,v,t4,0.000000,
8,2,v,t5,0.000000,
8,2,v,t6,0.000000,
8,2,v,t7,0.000000,
8,2,v,t8,0.000000,
8,2,v,t9,0.000000,
8,2,v,t10,0.000000,
8,2,v,t11,-0.003182,
8,2,v,t12,-0.000166,
8,2,v,t13,-0.000131,
8,2,v,t14,-0.000073,
8,2,v,t15,-0.000286,
8,3,q,t0,0.000000,
8,3,q,t1,0.000000,
8,3,q,t2,0.000000,
8,3,q,t3,0.000000,
8,3,q,t4,0.000000,
8,3,q,t5,0.000000,
8,3,q,t6,0.000000,
8,3,q,t7,0.000000,
8,3,q,t8,0.000000,
8,3,q,t9,0.000000,
8,3,q,t10,0.000000,
8,3,q,t11,-0.000657,
8,3,q,t12,0.000989,
8,3,q,t13,-0.000002,
8,3,q,t14,-0.000055,
8,3,q,t15,0.032723,
8,3,k,t0,0.000000,
8,3,k,t1,0.000000,
8,3,k,t2,0.000000,
8,3,k,t3,0.000000,
8,3,k,t4,0.000000,
8,3,k,t5,0.000000,
8,3,k,t6,0.000000,
8,3,k,t7,0.000000,
8,3,k,t8,0.000000,
8,3,k,t9,0.000000,
8,3,k,t10,0.000000,
8,3,k,t11,0.007859,
8,3,k,t12,0.000521,
8,3,k,t13,-0.000038,
8,3,k,t14,0.000007,
8,3,k,t15,0.000096,
8,3,v,t0,0.000000,
8,3,v,t1,0.000000,
8,3,v,t2,0.000000,
8,3,v,t3,0.000000,
8,3,v,t4,0.000000,
8,3,v,t5,0.000000,
8,3,v,t6,0.000000,
8,3,v,t7,0.000000,
8,3,v,t8,0.000000,
8,3,v,t9,0.000000,
8,3,v,t10,0.000000,
8,3,v,t11,-0.006356,
8,3,v,t12,-0.004240,
8,3,v,t13,-0.000876,
8,3,v,t14,-0.000372,
8,3,v,t15,-0.000639,
8,4,q,t0,0.000000,
8,4,q,t1,0.000000,
8,4,q,t2,0.000000,
8,4,q,t3,0.000000,
8,4,q,t4,0.000000,
8,4,q,t5,0.000000,
8,4,q,t6,0.000000,
8,4,q,t7,0.000000,
8,4,q,t8,0.000000,
8,4,q,t9,0.000000,
8,4,q,t10,0.000000,
8,4,q,t11,-0.000275,
8,4,q,t12,0.000003,
8,4,q,t13,-0.000018,
8,4,q,t14,-0.000002,
8,4,q,t15,0.000240,
8,4,k,t0,0.000000,
8,4,k,t1,0.000000,
8,4,k,t2,0.000000,
8,4,k,t3,0.000000,
8,4,k,t4,0.000000,
8,4,k,t5,0.000000,
8,4,k,t6,0.000000,
8,4,k,t7,0.000000,
8,4,k,t8,0.000000,
8,4,k,t9,0.000000,
8,4,k,t10,0.000000,
8,4,k,t11,-0.000005,
8,4,k,t12,-0.000024,
8,4,k,t13,0.000048,
8,4,k,t14,0.000012,
8,4,k,t15,-0.000022,
8,4,v,t0,0.000000,
8,4,v,t1,0.000000,
8,4,v,t2,0.000000,
8,4,v,t3,0.000000,
8,4,v,t4,0.000000,
8,4,v,t5,0.000000,
8,4,v,t6,0.000000,
8,4,v,t7,0.000000,
8,4,v,t8,0.000000,
8,4,v,t9,0.000000,
8,4,v,t10,0.000000,
8,4,v,t11,-0.000083,
8,4,v,t12,0.000116,
8,4,v,t13,-0.000073,
8,4,v,t14,-0.000090,
8,4,v,t15,0.000197,
8,5,q,t0,0.000000,
8,5,q,t1,0.000000,
8,5,q,t2,0.000000,
8,5,q,t3,0.000000,
8,5,q,t4,0.000000,
8,5,q,t5,0.000000,
8,5,q,t6,0.000000,
8,5,q,t7,0.000000,
8,5,q,t8,0.000000,
8,5,q,t9,0.000000,
8,5,q,t10,0.000000,
8,5,q,t11,0.000674,
8,5,q,t12,-0.000068,
8,5,q,t13,0.000003,
8,5,q,t14,-0.000002,
8,5,q,t15,0.000951,
8,5,k,t0,0.000000,
8,5,k,t1,0.000000,
8,5,k,t2,0.000000,
8,5,k,t3,0.000000,
8,5,k,t4,0.000000,
8,5,k,t5,0.000000,
8,5,k,t6,0.000000,
8,5,k,t7,0.000000,
8,5,k,t8,0.000000,
8,5,k,t9,0.000000,
8,5,k,t10,0.000000,
8,5,k,t11,0.000532,
8,5,k,t12,0.001374,
8,5,k,t13,0.000009,
8,5,k,t14,0.000016,
8,5,k,t15,0.000030,
8,5,v,t0,0.000000,
8,5,v,t1,0.000000,
8,5,v,t2,0.000000,
8,5,v,t3,0.000000,
8,5,v,t4,0.000000,
8,5,v,t5,0.000000,
8,5,v,t6,0.000000,
8,5,v,t7,0.000000,
8,5,v,t8,0.000000,
8,5,v,t9,0.000000,
8,5,v,t10,0.000000,
8,5,v,t11,-0.005562,
8,5,v,t12,0.002910,
8,5,v,t13,-0.000179,
8,5,v,t14,-0.000162,
8,5,v,t15,0.000345,
8,6,q,t0,0.000000,s-inhibition
8,6,q,t1,0.000000,s-inhibition
8,6,q,t2,0.000000,s-inhibition
8,6,q,t3,0.000000,s-inhibition
8,6,q,t4,0.000000,s-inhibition
8,6,q,t5,0.000000,s-inhibition
8,6,q,t6,0.000000,s-inhibition
8,6,q,t7,0.000000,s-inhibition
8,6,q,t8,0.000000,s-inhibition
8,6,q,t9,0.000000,s-inhibition
8,6,q,t10,0.000000,s-inhibition
8,6,q,t11,0.000197,s-inhibition
8,6,q,t12,-0.000756,s-inhibition
8,6,q,t13,0.000002,s-inhibition
8,6,q,t14,0.000001,s-inhibition
8,6,q,t15,-0.008605,s-inhibition
8,6,k,t0,0.000000,s-inhibition
8,6,k,t1,0.000000,s-inhibition
8,6,k,t2,0.000000,s-inhibition
8,6,k,t3,0.000000,s-inhibition
8,6,k,t4,0.000000,s-inhibition
8,6,k,t5,0.000000,s-inhibition
8,6,k,t6,0.000000,s-inhibition
8,6,k,t7,0.000000,s-inhibition
8,6,k,t8,0.000000,s-inhibition
8,6,k,t9,0.000000,s-inhibition
8,6,k,t10,0.000000,s-inhibition
8,6,k,t11,-0.000405,s-inhibition
8,6,k,t12,0.000002,s-inhibition
8,6,k,t13,-0.000001,s-inhibition
8,6,k,t14,0.000013,s-inhibition
8,6,k,t15,-0.000025,s-inhibition
8,6,v,t0,0.000000,s-inhibition
8,6,v,t1,0.000000,s-inhibition
8,6,v,t2,0.000000,s-inhibition
8,6,v,t3,0.000000,s-inhibition
8,6,v,t4,0.000000,s-inhibition
8,6,v,t5,0.000000,s-inhibition
8,6,v,t6,0.000000,s-inhibition
8,6,v,t7,0.000000,s-inhibition
8,6,v,t8,0.000000,s-inhibition
8,6,v,t9,0.000000,s-inhibition
8,6,v,t10,0.000000,s-inhibition
8,6,v,t11,0.184935,s-inhibition
8,6,v,t12,0.000072,s-inhibition
8,6,v,t13,0.000063,s-inhibition
8,6,v,t14,0.000018,s-inhibition
8,6,v,t15,0.000024,s-inhibition
8,7,q,t0,0.000000,
8,7,q,t1,0.000000,
8,7,q,t2,0.000000,
8,7,q,t3,0.000000,
8,7,q,t4,0.000000,
8,7,q,t5,0.000000,
8,7,q,t6,0.000000,
8,7,q,t7,0.000000,
8,7,q,t8,0.000000,
8,7,q,t9,0.000000,
8,7,q,t10,0.000000,
8,7,q,t11,-0.000346,
8,7,q,t12,0.000001,
8,7,q,t13,0.000010,
8,7,q,t14,-0.000013,
8,7,q,t15,-0.000212,
8,7,k,t0,0.000000,
8,7,k,t1,0.000000,
8,7,k,t2,0.000000,
8,7,k,t3,0.000000,
8,7,k,t4,0.000000,
8,7,k,t5,0.000000,
8,7,k,t6,0.000000,
8,7,k,t7,0.000000,
8,7,k,t8,0.000000,
8,7,k,t9,0.000000,
8,7,k,t10,0.000000,
8,7,k,t11,-0.000005,
8,7,k,t12,0.000064,
8,7,k,t13,-0.000000,
8,7,k,t14,0.000078,
8,7,k,t15,0.000160,
8,7,v,t0,0.000000,
8,7,v,t1,0.000000,
8,7,v,t2,0.000000,
8,7,v,t3,0.000000,
8,7,v,t4,0.000000,
8,7,v,t5,0.000000,
8,7,v,t6,0.000000,
8,7,v,t7,0.000000,
8,7,v,t8,0.000000,
8,7,v,t9,0.000000,
8,7,v,t10,0.000000,
8,7,v,t11,-0.000052,
8,7,v,t12,0.000456,
8,7,v,t13,-0.000399,
8,7,v,t14,-0.000382,
8,7,v,t15,0.003796,
8,8,q,t0,0.000000,
8,8,q,t1,0.000000,
8,8,q,t2,0.000000,
8,8,q,t3,0.000000,
8,8,q,t4,0.000000,
8,8,q,t5,0.000000,
8,8,q,t6,0.000000,
8,8,q,t7,0.000000,
8,8,q,t8,0.000000,
8,8,q,t9,0.000000,
8,8,q,t10,0.000000,
8,8,q,t11,-0.000596,
8,8,q,t12,0.000096,
8,8,q,t13,0.000019,
8,8,q,t14,0.000017,
8,8,q,t15,0.000888,
8,8,k,t0,0.000000,
8,8,k,t1,0.000000,
8,8,k,t2,0.000000,
8,8,k,t3,0.000000,
8,8,k,t4,0.000000,
8,8,k,t5,0.000000,
8,8,k,t6,0.000000,
8,8,k,t7,0.000000,
8,8,k,t8,0.000000,
8,8,k,t9,0.000000,
8,8,k,t10,0.000000,
8,8,k,t11,-0.000159,
8,8,k,t12,-0.000021,
8,8,k,t13,-0.000028,
8,8,k,t14,0.000094,
8,8,k,t15,0.000079,
8,8,v,t0,0.000000,
8,8,v,t1,0.000000,
8,8,v,t2,0.000000,
8,8,v,t3,0.000000,
8,8,v,t4,0.000000,
8,8,v,t5,0.000000,
8,8,v,t6,0.000000,
8,8,v,t7,0.000000,
8,8,v,t8,0.000000,
8,8,v,t9,0.000000,
8,8,v,t10,0.000000,
8,8,v,t11,-0.000856,
8,8,v,t12,0.000121,
8,8,v,t13,-0.000019,
8,8,v,t14,-0.000011,
8,8,v,t15,0.000226,
8,9,q,t0,0.000000,
8,9,q,t1,0.000000,
8,9,q,t2,0.000000,
8,9,q,t3,0.000000,
8,9,q,t4,0.000000,
8,9,q,t5,0.000000,
8,9,q,t6,0.000000,
8,9,q,t7,0.000000,
8,9,q,t8,0.000000,
8,9,q,t9,0.000000,
8,9,q,t10,0.000000,
8,9,q,t11,-0.001196,
8,9,q,t12,0.000082,
8,9,q,t13,0.000026,
8,9,q,t14,0.000039,
8,9,q,t15,0.000408,
8,9,k,t0,0.000000,
8,9,k,t1,0.000000,
8,9,k,t2,0.000000,
8,9,k,t3,0.000000,
8,9,k,t4,0.000000,
8,9,k,t5,0.000000,
8,9,k,t6,0.000000,
8,9,k,t7,0.000000,
8,9,k,t8,0.000000,
8,9,k,t9,0.000000,
8,9,k,t10,0.000000,
8,9,k,t11,0.000054,
8,9,k,t12,-0.000028,
8,9,k,t13,-0.000100,
8,9,k,t14,-0.000090,
8,9,k,t15,-0.000207,
8,9,v,t0,0.000000,
8,9,v,t1,0.000000,
8,9,v,t2,0.000000,
8,9,v,t3,0.000000,
8,9,v,t4,0.000000,
8,9,v,t5,0.000000,
8,9,v,t6,0.000000,
8,9,v,t7,0.000000,
8,9,v,t8,0.000000,
8,9,v,t9,0.000000,
8,9,v,t10,0.000000,
8,9,v,t11,0.001131,
8,9,v,t12,0.000173,
8,9,v,t13,0.000126,
8,9,v,t14,0.000122,
8,9,v,t15,-0.001374,
8,10,q,t0,0.000000,s-inhibition
8,10,q,t1,0.000000,s-inhibition
8,10,q,t2,0.000000,s-inhibition
8,10,q,t3,0.000000,s-inhibition
8,10,q,t4,0.000000,s-inhibition
8,10,q,t5,0.000000,s-inhibition
8,10,q,t6,0.000000,s-inhibition
8,10,q,t7,0.000000,s-inhibition
8,10,q,t8,0.000000,s-inhibition
8,10,q,t9,0.000000,s-inhibition
8,10,q,t10,0.000000,s-inhibition
8,10,q,t11,-0.002240,s-inhibition
8,10,q,t12,-0.001296,s-inhibition
8,10,q,t13,-0.000024,s-inhibition
8,10,q,t14,-0.000078,s-inhibition
8,10,q,t15,-0.058027,s-inhibition
8,10,k,t0,0.000000,s-inhibition
8,10,k,t1,0.000000,s-inhibition
8,10,k,t2,0.000000,s-inhibition
8,10,k,t3,0.000000,s-inhibition
8,10,k,t4,0.000000,s-inhibition
8,10,k,t5,0.000000,s-inhibition
8,10,k,t6,0.000000,s-inhibition
8,10,k,t7,0.000000,s-inhibition
8,10,k,t8,0.000000,s-inhibition
8,10,k,t9,0.000000,s-inhibition
8,10,k,t10,0.000000,s-inhibition
8,10,k,t11,-0.018970,s-inhibition
8,10,k,t12,-0.001155,s-inhibition
8,10,k,t13,-0.000441,s-inhibition
8,10,k,t14,-0.000049,s-inhibition
8,10,k,t15,-0.000305,s-inhibition
8,10,v,t0,0.000000,s-inhibition
8,10,v,t1,0.000000,s-inhibition
8,10,v,t2,0.000000,s-inhibition
8,10,v,t3,0.000000,s-inhibition
8,10,v,t4,0.000000,s-inhibition
8,10,v,t5,0.000000,s-inhibition
8,10,v,t6,0.000000,s-inhibition
8,10,v,t7,0.000000,s-inhibition
8,10,v,t8,0.000000,s-inhibition
8,10,v,t9,0.000000,s-inhibition
8,10,v,t10,0.000000,s-inhibition
8,10,v,t11,0.209247,s-inhibition
8,10,v,t12,0.010214,s-inhibition
8,10,v,t13,0.002237,s-inhibition
8,10,v,t14,0.000784,s-inhibition
8,10,v,t15,0.001276,s-inhibition
8,11,q,t0,0.000000,
8,11,q,t1,0.000000,
8,11,q,t2,0.000000,
8,11,q,t3,0.000000,
8,11,q,t4,0.000000,
8,11,q,t5,0.000000,
8,11,q,t6,0.000000,
8,11,q,t7,0.000000,
8,11,q,t8,0.000000,
8,11,q,t9,0.000000,
8,11,q,t10,0.000000,
8,11,q,t11,0.000132,
8,11,q,t12,0.000048,
8,11,q,t13,0.000030,
8,11,q,t14,0.000071,
8,11,q,t15,0.009235,
8,11,k,t0,0.000000,
8,11,k,t1,0.000000,
8,11,k,t2,0.000000,
8,11,k,t3,0.000000,
8,11,k,t4,0.000000,
8,11,k,t5,0.000000,
8,11,k,t6,0.000000,
8,11,k,t7,0.000000,
8,11,k,t8,0.000000,
8,11,k,t9,0.000000,
8,11,k,t10,0.000000,
8,11,k,t11,-0.001066,
8,11,k,t12,0.000008,
8,11,k,t13,0.000012,
8,11,k,t14,0.000055,
8,11,k,t15,-0.000063,
8,11,v,t0,0.000000,
8,11,v,t1,0.000000,
8,11,v,t2,0.000000,
8,11,v,t3,0.000000,
8,11,v,t4,0.000000,
8,11,v,t5,0.000000,
8,11,v,t6,0.000000,
8,11,v,t7,0.000000,
8,11,v,t8,0.000000,
8,11,v,t9,0.000000,
8,11,v,t10,0.000000,
8,11,v,t11,-0.003717,
8,11,v,t12,-0.000209,
8,11,v,t13,-0.000208,
8,11,v,t14,-0.000110,
8,11,v,t15,0.000060,
9,0,q,t0,0.000000,backup name mover
9,0,q,t1,0.000000,backup name mover
9,0,q,t2,0.000000,backup name mover
9,0,q,t3,0.000000,backup name mover
9,0,q,t4,0.000000,backup name mover
9,0,q,t5,0.000000,backup name mover
9,0,q,t6,0.000000,backup name mover
9,0,q,t7,0.000000,backup name mover
9,0,q,t8,0.000000,backup name mover
9,0,q,t9,0.000000,backup name mover
9,0,q,t10,0.000000,backup name mover
9,0,q,t11,-0.000349,backup name mover
9,0,q,t12,0.000069,backup name mover
9,0,q,t13,-0.000011,backup name mover
9,0,q,t14,-0.000006,backup name mover
9,0,q,t15,0.003670,backup name mover
9,0,k,t0,0.000000,backup name mover
9,0,k,t1,0.000000,backup name mover
9,0,k,t2,0.000000,backup name mover
9,0,k,t3,0.000000,backup name mover
9,0,k,t4,0.000000,backup name mover
9,0,k,t5,0.000000,backup name mover
9,0,k,t6,0.000000,backup name mover
9,0,k,t7,0.000000,backup name mover
9,0,k,t8,0.000000,backup name mover
9,0,k,t9,0.000000,backup name mover
9,0,k,t10,0.000000,backup name mover
9,0,k,t11,0.001176,backup name mover
9,0,k,t12,-0.000010,backup name mover
9,0,k,t13,-0.000000,backup name mover
9,0,k,t14,-0.000048,backup name mover
9,0,k,t15,0.000008,backup name mover
9,0,v,t0,0.000000,backup name mover
9,0,v,t1,0.000000,backup name mover
9,0,v,t2,0.000000,backup name mover
9,0,v,t3,0.000000,backup name mover
9,0,v,t4,0.000000,backup name mover
9,0,v,t5,0.000000,backup name mover
9,0,v,t6,0.000000,backup name mover
9,0,v,t7,0.000000,backup name mover
9,0,v,t8,0.000000,backup name mover
9,0,v,t9,0.000000,backup name mover
9,0,v,t10,0.000000,backup name mover
9,0,v,t11,-0.002011,backup name mover
9,0,v,t12,0.000000,backup name mover
9,0,v,t13,-0.000005,backup name mover
9,0,v,t14,-0.000055,backup name mover
9,0,v,t15,0.000005,backup name mover
9,1,q,t0,0.000000,
9,1,q,t1,0.000000,
9,1,q,t2,0.000000,
9,1,q,t3,0.000000,
9,1,q,t4,0.000000,
9,1,q,t5,0.000000,
9,1,q,t6,0.000000,
9,1,q,t7,0.000000,
9,1,q,t8,0.000000,
9,1,q,t9,0.000000,
9,1,q,t10,0.000000,
9,1,q,t11,0.000179,
9,1,q,t12,-0.000015,
9,1,q,t13,-0.000001,
9,1,q,t14,-0.000000,
9,1,q,t15,-0.001184,
9,1,k,t0,0.000000,
9,1,k,t1,0.000000,
9,1,k,t2,0.000000,
9,1,k,t3,0.000000,
9,1,k,t4,0.000000,
9,1,k,t5,0.000000,
9,1,k,t6,0.000000,
9,1,k,t7,0.000000,
9,1,k,t8,0.000000,
9,1,k,t9,0.000000,
9,1,k,t10,0.000000,
9,1,k,t11,-0.000046,
9,1,k,t12,-0.000002,
9,1,k,t13,-0.000012,
9,1,k,t14,0.000004,
9,1,k,t15,0.000018,
9,1,v,t0,0.000000,
9,1,v,t1,0.000000,
9,1,v,t2,0.000000,
9,1,v,t3,0.000000,
9,1,v,t4,0.000000,
9,1,v,t5,0.000000,
9,1,v,t6,0.000000,
9,1,v,t7,0.000000,
9,1,v,t8,0.000000,
9,1,v,t9,0.000000,
9,1,v,t10,0.000000,
9,1,v,t11,0.000237,
9,1,v,t12,-0.000007,
9,1,v,t13,-0.000003,
9,1,v,t14,-0.000000,
9,1,v,t15,-0.000041,
9,2,q,t0,0.000000,
9,2,q,t1,0.000000,
9,2,q,t2,0.000000,
9,2,q,t3,0.000000,
9,2,q,t4,0.000000,
9,2,q,t5,0.000000,
9,2,q,t6,0.000000,
9,2,q,t7,0.000000,
9,2,q,t8,0.000000,
9,2,q,t9,0.000000,
9,2,q,t10,0.000000,
9,2,q,t11,-0.000185,
9,2,q,t12,0.000154,
9,2,q,t13,0.000002,
9,2,q,t14,0.000005,
9,2,q,t15,0.011071,
9,2,k,t0,0.000000,
9,2,k,t1,0.000000,
9,2,k,t2,0.000000,
9,2,k,t3,0.000000,
9,2,k,t4,0.000000,
9,2,k,t5,0.000000,
9,2,k,t6,0.000000,
9,2,k,t7,0.000000,
9,2,k,t8,0.000000,
9,2,k,t9,0.000000,
9,2,k,t10,0.000000,
9,2,k,t11,0.000113,
9,2,k,t12,0.000031,
9,2,k,t13,-0.000003,
9,2,k,t14,0.000006,
9,2,k,t15,-0.000001,
9,2,v,t0,0.000000,
9,2,v,t1,0.000000,
9,2,v,t2,0.000000,
9,2,v,t3,0.000000,
9,2,v,t4,0.000000,
9,2,v,t5,0.000000,
9,2,v,t6,0.000000,
9,2,v,t7,0.000000,
9,2,v,t8,0.000000,
9,2,v,t9,0.000000,
9,2,v,t10,0.000000,
9,2,v,t11,-0.003162,
9,2,v,t12,-0.000108,
9,2,v,t13,-0.000080,
9,2,v,t14,-0.000169,
9,2,v,t15,0.000037,
9,3,q,t0,0.000000,
9,3,q,t1,0.000000,
9,3,q,t2,0.000000,
9,3,q,t3,0.000000,
9,3,q,t4,0.000000,
9,3,q,t5,0.000000,
9,3,q,t6,0.000000,
9,3,q,t7,0.000000,
9,3,q,t8,0.000000,
9,3,q,t9,0.000000,
9,3,q,t10,0.000000,
9,3,q,t11,-0.000641,
9,3,q,t12,0.000045,
9,3,q,t13,0.000010,
9,3,q,t14,-0.000009,
9,3,q,t15,-0.002350,
9,3,k,t0,0.000000,
9,3,k,t1,0.000000,
9,3,k,t2,0.000000,
9,3,k,t3,0.000000,
9,3,k,t4,0.000000,
9,3,k,t5,0.000000,
9,3,k,t6,0.000000,
9,3,k,t7,0.000000,
9,3,k,t8,0.000000,
9,3,k,t9,0.000000,
9,3,k,t10,0.000000,
9,3,k,t11,0.000163,
9,3,k,t12,-0.000297,
9,3,k,t13,0.000070,
9,3,k,t14,0.000269,
9,3,k,t15,-0.000790,
9,3,v,t0,0.000000,
9,3,v,t1,0.000000,
9,3,v,t2,0.000000,
9,3,v,t3,0.000000,
9,3,v,t4,0.000000,
9,3,v,t5,0.000000,
9,3,v,t6,0.000000,
9,3,v,t7,0.000000,
9,3,v,t8,0.000000,
9,3,v,t9,0.000000,
9,3,v,t10,0.000000,
9,3,v,t11,-0.000774,
9,3,v,t12,0.010730,
9,3,v,t13,0.000030,
9,3,v,t14,0.000538,
9,3,v,t15,0.011377,
9,4,q,t0,0.000000,
9,4,q,t1,0.000000,
9,4,q,t2,0.000000,
9,4,q,t3,0.000000,
9,4,q,t4,0.000000,
9,4,q,t5,0.000000,
9,4,q,t6,0.000000,
9,4,q,t7,0.000000,
9,4,q,t8,0.000000,
9,4,q,t9,0.000000,
9,4,q,t10,0.000000,
9,4,q,t11,0.000401,
9,4,q,t12,-0.000110,
9,4,q,t13,0.000000,
9,4,q,t14,0.000003,
9,4,q,t15,-0.006145,
9,4,k,t0,0.000000,
9,4,k,t1,0.000000,
9,4,k,t2,0.000000,
9,4,k,t3,0.000000,
9,4,k,t4,0.000000,
9,4,k,t5,0.000000,
9,4,k,t6,0.000000,
9,4,k,t7,0.000000,
9,4,k,t8,0.000000,
9,4,k,t9,0.000000,
9,4,k,t10,0.000000,
9,4,k,t11,0.002849,
9,4,k,t12,0.000191,
9,4,k,t13,0.000012,
9,4,k,t14,0.000011,
9,4,k,t15,-0.000247,
9,4,v,t0,0.000000,
9,4,v,t1,0.000000,
9,4,v,t2,0.000000,
9,4,v,t3,0.000000,
9,4,v,t4,0.000000,
9,4,v,t5,0.000000,
9,4,v,t6,0.000000,
9,4,v,t7,0.000000,
9,4,v,t8,0.000000,
9,4,v,t9,0.000000,
9,4,v,t10,0.000000,
9,4,v,t11,-0.001428,
9,4,v,t12,-0.002510,
9,4,v,t13,-0.000867,
9,4,v,t14,-0.000233,
9,4,v,t15,-0.005054,
9,5,q,t0,0.000000,
9,5,q,t1,0.000000,
9,5,q,t2,0.000000,
9,5,q,t3,0.000000,
9,5,q,t4,0.000000,
9,5,q,t5,0.000000,
9,5,q,t6,0.000000,
9,5,q,t7,0.000000,
9,5,q,t8,0.000000,
9,5,q,t9,0.000000,
9,5,q,t10,0.000000,
9,5,q,t11,-0.000261,
9,5,q,t12,-0.000196,
9,5,q,t13,0.000002,
9,5,q,t14,0.000002,
9,5,q,t15,0.002499,
9,5,k,t0,0.000000,
9,5,k,t1,0.000000,
9,5,k,t2,0.000000,
9,5,k,t3,0.000000,
9,5,k,t4,0.000000,
9,5,k,t5,0.000000,
9,5,k,t6,0.000000,
9,5,k,t7,0.000000,
9,5,k,t8,0.000000,
9,5,k,t9,0.000000,
9,5,k,t10,0.000000,
9,5,k,t11,0.000951,
9,5,k,t12,-0.000354,
9,5,k,t13,0.000011,
9,5,k,t14,-0.000022,
9,5,k,t15,-0.000076,
9,5,v,t0,0.000000,
9,5,v,t1,0.000000,
9,5,v,t2,0.000000,
9,5,v,t3,0.000000,
9,5,v,t4,0.000000,
9,5,v,t5,0.000000,
9,5,v,t6,0.000000,
9,5,v,t7,0.000000,
9,5,v,t8,0.000000,
9,5,v,t9,0.000000,
9,5,v,t10,0.000000,
9,5,v,t11,0.011832,
9,5,v,t12,0.004452,
9,5,v,t13,0.000264,
9,5,v,t14,0.000465,
9,5,v,t15,0.000698,
9,6,q,t0,0.000000,name mover
9,6,q,t1,0.000000,name mover
9,6,q,t2,0.000000,name mover
9,6,q,t3,0.000000,name mover
9,6,q,t4,0.000000,name mover
9,6,q,t5,0.000000,name mover
9,6,q,t6,0.000000,name mover
9,6,q,t7,0.000000,name mover
9,6,q,t8,0.000000,name mover
9,6,q,t9,0.000000,name mover
9,6,q,t10,0.000000,name mover
9,6,q,t11,0.000074,name mover
9,6,q,t12,-0.000358,name mover
9,6,q,t13,0.000002,name mover
9,6,q,t14,0.000002,name mover
9,6,q,t15,-0.099464,name mover
9,6,k,t0,0.000000,name mover
9,6,k,t1,0.000000,name mover
9,6,k,t2,0.000000,name mover
9,6,k,t3,0.000000,name mover
9,6,k,t4,0.000000,name mover
9,6,k,t5,0.000000,name mover
9,6,k,t6,0.000000,name mover
9,6,k,t7,0.000000,name mover
9,6,k,t8,0.000000,name mover
9,6,k,t9,0.000000,name mover
9,6,k,t10,0.000000,name mover
9,6,k,t11,0.002047,name mover
9,6,k,t12,0.000003,name mover
9,6,k,t13,0.000003,name mover
9,6,k,t14,-0.000002,name mover
9,6,k,t15,0.000027,name mover
9,6,v,t0,0.000000,name mover
9,6,v,t1,0.000000,name mover
9,6,v,t2,0.000000,name mover
9,6,v,t3,0.000000,name mover
9,6,v,t4,0.000000,name mover
9,6,v,t5,0.000000,name mover
9,6,v,t6,0.000000,name mover
9,6,v,t7,0.000000,name mover
9,6,v,t8,0.000000,name mover
9,6,v,t9,0.000000,name mover
9,6,v,t10,0.000000,name mover
9,6,v,t11,0.000373,name mover
9,6,v,t12,-0.000004,name mover
9,6,v,t13,0.000005,name mover
9,6,v,t14,0.000000,name mover
9,6,v,t15,-0.000012,name mover
9,7,q,t0,0.000000,backup name mover
9,7,q,t1,0.000000,backup name mover
9,7,q,t2,0.000000,backup name mover
9,7,q,t3,0.000000,backup name mover
9,7,q,t4,0.000000,backup name mover
9,7,q,t5,0.000000,backup name mover
9,7,q,t6,0.000000,backup name mover
9,7,q,t7,0.000000,backup name mover
9,7,q,t8,0.000000,backup name mover
9,7,q,t9,0.000000,backup name mover
9,7,q,t10,0.000000,backup name mover
9,7,q,t11,-0.000629,backup name mover
9,7,q,t12,-0.001338,backup name mover
9,7,q,t13,-0.000028,backup name mover
9,7,q,t14,-0.000022,backup name mover
9,7,q,t15,-0.037976,backup name mover
9,7,k,t0,0.000000,backup name mover
9,7,k,t1,0.000000,backup name mover
9,7,k,t2,0.000000,backup name mover
9,7,k,t3,0.000000,backup name mover
9,7,k,t4,0.000000,backup name mover
9,7,k,t5,0.000000,backup name mover
9,7,k,t6,0.000000,backup name mover
9,7,k,t7,0.000000,backup name mover
9,7,k,t8,0.000000,backup name mover
9,7,k,t9,0.000000,backup name mover
9,7,k,t10,0.000000,backup name mover
9,7,k,t11,-0.002922,backup name mover
9,7,k,t12,-0.000506,backup name mover
9,7,k,t13,-0.000086,backup name mover
9,7,k,t14,0.000008,backup name mover
9,7,k,t15,0.000007,backup name mover
9,7,v,t0,0.000000,backup name mover
9,7,v,t1,0.000000,backup name mover
9,7,v,t2,0.000000,backup name mover
9,7,v,t3,0.000000,backup name mover
9,7,v,t4,0.000000,backup name mover
9,7,v,t5,0.000000,backup name mover
9,7,v,t6,0.000000,backup name mover
9,7,v,t7,0.000000,backup name mover
9,7,v,t8,0.000000,backup name mover
9,7,v,t9,0.000000,backup name mover
9,7,v,t10,0.000000,backup name mover
9,7,v,t11,0.080639,backup name mover
9,7,v,t12,0.003186,backup name mover
9,7,v,t13,0.000830,backup name mover
9,7,v,t14,0.000213,backup name mover
9,7,v,t15,0.000057,backup name mover
9,8,q,t0,0.000000,
9,8,q,t1,0.000000,
9,8,q,t2,0.000000,
9,8,q,t3,0.000000,
9,8,q,t4,0.000000,
9,8,q,t5,0.000000,
9,8,q,t6,0.000000,
9,8,q,t7,0.000000,
9,8,q,t8,0.000000,
9,8,q,t9,0.000000,
9,8,q,t10,0.000000,
9,8,q,t11,-0.000021,
9,8,q,t12,-0.000004,
9,8,q,t13,-0.000005,
9,8,q,t14,0.000005,
9,8,q,t15,0.001946,
9,8,k,t0,0.000000,
9,8,k,t1,0.000000,
9,8,k,t2,0.000000,
9,8,k,t3,0.000000,
9,8,k,t4,0.000000,
9,8,k,t5,0.000000,
9,8,k,t6,0.000000,
9,8,k,t7,0.000000,
9,8,k,t8,0.000000,
9,8,k,t9,0.000000,
9,8,k,t10,0.000000,
9,8,k,t11,0.002348,
9,8,k,t12,0.000001,
9,8,k,t13,-0.000002,
9,8,k,t14,-0.000010,
9,8,k,t15,0.000020,
9,8,v,t0,0.000000,
9,8,v,t1,0.000000,
9,8,v,t2,0.000000,
9,8,v,t3,0.000000,
9,8,v,t4,0.000000,
9,8,v,t5,0.000000,
9,8,v,t6,0.000000,
9,8,v,t7,0.000000,
9,8,v,t8,0.000000,
9,8,v,t9,0.000000,
9,8,v,t10,0.000000,
9,8,v,t11,-0.005903,
9,8,v,t12,-0.000019,
9,8,v,t13,-0.000004,
9,8,v,t14,-0.000037,
9,8,v,t15,-0.000020,
9,9,q,t0,0.000000,name mover
9,9,q,t1,0.000000,name mover
9,9,q,t2,0.000000,name mover
9,9,q,t3,0.000000,name mover
9,9,q,t4,0.000000,name mover
9,9,q,t5,0.000000,name mover
9,9,q,t6,0.000000,name mover
9,9,q,t7,0.000000,name mover
9,9,q,t8,0.000000,name mover
9,9,q,t9,0.000000,name mover
9,9,q,t10,0.000000,name mover
9,9,q,t11,0.000005,name mover
9,9,q,t12,0.002190,name mover
9,9,q,t13,0.000001,name mover
9,9,q,t14,0.000002,name mover
9,9,q,t15,0.159090,name mover
9,9,k,t0,0.000000,name mover
9,9,k,t1,0.000000,name mover
9,9,k,t2,0.000000,name mover
9,9,k,t3,0.000000,name mover
9,9,k,t4,0.000000,name mover
9,9,k,t5,0.000000,name mover
9,9,k,t6,0.000000,name mover
9,9,k,t7,0.000000,name mover
9,9,k,t8,0.000000,name mover
9,9,k,t9,0.000000,name mover
9,9,k,t10,0.000000,name mover
9,9,k,t11,0.025798,name mover
9,9,k,t12,0.000002,name mover
9,9,k,t13,-0.000004,name mover
9,9,k,t14,-0.000001,name mover
9,9,k,t15,-0.000047,name mover
9,9,v,t0,0.000000,name mover
9,9,v,t1,0.000000,name mover
9,9,v,t2,0.000000,name mover
9,9,v,t3,0.000000,name mover
9,9,v,t4,0.000000,name mover
9,9,v,t5,0.000000,name mover
9,9,v,t6,0.000000,name mover
9,9,v,t7,0.000000,name mover
9,9,v,t8,0.000000,name mover
9,9,v,t9,0.000000,name mover
9,9,v,t10,0.000000,name mover
9,9,v,t11,-0.015550,name mover
9,9,v,t12,-0.000007,name mover
9,9,v,t13,-0.000003,name mover
9,9,v,t14,0.000000,name mover
9,9,v,t15,-0.000016,name mover
9,10,q,t0,0.000000,
9,10,q,t1,0.000000,
9,10,q,t2,0.000000,
9,10,q,t3,0.000000,
9,10,q,t4,0.000000,
9,10,q,t5,0.000000,
9,10,q,t6,0.000000,
9,10,q,t7,0.000000,
9,10,q,t8,0.000000,
9,10,q,t9,0.000000,
9,10,q,t10,0.000000,
9,10,q,t11,0.000173,
9,10,q,t12,0.000003,
9,10,q,t13,0.000005,
9,10,q,t14,0.000004,
9,10,q,t15,0.000195,
9,10,k,t0,0.000000,
9,10,k,t1,0.000000,
9,10,k,t2,0.000000,
9,10,k,t3,0.000000,
9,10,k,t4,0.000000,
9,10,k,t5,0.000000,
9,10,k,t6,0.000000,
9,10,k,t7,0.000000,
9,10,k,t8,0.000000,
9,10,k,t9,0.000000,
9,10,k,t10,0.000000,
9,10,k,t11,0.000025,
9,10,k,t12,-0.000012,
9,10,k,t13,-0.000004,
9,10,k,t14,0.000008,
9,10,k,t15,0.000032,
9,10,v,t0,0.000000,
9,10,v,t1,0.000000,
9,10,v,t2,0.000000,
9,10,v,t3,0.000000,
9,10,v,t4,0.000000,
9,10,v,t5,0.000000,
9,10,v,t6,0.000000,
9,10,v,t7,0.000000,
9,10,v,t8,0.000000,
9,10,v,t9,0.000000,
9,10,v,t10,0.000000,
9,10,v,t11,-0.000084,
9,10,v,t12,0.000156,
9,10,v,t13,0.000015,
9,10,v,t14,-0.000024,
9,10,v,t15,0.000179,
9,11,q,t0,0.000000,
9,11,q,t1,0.000000,
9,11,q,t2,0.000000,
9,11,q,t3,0.000000,
9,11,q,t4,0.000000,
9,11,q,t5,0.000000,
9,11,q,t6,0.000000,
9,11,q,t7,0.000000,
9,11,q,t8,0.000000,
9,11,q,t9,0.000000,
9,11,q,t10,0.000000,
9,11,q,t11,-0.000017,
9,11,q,t12,-0.000020,
9,11,q,t13,-0.000000,
9,11,q,t14,-0.000003,
9,11,q,t15,0.000690,
9,11,k,t0,0.000000,
9,11,k,t1,0.000000,
9,11,k,t2,0.000000,
9,11,k,t3,0.000000,
9,11,k,t4,0.000000,
9,11,k,t5,0.000000,
9,11,k,t6,0.000000,
9,11,k,t7,0.000000,
9,11,k,t8,0.000000,
9,11,k,t9,0.000000,
9,11,k,t10,0.000000,
9,11,k,t11,-0.000017,
9,11,k,t12,-0.000009,
9,11,k,t13,0.000005,
9,11,k,t14,0.000015,
9,11,k,t15,-0.000014,
9,11,v,t0,0.000000,
9,11,v,t1,0.000000,
9,11,v,t2,0.000000,
9,11,v,t3,0.000000,
9,11,v,t4,0.000000,
9,11,v,t5,0.000000,
9,11,v,t6,0.000000,
9,11,v,t7,0.000000,
9,11,v,t8,0.000000,
9,11,v,t9,0.000000,
9,11,v,t10,0.000000,
9,11,v,t11,-0.001484,
9,11,v,t12,-0.000031,
9,11,v,t13,0.000040,
9,11,v,t14,-0.000001,
9,11,v,t15,-0.000077,
10,0,q,t0,0.000000,name mover
10,0,q,t1,0.000000,name mover
10,0,q,t2,0.000000,name mover
10,0,q,t3,0.000000,name mover
10,0,q,t4,0.000000,name mover
10,0,q,t5,0.000000,name mover
10,0,q,t6,0.000000,name mover
10,0,q,t7,0.000000,name mover
10,0,q,t8,0.000000,name mover
10,0,q,t9,0.000000,name mover
10,0,q,t10,0.000000,name mover
10,0,q,t11,0.000168,name mover
10,0,q,t12,0.003504,name mover
10,0,q,t13,0.000010,name mover
10,0,q,t14,0.000012,name mover
10,0,q,t15,0.105942,name mover
10,0,k,t0,0.000000,name mover
10,0,k,t1,0.000000,name mover
10,0,k,t2,0.000000,name mover
10,0,k,t3,0.000000,name mover
10,0,k,t4,0.000000,name mover
10,0,k,t5,0.000000,name mover
10,0,k,t6,0.000000,name mover
10,0,k,t7,0.000000,name mover
10,0,k,t8,0.000000,name mover
10,0,k,t9,0.000000,name mover
10,0,k,t10,0.000000,name mover
10,0,k,t11,0.010983,name mover
10,0,k,t12,0.000003,name mover
10,0,k,t13,0.000003,name mover
10,0,k,t14,-0.000027,name mover
10,0,k,t15,-0.000037,name mover
10,0,v,t0,0.000000,name mover
10,0,v,t1,0.000000,name mover
10,0,v,t2,0.000000,name mover
10,0,v,t3,0.000000,name mover
10,0,v,t4,0.000000,name mover
10,0,v,t5,0.000000,name mover
10,0,v,t6,0.000000,name mover
10,0,v,t7,0.000000,name mover
10,0,v,t8,0.000000,name mover
10,0,v,t9,0.000000,name mover
10,0,v,t10,0.000000,name mover
10,0,v,t11,-0.019369,name mover
10,0,v,t12,0.000023,name mover
10,0,v,t13,-0.000016,name mover
10,0,v,t14,-0.000093,name mover
10,0,v,t15,0.000249,name mover
10,1,q,t0,0.000000,backup name mover
10,1,q,t1,0.000000,backup name mover
10,1,q,t2,0.000000,backup name mover
10,1,q,t3,0.000000,backup name mover
10,1,q,t4,0.000000,backup name mover
10,1,q,t5,0.000000,backup name mover
10,1,q,t6,0.000000,backup name mover
10,1,q,t7,0.000000,backup name mover
10,1,q,t8,0.000000,backup name mover
10,1,q,t9,0.000000,backup name mover
10,1,q,t10,0.000000,backup name mover
10,1,q,t11,0.000189,backup name mover
10,1,q,t12,0.000397,backup name mover
10,1,q,t13,0.000001,backup name mover
10,1,q,t14,0.000003,backup name mover
10,1,q,t15,0.031796,backup name mover
10,1,k,t0,0.000000,backup name mover
10,1,k,t1,0.000000,backup name mover
10,1,k,t2,0.000000,backup name mover
10,1,k,t3,0.000000,backup name mover
10,1,k,t4,0.000000,backup name mover
10,1,k,t5,0.000000,backup name mover
10,1,k,t6,0.000000,backup name mover
10,1,k,t7,0.000000,backup name mover
10,1,k,t8,0.000000,backup name mover
10,1,k,t9,0.000000,backup name mover
10,1,k,t10,0.000000,backup name mover
10,1,k,t11,0.003089,backup name mover
10,1,k,t12,-0.000005,backup name mover
10,1,k,t13,-0.000001,backup name mover
10,1,k,t14,-0.000008,backup name mover
10,1,k,t15,0.000002,backup name mover
10,1,v,t0,0.000000,backup name mover
10,1,v,t1,0.000000,backup name mover
10,1,v,t2,0.000000,backup name mover
10,1,v,t3,0.000000,backup name mover
10,1,v,t4,0.000000,backup name mover
10,1,v,t5,0.000000,backup name mover
10,1,v,t6,0.000000,backup name mover
10,1,v,t7,0.000000,backup name mover
10,1,v,t8,0.000000,backup name mover
10,1,v,t9,0.000000,backup name mover
10,1,v,t10,0.000000,backup name mover
10,1,v,t11,-0.005799,backup name mover
10,1,v,t12,0.000006,backup name mover
10,1,v,t13,-0.000002,backup name mover
10,1,v,t14,-0.000007,backup name mover
10,1,v,t15,0.000036,backup name mover
10,2,q,t0,0.000000,backup name mover
10,2,q,t1,0.000000,backup name mover
10,2,q,t2,0.000000,backup name mover
10,2,q,t3,0.000000,backup name mover
10,2,q,t4,0.000000,backup name mover
10,2,q,t5,0.000000,backup name mover
10,2,q,t6,0.000000,backup name mover
10,2,q,t7,0.000000,backup name mover
10,2,q,t8,0.000000,backup name mover
10,2,q,t9,0.000000,backup name mover
10,2,q,t10,0.000000,backup name mover
10,2,q,t11,0.000040,backup name mover
10,2,q,t12,0.000623,backup name mover
10,2,q,t13,0.000002,backup name mover
10,2,q,t14,0.000005,backup name mover
10,2,q,t15,0.025731,backup name mover
10,2,k,t0,0.000000,backup name mover
10,2,k,t1,0.000000,backup name mover
10,2,k,t2,0.000000,backup name mover
10,2,k,t3,0.000000,backup name mover
10,2,k,t4,0.000000,backup name mover
10,2,k,t5,0.000000,backup name mover
10,2,k,t6,0.000000,backup name mover
10,2,k,t7,0.000000,backup name mover
10,2,k,t8,0.000000,backup name mover
10,2,k,t9,0.000000,backup name mover
10,2,k,t10,0.000000,backup name mover
10,2,k,t11,-0.001190,backup name mover
10,2,k,t12,0.000008,backup name mover
10,2,k,t13,0.000011,backup name mover
10,2,k,t14,-0.000002,backup name mover
10,2,k,t15,0.000064,backup name mover
10,2,v,t0,0.000000,backup name mover
10,2,v,t1,0.000000,backup name mover
10,2,v,t2,0.000000,backup name mover
10,2,v,t3,0.000000,backup name mover
10,2,v,t4,0.000000,backup name mover
10,2,v,t5,0.000000,backup name mover
10,2,v,t6,0.000000,backup name mover
10,2,v,t7,0.000000,backup name mover
10,2,v,t8,0.000000,backup name mover
10,2,v,t9,0.000000,backup name mover
10,2,v,t10,0.000000,backup name mover
10,2,v,t11,-0.018080,backup name mover
10,2,v,t12,-0.000158,backup name mover
10,2,v,t13,-0.000027,backup name mover
10,2,v,t14,-0.000013,backup name mover
10,2,v,t15,-0.000264,backup name mover
10,3,q,t0,0.000000,
10,3,q,t1,0.000000,
10,3,q,t2,0.000000,
10,3,q,t3,0.000000,
10,3,q,t4,0.000000,
10,3,q,t5,0.000000,
10,3,q,t6,0.000000,
10,3,q,t7,0.000000,
10,3,q,t8,0.000000,
10,3,q,t9,0.000000,
10,3,q,t10,0.000000,
10,3,q,t11,-0.000130,
10,3,q,t12,0.000382,
10,3,q,t13,0.000002,
10,3,q,t14,0.000001,
10,3,q,t15,0.009134,
10,3,k,t0,0.000000,
10,3,k,t1,0.000000,
10,3,k,t2,0.000000,
10,3,k,t3,0.000000,
10,3,k,t4,0.000000,
10,3,k,t5,0.000000,
10,3,k,t6,0.000000,
10,3,k,t7,0.000000,
10,3,k,t8,0.000000,
10,3,k,t9,0.000000,
10,3,k,t10,0.000000,
10,3,k,t11,0.001693,
10,3,k,t12,0.000012,
10,3,k,t13,-0.000001,
10,3,k,t14,-0.000003,
10,3,k,t15,-0.000044,
10,3,v,t0,0.000000,
10,3,v,t1,0.000000,
10,3,v,t2,0.000000,
10,3,v,t3,0.000000,
10,3,v,t4,0.000000,
10,3,v,t5,0.000000,
10,3,v,t6,0.000000,
10,3,v,t7,0.000000,
10,3,v,t8,0.000000,
10,3,v,t9,0.000000,
10,3,v,t10,0.000000,
10,3,v,t11,-0.005648,
10,3,v,t12,-0.000029,
10,3,v,t13,-0.000013,
10,3,v,t14,-0.000001,
10,3,v,t15,-0.000008,
10,4,q,t0,0.000000,
10,4,q,t1,0.000000,
10,4,q,t2,0.000000,
10,4,q,t3,0.000000,
10,4,q,t4,0.000000,
10,4,q,t5,0.000000,
10,4,q,t6,0.000000,
10,4,q,t7,0.000000,
10,4,q,t8,0.000000,
10,4,q,t9,0.000000,
10,4,q,t10,0.000000,
10,4,q,t11,-0.000084,
10,4,q,t12,-0.000038,
10,4,q,t13,0.000001,
10,4,q,t14,0.000000,
10,4,q,t15,0.000154,
10,4,k,t0,0.000000,
10,4,k,t1,0.000000,
10,4,k,t2,0.000000,
10,4,k,t3,0.000000,
10,4,k,t4,0.000000,
10,4,k,t5,0.000000,
10,4,k,t6,0.000000,
10,4,k,t7,0.000000,
10,4,k,t8,0.000000,
10,4,k,t9,0.000000,
10,4,k,t10,0.000000,
10,4,k,t11,0.000154,
10,4,k,t12,-0.000004,
10,4,k,t13,0.000005,
10,4,k,t14,0.000009,
10,4,k,t15,0.000033,
10,4,v,t0,0.000000,
10,4,v,t1,0.000000,
10,4,v,t2,0.000000,
10,4,v,t3,0.000000,
10,4,v,t4,0.000000,
10,4,v,t5,0.000000,
10,4,v,t6,0.000000,
10,4,v,t7,0.000000,
10,4,v,t8,0.000000,
10,4,v,t9,0.000000,
10,4,v,t10,0.000000,
10,4,v,t11,-0.000497,
10,4,v,t12,-0.000004,
10,4,v,t13,-0.000049,
10,4,v,t14,-0.000022,
10,4,v,t15,0.000099,
10,5,q,t0,0.000000,
10,5,q,t1,0.000000,
10,5,q,t2,0.000000,
10,5,q,t3,0.000000,
10,5,q,t4,0.000000,
10,5,q,t5,0.000000,
10,5,q,t6,0.000000,
10,5,q,t7,0.000000,
10,5,q,t8,0.000000,
10,5,q,t9,0.000000,
10,5,q,t10,0.000000,
10,5,q,t11,0.000010,
10,5,q,t12,0.000030,
10,5,q,t13,-0.000001,
10,5,q,t14,-0.000005,
10,5,q,t15,-0.000682,
10,5,k,t0,0.000000,
10,5,k,t1,0.000000,
10,5,k,t2,0.000000,
10,5,k,t3,0.000000,
10,5,k,t4,0.000000,
10,5,k,t5,0.000000,
10,5,k,t6,0.000000,
10,5,k,t7,0.000000,
10,5,k,t8,0.000000,
10,5,k,t9,0.000000,
10,5,k,t10,0.000000,
10,5,k,t11,-0.000090,
10,5,k,t12,0.000039,
10,5,k,t13,0.000027,
10,5,k,t14,0.000031,
10,5,k,t15,0.000006,
10,5,v,t0,0.000000,
10,5,v,t1,0.000000,
10,5,v,t2,0.000000,
10,5,v,t3,0.000000,
10,5,v,t4,0.000000,
10,5,v,t5,0.000000,
10,5,v,t6,0.000000,
10,5,v,t7,0.000000,
10,5,v,t8,0.000000,
10,5,v,t9,0.000000,
10,5,v,t10,0.000000,
10,5,v,t11,0.000037,
10,5,v,t12,0.000159,
10,5,v,t13,-0.000008,
10,5,v,t14,-0.000008,
10,5,v,t15,0.000106,
10,6,q,t0,0.000000,backup name mover
10,6,q,t1,0.000000,backup name mover
10,6,q,t2,0.000000,backup name mover
10,6,q,t3,0.000000,backup name mover
10,6,q,t4,0.000000,backup name mover
10,6,q,t5,0.000000,backup name mover
10,6,q,t6,0.000000,backup name mover
10,6,q,t7,0.000000,backup name mover
10,6,q,t8,0.000000,backup name mover
10,6,q,t9,0.000000,backup name mover
10,6,q,t10,0.000000,backup name mover
10,6,q,t11,0.000138,backup name mover
10,6,q,t12,0.001741,backup name mover
10,6,q,t13,0.000003,backup name mover
10,6,q,t14,0.000004,backup name mover
10,6,q,t15,0.063460,backup name mover
10,6,k,t0,0.000000,backup name mover
10,6,k,t1,0.000000,backup name mover
10,6,k,t2,0.000000,backup name mover
10,6,k,t3,0.000000,backup name mover
10,6,k,t4,0.000000,backup name mover
10,6,k,t5,0.000000,backup name mover
10,6,k,t6,0.000000,backup name mover
10,6,k,t7,0.000000,backup name mover
10,6,k,t8,0.000000,backup name mover
10,6,k,t9,0.000000,backup name mover
10,6,k,t10,0.000000,backup name mover
10,6,k,t11,0.005550,backup name mover
10,6,k,t12,0.000007,backup name mover
10,6,k,t13,0.000003,backup name mover
10,6,k,t14,0.000007,backup name mover
10,6,k,t15,-0.000030,backup name mover
10,6,v,t0,0.000000,backup name mover
10,6,v,t1,0.000000,backup name mover
10,6,v,t2,0.000000,backup name mover
10,6,v,t3,0.000000,backup name mover
10,6,v,t4,0.000000,backup name mover
10,6,v,t5,0.000000,backup name mover
10,6,v,t6,0.000000,backup name mover
10,6,v,t7,0.000000,backup name mover
10,6,v,t8,0.000000,backup name mover
10,6,v,t9,0.000000,backup name mover
10,6,v,t10,0.000000,backup name mover
10,6,v,t11,-0.013756,backup name mover
10,6,v,t12,-0.000006,backup name mover
10,6,v,t13,-0.000003,backup name mover
10,6,v,t14,-0.000009,backup name mover
10,6,v,t15,0.000031,backup name mover
10,7,q,t0,0.000000,negative name mover
10,7,q,t1,0.000000,negative name mover
10,7,q,t2,0.000000,negative name mover
10,7,q,t3,0.000000,negative name mover
10,7,q,t4,0.000000,negative name mover
10,7,q,t5,0.000000,negative name mover
10,7,q,t6,0.000000,negative name mover
10,7,q,t7,0.000000,negative name mover
10,7,q,t8,0.000000,negative name mover
10,7,q,t9,0.000000,negative name mover
10,7,q,t10,0.000000,negative name mover
10,7,q,t11,-0.000448,negative name mover
10,7,q,t12,-0.004578,negative name mover
10,7,q,t13,-0.000003,negative name mover
10,7,q,t14,0.000004,negative name mover
10,7,q,t15,-0.536369,negative name mover
10,7,k,t0,0.000000,negative name mover
10,7,k,t1,0.000000,negative name mover
10,7,k,t2,0.000000,negative name mover
10,7,k,t3,0.000000,negative name mover
10,7,k,t4,0.000000,negative name mover
10,7,k,t5,0.000000,negative name mover
10,7,k,t6,0.000000,negative name mover
10,7,k,t7,0.000000,negative name mover
10,7,k,t8,0.000000,negative name mover
10,7,k,t9,0.000000,negative name mover
10,7,k,t10,0.000000,negative name mover
10,7,k,t11,-0.133129,negative name mover
10,7,k,t12,-0.000036,negative name mover
10,7,k,t13,-0.000015,negative name mover
10,7,k,t14,-0.000005,negative name mover
10,7,k,t15,-0.000104,negative name mover
10,7,v,t0,0.000000,negative name mover
10,7,v,t1,0.000000,negative name mover
10,7,v,t2,0.000000,negative name mover
10,7,v,t3,0.000000,negative name mover
10,7,v,t4,0.000000,negative name mover
10,7,v,t5,0.000000,negative name mover
10,7,v,t6,0.000000,negative name mover
10,7,v,t7,0.000000,negative name mover
10,7,v,t8,0.000000,negative name mover
10,7,v,t9,0.000000,negative name mover
10,7,v,t10,0.000000,negative name mover
10,7,v,t11,0.021462,negative name mover
10,7,v,t12,0.000069,negative name mover
10,7,v,t13,0.000023,negative name mover
10,7,v,t14,-0.000002,negative name mover
10,7,v,t15,0.000046,negative name mover
10,8,q,t0,0.000000,
10,8,q,t1,0.000000,
10,8,q,t2,0.000000,
10,8,q,t3,0.000000,
10,8,q,t4,0.000000,
10,8,q,t5,0.000000,
10,8,q,t6,0.000000,
10,8,q,t7,0.000000,
10,8,q,t8,0.000000,
10,8,q,t9,0.000000,
10,8,q,t10,0.000000,
10,8,q,t11,-0.000037,
10,8,q,t12,0.000004,
10,8,q,t13,-0.000000,
10,8,q,t14,0.000000,
10,8,q,t15,-0.000042,
10,8,k,t0,0.000000,
10,8,k,t1,0.000000,
10,8,k,t2,0.000000,
10,8,k,t3,0.000000,
10,8,k,t4,0.000000,
10,8,k,t5,0.000000,
10,8,k,t6,0.000000,
10,8,k,t7,0.000000,
10,8,k,t8,0.000000,
10,8,k,t9,0.000000,
10,8,k,t10,0.000000,
10,8,k,t11,0.000005,
10,8,k,t12,0.000020,
10,8,k,t13,0.000005,
10,8,k,t14,0.000000,
10,8,k,t15,-0.000012,
10,8,v,t0,0.000000,
10,8,v,t1,0.000000,
10,8,v,t2,0.000000,
10,8,v,t3,0.000000,
10,8,v,t4,0.000000,
10,8,v,t5,0.000000,
10,8,v,t6,0.000000,
10,8,v,t7,0.000000,
10,8,v,t8,0.000000,
10,8,v,t9,0.000000,
10,8,v,t10,0.000000,
10,8,v,t11,0.000164,
10,8,v,t12,0.000010,
10,8,v,t13,-0.000006,
10,8,v,t14,-0.000000,
10,8,v,t15,-0.000059,
10,9,q,t0,0.000000,
10,9,q,t1,0.000000,
10,9,q,t2,0.000000,
10,9,q,t3,0.000000,
10,9,q,t4,0.000000,
10,9,q,t5,0.000000,
10,9,q,t6,0.000000,
10,9,q,t7,0.000000,
10,9,q,t8,0.000000,
10,9,q,t9,0.000000,
10,9,q,t10,0.000000,
10,9,q,t11,0.000104,
10,9,q,t12,-0.000178,
10,9,q,t13,0.000001,
10,9,q,t14,-0.000004,
10,9,q,t15,-0.001768,
10,9,k,t0,0.000000,
10,9,k,t1,0.000000,
10,9,k,t2,0.000000,
10,9,k,t3,0.000000,
10,9,k,t4,0.000000,
10,9,k,t5,0.000000,
10,9,k,t6,0.000000,
10,9,k,t7,0.000000,
10,9,k,t8,0.000000,
10,9,k,t9,0.000000,
10,9,k,t10,0.000000,
10,9,k,t11,-0.001080,
10,9,k,t12,-0.001888,
10,9,k,t13,-0.000267,
10,9,k,t14,-0.000044,
10,9,k,t15,-0.000479,
10,9,v,t0,0.000000,
10,9,v,t1,0.000000,
10,9,v,t2,0.000000,
10,9,v,t3,0.000000,
10,9,v,t4,0.000000,
10,9,v,t5,0.000000,
10,9,v,t6,0.000000,
10,9,v,t7,0.000000,
10,9,v,t8,0.000000,
10,9,v,t9,0.000000,
10,9,v,t10,0.000000,
10,9,v,t11,0.001929,
10,9,v,t12,0.003949,
10,9,v,t13,0.001038,
10,9,v,t14,0.000431,
10,9,v,t15,0.003589,
10,10,q,t0,0.000000,backup name mover
10,10,q,t1,0.000000,backup name mover
10,10,q,t2,0.000000,backup name mover
10,10,q,t3,0.000000,backup name mover
10,10,q,t4,0.000000,backup name mover
10,10,q,t5,0.000000,backup name mover
10,10,q,t6,0.000000,backup name mover
10,10,q,t7,0.000000,backup name mover
10,10,q,t8,0.000000,backup name mover
10,10,q,t9,0.000000,backup name mover
10,10,q,t10,0.000000,backup name mover
10,10,q,t11,0.000228,backup name mover
10,10,q,t12,0.001522,backup name mover
10,10,q,t13,0.000002,backup name mover
10,10,q,t14,0.000006,backup name mover
10,10,q,t15,0.047213,backup name mover
10,10,k,t0,0.000000,backup name mover
10,10,k,t1,0.000000,backup name mover
10,10,k,t2,0.000000,backup name mover
10,10,k,t3,0.000000,backup name mover
10,10,k,t4,0.000000,backup name mover
10,10,k,t5,0.000000,backup name mover
10,10,k,t6,0.000000,backup name mover
10,10,k,t7,0.000000,backup name mover
10,10,k,t8,0.000000,backup name mover
10,10,k,t9,0.000000,backup name mover
10,10,k,t10,0.000000,backup name mover
10,10,k,t11,0.002034,backup name mover
10,10,k,t12,0.000003,backup name mover
10,10,k,t13,0.000008,backup name mover
10,10,k,t14,0.000002,backup name mover
10,10,k,t15,-0.000113,backup name mover
10,10,v,t0,0.000000,backup name mover
10,10,v,t1,0.000000,backup name mover
10,10,v,t2,0.000000,backup name mover
10,10,v,t3,0.000000,backup name mover
10,10,v,t4,0.000000,backup name mover
10,10,v,t5,0.000000,backup name mover
10,10,v,t6,0.000000,backup name mover
10,10,v,t7,0.000000,backup name mover
10,10,v,t8,0.000000,backup name mover
10,10,v,t9,0.000000,backup name mover
10,10,v,t10,0.000000,backup name mover
10,10,v,t11,-0.006586,backup name mover
10,10,v,t12,-0.000051,backup name mover
10,10,v,t13,-0.000010,backup name mover
10,10,v,t14,-0.000009,backup name mover
10,10,v,t15,-0.000071,backup name mover
10,11,q,t0,0.000000,
10,11,q,t1,0.000000,
10,11,q,t2,0.000000,
10,11,q,t3,0.000000,
10,11,q,t4,0.000000,
10,11,q,t5,0.000000,
10,11,q,t6,0.000000,
10,11,q,t7,0.000000,
10,11,q,t8,0.000000,
10,11,q,t9,0.000000,
10,11,q,t10,0.000000,
10,11,q,t11,-0.000013,
10,11,q,t12,0.000069,
10,11,q,t13,0.000009,
10,11,q,t14,-0.000000,
10,11,q,t15,0.003331,
10,11,k,t0,0.000000,
10,11,k,t1,0.000000,
10,11,k,t2,0.000000,
10,11,k,t3,0.000000,
10,11,k,t4,0.000000,
10,11,k,t5,0.000000,
10,11,k,t6,0.000000,
10,11,k,t7,0.000000,
10,11,k,t8,0.000000,
10,11,k,t9,0.000000,
10,11,k,t10,0.000000,
10,11,k,t11,0.000514,
10,11,k,t12,-0.000042,
10,11,k,t13,0.000004,
10,11,k,t14,0.000001,
10,11,k,t15,-0.000141,
10,11,v,t0,0.000000,
10,11,v,t1,0.000000,
10,11,v,t2,0.000000,
10,11,v,t3,0.000000,
10,11,v,t4,0.000000,
10,11,v,t5,0.000000,
10,11,v,t6,0.000000,
10,11,v,t7,0.000000,
10,11,v,t8,0.000000,
10,11,v,t9,0.000000,
10,11,v,t10,0.000000,
10,11,v,t11,-0.002253,
10,11,v,t12,0.000317,
10,11,v,t13,-0.000027,
10,11,v,t14,-0.000012,
10,11,v,t15,0.001287,
11,0,q,t0,0.000000,
11,0,q,t1,0.000000,
11,0,q,t2,0.000000,
11,0,q,t3,0.000000,
11,0,q,t4,0.000000,
11,0,q,t5,0.000000,
11,0,q,t6,0.000000,
11,0,q,t7,0.000000,
11,0,q,t8,0.000000,
11,0,q,t9,0.000000,
11,0,q,t10,0.000000,
11,0,q,t11,0.000000,
11,0,q,t12,0.000000,
11,0,q,t13,0.000000,
11,0,q,t14,0.000000,
11,0,q,t15,-0.002247,
11,0,k,t0,0.000000,
11,0,k,t1,0.000000,
11,0,k,t2,0.000000,
11,0,k,t3,0.000000,
11,0,k,t4,0.000000,
11,0,k,t5,0.000000,
11,0,k,t6,0.000000,
11,0,k,t7,0.000000,
11,0,k,t8,0.000000,
11,0,k,t9,0.000000,
11,0,k,t10,0.000000,
11,0,k,t11,-0.000337,
11,0,k,t12,0.000013,
11,0,k,t13,0.000003,
11,0,k,t14,0.000025,
11,0,k,t15,-0.000086,
11,0,v,t0,0.000000,
11,0,v,t1,0.000000,
11,0,v,t2,0.000000,
11,0,v,t3,0.000000,
11,0,v,t4,0.000000,
11,0,v,t5,0.000000,
11,0,v,t6,0.000000,
11,0,v,t7,0.000000,
11,0,v,t8,0.000000,
11,0,v,t9,0.000000,
11,0,v,t10,0.000000,
11,0,v,t11,0.004324,
11,0,v,t12,0.000087,
11,0,v,t13,-0.000069,
11,0,v,t14,-0.000059,
11,0,v,t15,0.000070,
11,1,q,t0,0.000000,
11,1,q,t1,0.000000,
11,1,q,t2,0.000000,
11,1,q,t3,0.000000,
11,1,q,t4,0.000000,
11,1,q,t5,0.000000,
11,1,q,t6,0.000000,
11,1,q,t7,0.000000,
11,1,q,t8,0.000000,
11,1,q,t9,0.000000,
11,1,q,t10,0.000000,
11,1,q,t11,0.000000,
11,1,q,t12,0.000000,
11,1,q,t13,0.000000,
11,1,q,t14,0.000000,
11,1,q,t15,0.007795,
11,1,k,t0,0.000000,
11,1,k,t1,0.000000,
11,1,k,t2,0.000000,
11,1,k,t3,0.000000,
11,1,k,t4,0.000000,
11,1,k,t5,0.000000,
11,1,k,t6,0.000000,
11,1,k,t7,0.000000,
11,1,k,t8,0.000000,
11,1,k,t9,0.000000,
11,1,k,t10,0.000000,
11,1,k,t11,0.001092,
11,1,k,t12,0.000170,
11,1,k,t13,0.000059,
11,1,k,t14,0.000003,
11,1,k,t15,0.000048,
11,1,v,t0,0.000000,
11,1,v,t1,0.000000,
11,1,v,t2,0.000000,
11,1,v,t3,0.000000,
11,1,v,t4,0.000000,
11,1,v,t5,0.000000,
11,1,v,t6,0.000000,
11,1,v,t7,0.000000,
11,1,v,t8,0.000000,
11,1,v,t9,0.000000,
11,1,v,t10,0.000000,
11,1,v,t11,-0.014310,
11,1,v,t12,0.000440,
11,1,v,t13,-0.000122,
11,1,v,t14,-0.000013,
11,1,v,t15,0.002228,
11,2,q,t0,0.000000,backup name mover
11,2,q,t1,0.000000,backup name mover
11,2,q,t2,0.000000,backup name mover
11,2,q,t3,0.000000,backup name mover
11,2,q,t4,0.000000,backup name mover
11,2,q,t5,0.000000,backup name mover
11,2,q,t6,0.000000,backup name mover
11,2,q,t7,0.000000,backup name mover
11,2,q,t8,0.000000,backup name mover
11,2,q,t9,0.000000,backup name mover
11,2,q,t10,0.000000,backup name mover
11,2,q,t11,0.000000,backup name mover
11,2,q,t12,0.000000,backup name mover
11,2,q,t13,0.000000,backup name mover
11,2,q,t14,0.000000,backup name mover
11,2,q,t15,-0.089319,backup name mover
11,2,k,t0,0.000000,backup name mover
11,2,k,t1,0.000000,backup name mover
11,2,k,t2,0.000000,backup name mover
11,2,k,t3,0.000000,backup name mover
11,2,k,t4,0.000000,backup name mover
11,2,k,t5,0.000000,backup name mover
11,2,k,t6,0.000000,backup name mover
11,2,k,t7,0.000000,backup name mover
11,2,k,t8,0.000000,backup name mover
11,2,k,t9,0.000000,backup name mover
11,2,k,t10,0.000000,backup name mover
11,2,k,t11,-0.007130,backup name mover
11,2,k,t12,-0.000019,backup name mover
11,2,k,t13,-0.000011,backup name mover
11,2,k,t14,0.000010,backup name mover
11,2,k,t15,-0.000004,backup name mover
11,2,v,t0,0.000000,backup name mover
11,2,v,t1,0.000000,backup name mover
11,2,v,t2,0.000000,backup name mover
11,2,v,t3,0.000000,backup name mover
11,2,v,t4,0.000000,backup name mover
11,2,v,t5,0.000000,backup name mover
11,2,v,t6,0.000000,backup name mover
11,2,v,t7,0.000000,backup name mover
11,2,v,t8,0.000000,backup name mover
11,2,v,t9,0.000000,backup name mover
11,2,v,t10,0.000000,backup name mover
11,2,v,t11,-0.048684,backup name mover
11,2,v,t12,0.000496,backup name mover
11,2,v,t13,-0.000028,backup name mover
11,2,v,t14,-0.000036,backup name mover
11,2,v,t15,0.001694,backup name mover
11,3,q,t0,0.000000,
11,3,q,t1,0.000000,
11,3,q,t2,0.000000,
11,3,q,t3,0.000000,
11,3,q,t4,0.000000,
11,3,q,t5,0.000000,
11,3,q,t6,0.000000,
11,3,q,t7,0.000000,
11,3,q,t8,0.000000,
11,3,q,t9,0.000000,
11,3,q,t10,0.000000,
11,3,q,t11,0.000000,
11,3,q,t12,0.000000,
11,3,q,t13,0.000000,
11,3,q,t14,0.000000,
11,3,q,t15,-0.004735,
11,3,k,t0,0.000000,
11,3,k,t1,0.000000,
11,3,k,t2,0.000000,
11,3,k,t3,0.000000,
11,3,k,t4,0.000000,
11,3,k,t5,0.000000,
11,3,k,t6,0.000000,
11,3,k,t7,0.000000,
11,3,k,t8,0.000000,
11,3,k,t9,0.000000,
11,3,k,t10,0.000000,
11,3,k,t11,-0.000116,
11,3,k,t12,0.000009,
11,3,k,t13,-0.000008,
11,3,k,t14,0.000068,
11,3,k,t15,-0.000660,
11,3,v,t0,0.000000,
11,3,v,t1,0.000000,
11,3,v,t2,0.000000,
11,3,v,t3,0.000000,
11,3,v,t4,0.000000,
11,3,v,t5,0.000000,
11,3,v,t6,0.000000,
11,3,v,t7,0.000000,
11,3,v,t8,0.000000,
11,3,v,t9,0.000000,
11,3,v,t10,0.000000,
11,3,v,t11,-0.001043,
11,3,v,t12,0.004539,
11,3,v,t13,-0.000104,
11,3,v,t14,-0.000291,
11,3,v,t15,0.008551,
11,4,q,t0,0.000000,
11,4,q,t1,0.000000,
11,4,q,t2,0.000000,
11,4,q,t3,0.000000,
11,4,q,t4,0.000000,
11,4,q,t5,0.000000,
11,4,q,t6,0.000000,
11,4,q,t7,0.000000,
11,4,q,t8,0.000000,
11,4,q,t9,0.000000,
11,4,q,t10,0.000000,
11,4,q,t11,0.000000,
11,4,q,t12,0.000000,
11,4,q,t13,0.000000,
11,4,q,t14,0.000000,
11,4,q,t15,-0.000316,
11,4,k,t0,0.000000,
11,4,k,t1,0.000000,
11,4,k,t2,0.000000,
11,4,k,t3,0.000000,
11,4,k,t4,0.000000,
11,4,k,t5,0.000000,
11,4,k,t6,0.000000,
11,4,k,t7,0.000000,
11,4,k,t8,0.000000,
11,4,k,t9,0.000000,
11,4,k,t10,0.000000,
11,4,k,t11,0.000201,
11,4,k,t12,-0.000016,
11,4,k,t13,0.000012,
11,4,k,t14,0.000000,
11,4,k,t15,-0.000016,
11,4,v,t0,0.000000,
11,4,v,t1,0.000000,
11,4,v,t2,0.000000,
11,4,v,t3,0.000000,
11,4,v,t4,0.000000,
11,4,v,t5,0.000000,
11,4,v,t6,0.000000,
11,4,v,t7,0.000000,
11,4,v,t8,0.000000,
11,4,v,t9,0.000000,
11,4,v,t10,0.000000,
11,4,v,t11,0.001166,
11,4,v,t12,0.000021,
11,4,v,t13,0.000044,
11,4,v,t14,0.000004,
11,4,v,t15,0.000008,
11,5,q,t0,0.000000,
11,5,q,t1,0.000000,
11,5,q,t2,0.000000,
11,5,q,t3,0.000000,
11,5,q,t4,0.000000,
11,5,q,t5,0.000000,
11,5,q,t6,0.000000,
11,5,q,t7,0.000000,
11,5,q,t8,0.000000,
11,5,q,t9,0.000000,
11,5,q,t10,0.000000,
11,5,q,t11,0.000000,
11,5,q,t12,0.000000,
11,5,q,t13,0.000000,
11,5,q,t14,0.000000,
11,5,q,t15,-0.001613,
11,5,k,t0,0.000000,
11,5,k,t1,0.000000,
11,5,k,t2,0.000000,
11,5,k,t3,0.000000,
11,5,k,t4,0.000000,
11,5,k,t5,0.000000,
11,5,k,t6,0.000000,
11,5,k,t7,0.000000,
11,5,k,t8,0.000000,
11,5,k,t9,0.000000,
11,5,k,t10,0.000000,
11,5,k,t11,0.000051,
11,5,k,t12,0.000001,
11,5,k,t13,-0.000001,
11,5,k,t14,0.000000,
11,5,k,t15,0.000037,
11,5,v,t0,0.000000,
11,5,v,t1,0.000000,
11,5,v,t2,0.000000,
11,5,v,t3,0.000000,
11,5,v,t4,0.000000,
11,5,v,t5,0.000000,
11,5,v,t6,0.000000,
11,5,v,t7,0.000000,
11,5,v,t8,0.000000,
11,5,v,t9,0.000000,
11,5,v,t10,0.000000,
11,5,v,t11,0.001457,
11,5,v,t12,0.000053,
11,5,v,t13,-0.000004,
11,5,v,t14,-0.000002,
11,5,v,t15,0.000134,
11,6,q,t0,0.000000,
11,6,q,t1,0.000000,
11,6,q,t2,0.000000,
11,6,q,t3,0.000000,
11,6,q,t4,0.000000,
11,6,q,t5,0.000000,
11,6,q,t6,0.000000,
11,6,q,t7,0.000000,
11,6,q,t8,0.000000,
11,6,q,t9,0.000000,
11,6,q,t10,0.000000,
11,6,q,t11,0.000000,
11,6,q,t12,0.000000,
11,6,q,t13,0.000000,
11,6,q,t14,0.000000,
11,6,q,t15,-0.003987,
11,6,k,t0,0.000000,
11,6,k,t1,0.000000,
11,6,k,t2,0.000000,
11,6,k,t3,0.000000,
11,6,k,t4,0.000000,
11,6,k,t5,0.000000,
11,6,k,t6,0.000000,
11,6,k,t7,0.000000,
11,6,k,t8,0.000000,
11,6,k,t9,0.000000,
11,6,k,t10,0.000000,
11,6,k,t11,-0.003335,
11,6,k,t12,0.000032,
11,6,k,t13,0.000004,
11,6,k,t14,0.000002,
11,6,k,t15,0.000015,
11,6,v,t0,0.000000,
11,6,v,t1,0.000000,
11,6,v,t2,0.000000,
11,6,v,t3,0.000000,
11,6,v,t4,0.000000,
11,6,v,t5,0.000000,
11,6,v,t6,0.000000,
11,6,v,t7,0.000000,
11,6,v,t8,0.000000,
11,6,v,t9,0.000000,
11,6,v,t10,0.000000,
11,6,v,t11,-0.022340,
11,6,v,t12,0.000028,
11,6,v,t13,-0.000009,
11,6,v,t14,-0.000008,
11,6,v,t15,0.000258,
11,7,q,t0,0.000000,
11,7,q,t1,0.000000,
11,7,q,t2,0.000000,
11,7,q,t3,0.000000,
11,7,q,t4,0.000000,
11,7,q,t5,0.000000,
11,7,q,t6,0.000000,
11,7,q,t7,0.000000,
11,7,q,t8,0.000000,
11,7,q,t9,0.000000,
11,7,q,t10,0.000000,
11,7,q,t11,0.000000,
11,7,q,t12,0.000000,
11,7,q,t13,0.000000,
11,7,q,t14,0.000000,
11,7,q,t15,-0.001099,
11,7,k,t0,0.000000,
11,7,k,t1,0.000000,
11,7,k,t2,0.000000,
11,7,k,t3,0.000000,
11,7,k,t4,0.000000,
11,7,k,t5,0.000000,
11,7,k,t6,0.000000,
11,7,k,t7,0.000000,
11,7,k,t8,0.000000,
11,7,k,t9,0.000000,
11,7,k,t10,0.000000,
11,7,k,t11,-0.000146,
11,7,k,t12,0.000019,
11,7,k,t13,-0.000013,
11,7,k,t14,-0.000011,
11,7,k,t15,0.000043,
11,7,v,t0,0.000000,
11,7,v,t1,0.000000,
11,7,v,t2,0.000000,
11,7,v,t3,0.000000,
11,7,v,t4,0.000000,
11,7,v,t5,0.000000,
11,7,v,t6,0.000000,
11,7,v,t7,0.000000,
11,7,v,t8,0.000000,
11,7,v,t9,0.000000,
11,7,v,t10,0.000000,
11,7,v,t11,0.002674,
11,7,v,t12,0.000466,
11,7,v,t13,0.000075,
11,7,v,t14,0.000013,
11,7,v,t15,0.000366,
11,8,q,t0,0.000000,
11,8,q,t1,0.000000,
11,8,q,t2,0.000000,
11,8,q,t3,0.000000,
11,8,q,t4,0.000000,
11,8,q,t5,0.000000,
11,8,q,t6,0.000000,
11,8,q,t7,0.000000,
11,8,q,t8,0.000000,
11,8,q,t9,0.000000,
11,8,q,t10,0.000000,
11,8,q,t11,0.000000,
11,8,q,t12,0.000000,
11,8,q,t13,0.000000,
11,8,q,t14,0.000000,
11,8,q,t15,-0.000393,
11,8,k,t0,0.000000,
11,8,k,t1,0.000000,
11,8,k,t2,0.000000,
11,8,k,t3,0.000000,
11,8,k,t4,0.000000,
11,8,k,t5,0.000000,
11,8,k,t6,0.000000,
11,8,k,t7,0.000000,
11,8,k,t8,0.000000,
11,8,k,t9,0.000000,
11,8,k,t10,0.000000,
11,8,k,t11,-0.000066,
11,8,k,t12,0.000923,
11,8,k,t13,-0.000028,
11,8,k,t14,-0.000005,
11,8,k,t15,0.000012,
11,8,v,t0,0.000000,
11,8,v,t1,0.000000,
11,8,v,t2,0.000000,
11,8,v,t3,0.000000,
11,8,v,t4,0.000000,
11,8,v,t5,0.000000,
11,8,v,t6,0.000000,
11,8,v,t7,0.000000,
11,8,v,t8,0.000000,
11,8,v,t9,0.000000,
11,8,v,t10,0.000000,
11,8,v,t11,0.000069,
11,8,v,t12,0.003303,
11,8,v,t13,-0.000020,
11,8,v,t14,0.000002,
11,8,v,t15,0.000913,
11,9,q,t0,0.000000,backup name mover
11,9,q,t1,0.000000,backup name mover
11,9,q,t2,0.000000,backup name mover
11,9,q,t3,0.000000,backup name mover
11,9,q,t4,0.000000,backup name mover
11,9,q,t5,0.000000,backup name mover
11,9,q,t6,0.000000,backup name mover
11,9,q,t7,0.000000,backup name mover
11,9,q,t8,0.000000,backup name mover
11,9,q,t9,0.000000,backup name mover
11,9,q,t10,0.000000,backup name mover
11,9,q,t11,0.000000,backup name mover
11,9,q,t12,0.000000,backup name mover
11,9,q,t13,0.000000,backup name mover
11,9,q,t14,0.000000,backup name mover
11,9,q,t15,0.005169,backup name mover
11,9,k,t0,0.000000,backup name mover
11,9,k,t1,0.000000,backup name mover
11,9,k,t2,0.000000,backup name mover
11,9,k,t3,0.000000,backup name mover
11,9,k,t4,0.000000,backup name mover
11,9,k,t5,0.000000,backup name mover
11,9,k,t6,0.000000,backup name mover
11,9,k,t7,0.000000,backup name mover
11,9,k,t8,0.000000,backup name mover
11,9,k,t9,0.000000,backup name mover
11,9,k,t10,0.000000,backup name mover
11,9,k,t11,0.000088,backup name mover
11,9,k,t12,0.000009,backup name mover
11,9,k,t13,0.000001,backup name mover
11,9,k,t14,0.000001,backup name mover
11,9,k,t15,0.000012,backup name mover
11,9,v,t0,0.000000,backup name mover
11,9,v,t1,0.000000,backup name mover
11,9,v,t2,0.000000,backup name mover
11,9,v,t3,0.000000,backup name mover
11,9,v,t4,0.000000,backup name mover
11,9,v,t5,0.000000,backup name mover
11,9,v,t6,0.000000,backup name mover
11,9,v,t7,0.000000,backup name mover
11,9,v,t8,0.000000,backup name mover
11,9,v,t9,0.000000,backup name mover
11,9,v,t10,0.000000,backup name mover
11,9,v,t11,-0.009016,backup name mover
11,9,v,t12,0.000063,backup name mover
11,9,v,t13,-0.000001,backup name mover
11,9,v,t14,-0.000003,backup name mover
11,9,v,t15,0.000108,backup name mover
11,10,q,t0,0.000000,negative name mover
11,10,q,t1,0.000000,negative name mover
11,10,q,t2,0.000000,negative name mover
11,10,q,t3,0.000000,negative name mover
11,10,q,t4,0.000000,negative name mover
11,10,q,t5,0.000000,negative name mover
11,10,q,t6,0.000000,negative name mover
11,10,q,t7,0.000000,negative name mover
11,10,q,t8,0.000000,negative name mover
11,10,q,t9,0.000000,negative name mover
11,10,q,t10,0.000000,negative name mover
11,10,q,t11,0.000000,negative name mover
11,10,q,t12,0.000000,negative name mover
11,10,q,t13,0.000000,negative name mover
11,10,q,t14,0.000000,negative name mover
11,10,q,t15,-0.345222,negative name mover
11,10,k,t0,0.000000,negative name mover
11,10,k,t1,0.000000,negative name mover
11,10,k,t2,0.000000,negative name mover
11,10,k,t3,0.000000,negative name mover
11,10,k,t4,0.000000,negative name mover
11,10,k,t5,0.000000,negative name mover
11,10,k,t6,0.000000,negative name mover
11,10,k,t7,0.000000,negative name mover
11,10,k,t8,0.000000,negative name mover
11,10,k,t9,0.000000,negative name mover
11,10,k,t10,0.000000,negative name mover
11,10,k,t11,-0.095434,negative name mover
11,10,k,t12,-0.000572,negative name mover
11,10,k,t13,-0.000017,negative name mover
11,10,k,t14,-0.000006,negative name mover
11,10,k,t15,-0.000277,negative name mover
11,10,v,t0,0.000000,negative name mover
11,10,v,t1,0.000000,negative name mover
11,10,v,t2,0.000000,negative name mover
11,10,v,t3,0.000000,negative name mover
11,10,v,t4,0.000000,negative name mover
11,10,v,t5,0.000000,negative name mover
11,10,v,t6,0.000000,negative name mover
11,10,v,t7,0.000000,negative name mover
11,10,v,t8,0.000000,negative name mover
11,10,v,t9,0.000000,negative name mover
11,10,v,t10,0.000000,negative name mover
11,10,v,t11,0.046070,negative name mover
11,10,v,t12,0.001940,negative name mover
11,10,v,t13,0.000020,negative name mover
11,10,v,t14,0.000005,negative name mover
11,10,v,t15,0.001486,negative name mover
11,11,q,t0,0.000000,
11,11,q,t1,0.000000,
11,11,q,t2,0.000000,
11,11,q,t3,0.000000,
11,11,q,t4,0.000000,
11,11,q,t5,0.000000,
11,11,q,t6,0.000000,
11,11,q,t7,0.000000,
11,11,q,t8,0.000000,
11,11,q,t9,0.000000,
11,11,q,t10,0.000000,
11,11,q,t11,0.000000,
11,11,q,t12,0.000000,
11,11,q,t13,0.000000,
11,11,q,t14,0.000000,
11,11,q,t15,-0.000220,
11,11,k,t0,0.000000,
11,11,k,t1,0.000000,
11,11,k,t2,0.000000,
11,11,k,t3,0.000000,
11,11,k,t4,0.000000,
11,11,k,t5,0.000000,
11,11,k,t6,0.000000,
11,11,k,t7,0.000000,
11,11,k,t8,0.000000,
11,11,k,t9,0.000000,
11,11,k,t10,0.000000,
11,11,k,t11,-0.000408,
11,11,k,t12,0.000069,
11,11,k,t13,0.000001,
11,11,k,t14,-0.000048,
11,11,k,t15,0.000278,
11,11,v,t0,0.000000,
11,11,v,t1,0.000000,
11,11,v,t2,0.000000,
11,11,v,t3,0.000000,
11,11,v,t4,0.000000,
11,11,v,t5,0.000000,
11,11,v,t6,0.000000,
11,11,v,t7,0.000000,
11,11,v,t8,0.000000,
11,11,v,t9,0.000000,
11,11,v,t10,0.000000,
11,11,v,t11,-0.002961,
11,11,v,t12,0.001844,
11,11,v,t13,-0.000006,
11,11,v,t14,-0.000094,
11,11,v,t15,0.008403,
